
> n8n-monorepo@1.119.0 build:n8n /media/krist/CrucialX9/cursor-projects/projects/Project05/n8n
> node scripts/build-n8n.mjs


===== n8n Build & Production Preparation =====
INFO: Output Directory: /media/krist/CrucialX9/cursor-projects/projects/Project05/n8n/compiled
-----------------------------------------------
INFO: Cleaning previous output directory: /media/krist/CrucialX9/cursor-projects/projects/Project05/n8n/compiled...
INFO: Cleaning previous task runner output directory: /media/krist/CrucialX9/cursor-projects/projects/Project05/n8n/dist/task-runner-javascript...
-----------------------------------------------
INFO: Starting local application pre-build...
INFO: Running pnpm install and build...
$ cd /media/krist/CrucialX9/cursor-projects/projects/Project05/n8n && pnpm install --frozen-lockfile
$ cd /media/krist/CrucialX9/cursor-projects/projects/Project05/n8n && pnpm build

> n8n-monorepo@1.119.0 build /media/krist/CrucialX9/cursor-projects/projects/Project05/n8n
> turbo run build

turbo 2.5.4

[2m• Packages in scope: @n8n/ai-workflow-builder, @n8n/api-types, @n8n/backend-common, @n8n/backend-test-utils, @n8n/chat, @n8n/client-oauth2, @n8n/codemirror-lang, @n8n/codemirror-lang-sql, @n8n/composables, @n8n/config, @n8n/constants, @n8n/create-node, @n8n/db, @n8n/decorators, @n8n/design-system, @n8n/di, @n8n/errors, @n8n/eslint-config, @n8n/eslint-plugin-community-nodes, @n8n/extension-sdk, @n8n/i18n, @n8n/imap, @n8n/json-schema-to-zod, @n8n/n8n-benchmark, @n8n/n8n-extension-insights, @n8n/n8n-nodes-langchain, @n8n/node-cli, @n8n/permissions, @n8n/rest-api-client, @n8n/scan-community-package, @n8n/stores, @n8n/storybook, @n8n/stylelint-config, @n8n/task-runner, @n8n/typescript-config, @n8n/utils, @n8n/vitest-config, n8n, n8n-containers, n8n-core, n8n-editor-ui, n8n-node-dev, n8n-nodes-base, n8n-playwright, n8n-workflow[0m
[2m• Running [0m[1m[2mbuild[0m[2m in 45 packages
[0m[2m• Remote caching disabled[0m
[33mn8n-editor-ui:popularity-cache-marker: [0mcache bypass, force executing [2me8b8444235c58116[0m
[33m@n8n/stylelint-config:build: [0mcache hit, replaying logs [2m7279d67b2420b0ed[0m
[33m@n8n/stylelint-config:build: [0m
[33m@n8n/stylelint-config:build: [0m> @n8n/stylelint-config@0.0.1 build /media/krist/CrucialX9/cursor-projects/projects/Project05/n8n/packages/@n8n/stylelint-config
[33m@n8n/stylelint-config:build: [0m> tsc
[33m@n8n/stylelint-config:build: [0m
[35m@n8n/client-oauth2:build: [0mcache hit, replaying logs [2m41fa4dda33aadd44[0m
[35m@n8n/client-oauth2:build: [0m
[35m@n8n/client-oauth2:build: [0m> @n8n/client-oauth2@0.31.0 build /media/krist/CrucialX9/cursor-projects/projects/Project05/n8n/packages/@n8n/client-oauth2
[35m@n8n/client-oauth2:build: [0m> tsc -p tsconfig.build.json
[35m@n8n/client-oauth2:build: [0m
[32m@n8n/errors:build: [0mcache hit, replaying logs [2m2a829cc3f887f18c[0m
[32m@n8n/errors:build: [0m
[32m@n8n/errors:build: [0m> @n8n/errors@0.5.0 build /media/krist/CrucialX9/cursor-projects/projects/Project05/n8n/packages/@n8n/errors
[32m@n8n/errors:build: [0m> tsc -p tsconfig.build.json
[32m@n8n/errors:build: [0m
[36m@n8n/extension-sdk:build: [0mcache hit, replaying logs [2m657179cb0fbe4f57[0m
[36m@n8n/extension-sdk:build: [0m
[36m@n8n/extension-sdk:build: [0m> @n8n/extension-sdk@0.8.0 build /media/krist/CrucialX9/cursor-projects/projects/Project05/n8n/packages/@n8n/extension-sdk
[36m@n8n/extension-sdk:build: [0m> pnpm "/^typecheck:.+/" && pnpm clean && tsdown && pnpm create-json-schema
[36m@n8n/extension-sdk:build: [0m
[36m@n8n/extension-sdk:build: [0m
[36m@n8n/extension-sdk:build: [0m> @n8n/extension-sdk@0.8.0 clean /media/krist/CrucialX9/cursor-projects/projects/Project05/n8n/packages/@n8n/extension-sdk
[36m@n8n/extension-sdk:build: [0m> rimraf dist
[36m@n8n/extension-sdk:build: [0m
[36m@n8n/extension-sdk:build: [0m[34mℹ[39m tsdown [2mv0.15.6[22m powered by rolldown [2mv1.0.0-beta.50[22m
[36m@n8n/extension-sdk:build: [0m[34mℹ[39m Using tsdown config: [4m/media/krist/CrucialX9/cursor-projects/projects/Project05/n8n/packages/@n8n/extension-sdk/tsdown.config.ts[24m
[36m@n8n/extension-sdk:build: [0m[34mℹ[39m entry: [34msrc/backend/define.ts, src/backend/index.ts, src/backend/types.ts[39m
[36m@n8n/extension-sdk:build: [0m[34mℹ[39m entry: [34msrc/frontend/define.ts, src/frontend/index.ts, src/frontend/types.ts[39m
[36m@n8n/extension-sdk:build: [0m[34mℹ[39m entry: [34msrc/index.ts, src/schema.ts[39m
[36m@n8n/extension-sdk:build: [0m[34mℹ[39m tsconfig: [34mtsconfig.backend.json[39m
[36m@n8n/extension-sdk:build: [0m[34mℹ[39m tsconfig: [34mtsconfig.frontend.json[39m
[36m@n8n/extension-sdk:build: [0m[34mℹ[39m tsconfig: [34mtsconfig.common.json[39m
[36m@n8n/extension-sdk:build: [0m[34mℹ[39m Build start
[36m@n8n/extension-sdk:build: [0m[33mWarning: Invalid input options (1 issue found)
[36m@n8n/extension-sdk:build: [0m- For the "define". Invalid key: Expected never but received "define". [0m
[36m@n8n/extension-sdk:build: [0m[33mWarning: Invalid input options (1 issue found)
[36m@n8n/extension-sdk:build: [0m- For the "define". Invalid key: Expected never but received "define". [0m
[36m@n8n/extension-sdk:build: [0m[33mWarning: Invalid input options (1 issue found)
[36m@n8n/extension-sdk:build: [0m- For the "define". Invalid key: Expected never but received "define". [0m
[36m@n8n/extension-sdk:build: [0m[33mWarning: Invalid input options (1 issue found)
[36m@n8n/extension-sdk:build: [0m- For the "define". Invalid key: Expected never but received "define". [0m
[36m@n8n/extension-sdk:build: [0m[33mWarning: Invalid input options (1 issue found)
[36m@n8n/extension-sdk:build: [0m- For the "define". Invalid key: Expected never but received "define". [0m
[36m@n8n/extension-sdk:build: [0m[33mWarning: Invalid input options (1 issue found)
[36m@n8n/extension-sdk:build: [0m- For the "define". Invalid key: Expected never but received "define". [0m
[36m@n8n/extension-sdk:build: [0m[34mℹ[39m [33m[CJS][39m [2mdist/[22m[1mindex.cjs[22m                [2m0.13 kB[22m [2m│ gzip: 0.10 kB[22m
[36m@n8n/extension-sdk:build: [0m[34mℹ[39m [33m[CJS][39m [2mdist/[22m[1mschema.cjs[22m               [2m0.13 kB[22m [2m│ gzip: 0.10 kB[22m
[36m@n8n/extension-sdk:build: [0m[34mℹ[39m [33m[CJS][39m [2mdist/[22mschema-CXWjbwmW.cjs.map  [2m2.63 kB[22m [2m│ gzip: 0.87 kB[22m
[36m@n8n/extension-sdk:build: [0m[34mℹ[39m [33m[CJS][39m [2mdist/[22mschema-CXWjbwmW.cjs      [2m0.90 kB[22m [2m│ gzip: 0.40 kB[22m
[36m@n8n/extension-sdk:build: [0m[34mℹ[39m [33m[CJS][39m 4 files, total: 3.79 kB
[36m@n8n/extension-sdk:build: [0m[33mWarning: Invalid input options (1 issue found)
[36m@n8n/extension-sdk:build: [0m- For the "define". Invalid key: Expected never but received "define". [0m
[36m@n8n/extension-sdk:build: [0m[34mℹ[39m [33m[CJS][39m [2mdist/frontend/[22m[1mdefine.cjs[22m               [2m0.13 kB[22m [2m│ gzip: 0.10 kB[22m
[36m@n8n/extension-sdk:build: [0m[34mℹ[39m [33m[CJS][39m [2mdist/frontend/[22m[1mindex.cjs[22m                [2m0.13 kB[22m [2m│ gzip: 0.10 kB[22m
[36m@n8n/extension-sdk:build: [0m[34mℹ[39m [33m[CJS][39m [2mdist/frontend/[22m[1mtypes.cjs[22m                [2m0.00 kB[22m [2m│ gzip: 0.02 kB[22m
[36m@n8n/extension-sdk:build: [0m[34mℹ[39m [33m[CJS][39m [2mdist/frontend/[22mdefine-DIbMcH8i.cjs.map  [2m0.34 kB[22m [2m│ gzip: 0.23 kB[22m
[36m@n8n/extension-sdk:build: [0m[34mℹ[39m [33m[CJS][39m [2mdist/frontend/[22mdefine-DIbMcH8i.cjs      [2m0.30 kB[22m [2m│ gzip: 0.21 kB[22m
[36m@n8n/extension-sdk:build: [0m[34mℹ[39m [33m[CJS][39m 5 files, total: 0.91 kB
[36m@n8n/extension-sdk:build: [0m[34mℹ[39m [33m[CJS][39m [2mdist/backend/[22m[1mdefine.cjs[22m               [2m0.13 kB[22m [2m│ gzip: 0.10 kB[22m
[36m@n8n/extension-sdk:build: [0m[34mℹ[39m [33m[CJS][39m [2mdist/backend/[22m[1mindex.cjs[22m                [2m0.13 kB[22m [2m│ gzip: 0.10 kB[22m
[36m@n8n/extension-sdk:build: [0m[34mℹ[39m [33m[CJS][39m [2mdist/backend/[22m[1mtypes.cjs[22m                [2m0.00 kB[22m [2m│ gzip: 0.02 kB[22m
[36m@n8n/extension-sdk:build: [0m[34mℹ[39m [33m[CJS][39m [2mdist/backend/[22mdefine-CF1KLowA.cjs.map  [2m0.34 kB[22m [2m│ gzip: 0.23 kB[22m
[36m@n8n/extension-sdk:build: [0m[34mℹ[39m [33m[CJS][39m [2mdist/backend/[22mdefine-CF1KLowA.cjs      [2m0.30 kB[22m [2m│ gzip: 0.21 kB[22m
[36m@n8n/extension-sdk:build: [0m[34mℹ[39m [33m[CJS][39m 5 files, total: 0.89 kB
[36m@n8n/extension-sdk:build: [0m[33mWarning: Invalid input options (1 issue found)
[36m@n8n/extension-sdk:build: [0m- For the "define". Invalid key: Expected never but received "define". [0m
[36m@n8n/extension-sdk:build: [0m[33mWarning: Invalid input options (1 issue found)
[36m@n8n/extension-sdk:build: [0m- For the "define". Invalid key: Expected never but received "define". [0m
[36m@n8n/extension-sdk:build: [0m[34mℹ[39m [34m[ESM][39m [2mdist/[22m[1mindex.js[22m                [2m0.10 kB[22m [2m│ gzip: 0.09 kB[22m
[36m@n8n/extension-sdk:build: [0m[34mℹ[39m [34m[ESM][39m [2mdist/[22m[1mschema.js[22m               [2m0.10 kB[22m [2m│ gzip: 0.09 kB[22m
[36m@n8n/extension-sdk:build: [0m[34mℹ[39m [34m[ESM][39m [2mdist/[22mschema-F19lrac-.js.map  [2m2.60 kB[22m [2m│ gzip: 0.86 kB[22m
[36m@n8n/extension-sdk:build: [0m[34mℹ[39m [34m[ESM][39m [2mdist/[22mschema-F19lrac-.js      [2m0.71 kB[22m [2m│ gzip: 0.33 kB[22m
[36m@n8n/extension-sdk:build: [0m[34mℹ[39m [34m[ESM][39m [2mdist/[22m[32m[1mindex-DjD-kYUo.d.ts[22m[39m     [2m0.15 kB[22m [2m│ gzip: 0.11 kB[22m
[36m@n8n/extension-sdk:build: [0m[34mℹ[39m [34m[ESM][39m [2mdist/[22m[32m[1mschema-BCSm1WRU.d.ts[22m[39m    [2m0.15 kB[22m [2m│ gzip: 0.11 kB[22m
[36m@n8n/extension-sdk:build: [0m[34mℹ[39m [34m[ESM][39m [2mdist/[22m[32mschema-CNzfc_l7.d.ts[39m    [2m2.37 kB[22m [2m│ gzip: 0.49 kB[22m
[36m@n8n/extension-sdk:build: [0m[34mℹ[39m [34m[ESM][39m 7 files, total: 6.18 kB
[36m@n8n/extension-sdk:build: [0m[34mℹ[39m [34m[ESM][39m [2mdist/backend/[22m[1mdefine.js[22m               [2m0.10 kB[22m [2m│ gzip: 0.09 kB[22m
[36m@n8n/extension-sdk:build: [0m[34mℹ[39m [34m[ESM][39m [2mdist/backend/[22m[1mindex.js[22m                [2m0.10 kB[22m [2m│ gzip: 0.09 kB[22m
[36m@n8n/extension-sdk:build: [0m[34mℹ[39m [34m[ESM][39m [2mdist/backend/[22m[1mtypes.js[22m                [2m0.01 kB[22m [2m│ gzip: 0.03 kB[22m
[36m@n8n/extension-sdk:build: [0m[34mℹ[39m [34m[ESM][39m [2mdist/backend/[22mdefine-DQBOKnHO.js.map  [2m0.33 kB[22m [2m│ gzip: 0.23 kB[22m
[36m@n8n/extension-sdk:build: [0m[34mℹ[39m [34m[ESM][39m [2mdist/backend/[22mdefine-DQBOKnHO.js      [2m0.20 kB[22m [2m│ gzip: 0.16 kB[22m
[36m@n8n/extension-sdk:build: [0m[34mℹ[39m [34m[ESM][39m [2mdist/backend/[22m[32m[1mindex-BynjOhwS.d.ts[22m[39m     [2m0.29 kB[22m [2m│ gzip: 0.15 kB[22m
[36m@n8n/extension-sdk:build: [0m[34mℹ[39m [34m[ESM][39m [2mdist/backend/[22m[32m[1mtypes-DWzoEq83.d.ts[22m[39m     [2m0.20 kB[22m [2m│ gzip: 0.12 kB[22m
[36m@n8n/extension-sdk:build: [0m[34mℹ[39m [34m[ESM][39m [2mdist/backend/[22m[32m[1mdefine-BVTNSc6O.d.ts[22m[39m    [2m0.13 kB[22m [2m│ gzip: 0.11 kB[22m
[36m@n8n/extension-sdk:build: [0m[34mℹ[39m [34m[ESM][39m [2mdist/backend/[22m[32mtypes-Cwd7sXn1.d.ts[39m     [2m0.37 kB[22m [2m│ gzip: 0.20 kB[22m
[36m@n8n/extension-sdk:build: [0m[34mℹ[39m [34m[ESM][39m [2mdist/backend/[22m[32mdefine-G54xrxdq.d.ts[39m    [2m0.28 kB[22m [2m│ gzip: 0.19 kB[22m
[36m@n8n/extension-sdk:build: [0m[34mℹ[39m [34m[ESM][39m 10 files, total: 2.02 kB
[36m@n8n/extension-sdk:build: [0m[34mℹ[39m [33m[CJS][39m [2mdist/[22m[32m[1mindex-CnB4bo6E.d.cts[22m[39m   [2m0.15 kB[22m [2m│ gzip: 0.11 kB[22m
[36m@n8n/extension-sdk:build: [0m[34mℹ[39m [33m[CJS][39m [2mdist/[22m[32m[1mschema-DfkvzepJ.d.cts[22m[39m  [2m0.15 kB[22m [2m│ gzip: 0.11 kB[22m
[36m@n8n/extension-sdk:build: [0m[34mℹ[39m [33m[CJS][39m [2mdist/[22m[32mschema-MIRlCOvH.d.cts[39m  [2m2.37 kB[22m [2m│ gzip: 0.50 kB[22m
[36m@n8n/extension-sdk:build: [0m[34mℹ[39m [33m[CJS][39m 3 files, total: 2.67 kB
[36m@n8n/extension-sdk:build: [0m[32m✔[39m Build complete in [32m24617ms[39m
[36m@n8n/extension-sdk:build: [0m[34mℹ[39m [33m[CJS][39m [2mdist/backend/[22m[32m[1mindex-apy6LI1_.d.cts[22m[39m   [2m0.29 kB[22m [2m│ gzip: 0.15 kB[22m
[36m@n8n/extension-sdk:build: [0m[34mℹ[39m [33m[CJS][39m [2mdist/backend/[22m[32m[1mtypes-DajCiIsQ.d.cts[22m[39m   [2m0.20 kB[22m [2m│ gzip: 0.12 kB[22m
[36m@n8n/extension-sdk:build: [0m[34mℹ[39m [33m[CJS][39m [2mdist/backend/[22m[32m[1mdefine-C4SvnXWY.d.cts[22m[39m  [2m0.13 kB[22m [2m│ gzip: 0.11 kB[22m
[36m@n8n/extension-sdk:build: [0m[34mℹ[39m [33m[CJS][39m [2mdist/backend/[22m[32mtypes-CArWhjk8.d.cts[39m   [2m0.37 kB[22m [2m│ gzip: 0.20 kB[22m
[36m@n8n/extension-sdk:build: [0m[34mℹ[39m [33m[CJS][39m [2mdist/backend/[22m[32mdefine-BAuHCQHd.d.cts[39m  [2m0.28 kB[22m [2m│ gzip: 0.19 kB[22m
[36m@n8n/extension-sdk:build: [0m[34mℹ[39m [33m[CJS][39m 5 files, total: 1.28 kB
[36m@n8n/extension-sdk:build: [0m[32m✔[39m Build complete in [32m24617ms[39m
[36m@n8n/extension-sdk:build: [0m[34mℹ[39m [34m[ESM][39m [2mdist/frontend/[22m[1mdefine.js[22m               [2m0.10 kB[22m [2m│ gzip: 0.09 kB[22m
[36m@n8n/extension-sdk:build: [0m[34mℹ[39m [34m[ESM][39m [2mdist/frontend/[22m[1mindex.js[22m                [2m0.10 kB[22m [2m│ gzip: 0.09 kB[22m
[36m@n8n/extension-sdk:build: [0m[34mℹ[39m [34m[ESM][39m [2mdist/frontend/[22m[1mtypes.js[22m                [2m0.01 kB[22m [2m│ gzip: 0.03 kB[22m
[36m@n8n/extension-sdk:build: [0m[34mℹ[39m [34m[ESM][39m [2mdist/frontend/[22mdefine-AOVBe7KA.js.map  [2m0.34 kB[22m [2m│ gzip: 0.23 kB[22m
[36m@n8n/extension-sdk:build: [0m[34mℹ[39m [34m[ESM][39m [2mdist/frontend/[22mdefine-AOVBe7KA.js      [2m0.20 kB[22m [2m│ gzip: 0.16 kB[22m
[36m@n8n/extension-sdk:build: [0m[34mℹ[39m [34m[ESM][39m [2mdist/frontend/[22m[32m[1mindex-B1IO1oqW.d.ts[22m[39m     [2m0.30 kB[22m [2m│ gzip: 0.15 kB[22m
[36m@n8n/extension-sdk:build: [0m[34mℹ[39m [34m[ESM][39m [2mdist/frontend/[22m[32m[1mtypes-CY3Qa0-p.d.ts[22m[39m     [2m0.20 kB[22m [2m│ gzip: 0.12 kB[22m
[36m@n8n/extension-sdk:build: [0m[34mℹ[39m [34m[ESM][39m [2mdist/frontend/[22m[32m[1mdefine-Cjxzd91W.d.ts[22m[39m    [2m0.13 kB[22m [2m│ gzip: 0.11 kB[22m
[36m@n8n/extension-sdk:build: [0m[34mℹ[39m [34m[ESM][39m [2mdist/frontend/[22m[32mtypes-vOYxhmlY.d.ts[39m     [2m0.58 kB[22m [2m│ gzip: 0.29 kB[22m
[36m@n8n/extension-sdk:build: [0m[34mℹ[39m [34m[ESM][39m [2mdist/frontend/[22m[32mdefine-1HkFKws9.d.ts[39m    [2m0.29 kB[22m [2m│ gzip: 0.19 kB[22m
[36m@n8n/extension-sdk:build: [0m[34mℹ[39m [34m[ESM][39m 10 files, total: 2.27 kB
[36m@n8n/extension-sdk:build: [0m[34mℹ[39m [33m[CJS][39m [2mdist/frontend/[22m[32m[1mindex-D0cQ_NbG.d.cts[22m[39m   [2m0.30 kB[22m [2m│ gzip: 0.15 kB[22m
[36m@n8n/extension-sdk:build: [0m[34mℹ[39m [33m[CJS][39m [2mdist/frontend/[22m[32m[1mtypes-kjyePgBM.d.cts[22m[39m   [2m0.21 kB[22m [2m│ gzip: 0.12 kB[22m
[36m@n8n/extension-sdk:build: [0m[34mℹ[39m [33m[CJS][39m [2mdist/frontend/[22m[32m[1mdefine-Bc6GQ3ZY.d.cts[22m[39m  [2m0.14 kB[22m [2m│ gzip: 0.11 kB[22m
[36m@n8n/extension-sdk:build: [0m[34mℹ[39m [33m[CJS][39m [2mdist/frontend/[22m[32mtypes-CzGhDLXe.d.cts[39m   [2m0.58 kB[22m [2m│ gzip: 0.29 kB[22m
[36m@n8n/extension-sdk:build: [0m[34mℹ[39m [33m[CJS][39m [2mdist/frontend/[22m[32mdefine-DyMuY6We.d.cts[39m  [2m0.29 kB[22m [2m│ gzip: 0.19 kB[22m
[36m@n8n/extension-sdk:build: [0m[34mℹ[39m [33m[CJS][39m 5 files, total: 1.52 kB
[36m@n8n/extension-sdk:build: [0m[32m✔[39m Build complete in [32m24623ms[39m
[36m@n8n/extension-sdk:build: [0m
[36m@n8n/extension-sdk:build: [0m> @n8n/extension-sdk@0.8.0 create-json-schema /media/krist/CrucialX9/cursor-projects/projects/Project05/n8n/packages/@n8n/extension-sdk
[36m@n8n/extension-sdk:build: [0m> tsx scripts/create-json-schema.ts
[36m@n8n/extension-sdk:build: [0m
[35m@n8n/di:build: [0mcache hit, replaying logs [2mc881e3b87a287a85[0m
[35m@n8n/di:build: [0m
[35m@n8n/di:build: [0m> @n8n/di@0.9.0 build /media/krist/CrucialX9/cursor-projects/projects/Project05/n8n/packages/@n8n/di
[35m@n8n/di:build: [0m> tsc -p tsconfig.build.json
[35m@n8n/di:build: [0m
[34m@n8n/n8n-benchmark:build: [0mcache hit, replaying logs [2m334aed7d83c6c416[0m
[34m@n8n/n8n-benchmark:build: [0m
[34m@n8n/n8n-benchmark:build: [0m> @n8n/n8n-benchmark@1.28.0 build /media/krist/CrucialX9/cursor-projects/projects/Project05/n8n/packages/@n8n/benchmark
[34m@n8n/n8n-benchmark:build: [0m> tsc -p tsconfig.build.json && tsc-alias -p tsconfig.build.json
[34m@n8n/n8n-benchmark:build: [0m
[33m@n8n/permissions:build: [0mcache hit, replaying logs [2mead7224804af5c0c[0m
[33m@n8n/permissions:build: [0m
[33m@n8n/permissions:build: [0m> @n8n/permissions@0.41.0 build /media/krist/CrucialX9/cursor-projects/projects/Project05/n8n/packages/@n8n/permissions
[33m@n8n/permissions:build: [0m> tsc -p tsconfig.build.json
[33m@n8n/permissions:build: [0m
[32m@n8n/vitest-config:build: [0mcache hit, replaying logs [2m9e9ca3599acd5984[0m
[32m@n8n/vitest-config:build: [0m
[32m@n8n/vitest-config:build: [0m> @n8n/vitest-config@1.5.0 build /media/krist/CrucialX9/cursor-projects/projects/Project05/n8n/packages/@n8n/vitest-config
[32m@n8n/vitest-config:build: [0m> tsc -p tsconfig.build.json
[32m@n8n/vitest-config:build: [0m
[35m@n8n/constants:build: [0mcache hit, replaying logs [2m3b9a7db9b3ab5b18[0m
[35m@n8n/constants:build: [0m
[35m@n8n/constants:build: [0m> @n8n/constants@0.13.0 build /media/krist/CrucialX9/cursor-projects/projects/Project05/n8n/packages/@n8n/constants
[35m@n8n/constants:build: [0m> tsc -p tsconfig.build.json
[35m@n8n/constants:build: [0m
[32m@n8n/codemirror-lang:build: [0mcache hit, replaying logs [2m2c2898e827c95495[0m
[32m@n8n/codemirror-lang:build: [0m
[32m@n8n/codemirror-lang:build: [0m> @n8n/codemirror-lang@0.3.0 build /media/krist/CrucialX9/cursor-projects/projects/Project05/n8n/packages/@n8n/codemirror-lang
[32m@n8n/codemirror-lang:build: [0m> tsc -p tsconfig.build.json
[32m@n8n/codemirror-lang:build: [0m
[36m@n8n/n8n-extension-insights:build: [0mcache hit, replaying logs [2ma138dd943e32ce06[0m
[36m@n8n/n8n-extension-insights:build: [0m
[36m@n8n/n8n-extension-insights:build: [0m> @n8n/n8n-extension-insights@0.10.0 build /media/krist/CrucialX9/cursor-projects/projects/Project05/n8n/packages/extensions/insights
[36m@n8n/n8n-extension-insights:build: [0m> pnpm cleanup && pnpm run build:backend && pnpm run build:frontend
[36m@n8n/n8n-extension-insights:build: [0m
[36m@n8n/n8n-extension-insights:build: [0m
[36m@n8n/n8n-extension-insights:build: [0m> @n8n/n8n-extension-insights@0.10.0 cleanup /media/krist/CrucialX9/cursor-projects/projects/Project05/n8n/packages/extensions/insights
[36m@n8n/n8n-extension-insights:build: [0m> rimraf dist
[36m@n8n/n8n-extension-insights:build: [0m
[36m@n8n/n8n-extension-insights:build: [0m
[36m@n8n/n8n-extension-insights:build: [0m> @n8n/n8n-extension-insights@0.10.0 build:backend /media/krist/CrucialX9/cursor-projects/projects/Project05/n8n/packages/extensions/insights
[36m@n8n/n8n-extension-insights:build: [0m> tsdown
[36m@n8n/n8n-extension-insights:build: [0m
[36m@n8n/n8n-extension-insights:build: [0m[34mℹ[39m tsdown [2mv0.15.6[22m powered by rolldown [2mv1.0.0-beta.50[22m
[36m@n8n/n8n-extension-insights:build: [0m[34mℹ[39m Using tsdown config: [4m/media/krist/CrucialX9/cursor-projects/projects/Project05/n8n/packages/extensions/insights/tsdown.config.ts[24m
[36m@n8n/n8n-extension-insights:build: [0m[34mℹ[39m entry: [34msrc/backend/index.ts[39m
[36m@n8n/n8n-extension-insights:build: [0m[34mℹ[39m tsconfig: [34mtsconfig.backend.json[39m
[36m@n8n/n8n-extension-insights:build: [0m[34mℹ[39m Build start
[36m@n8n/n8n-extension-insights:build: [0m[33mWarning: Invalid input options (1 issue found)
[36m@n8n/n8n-extension-insights:build: [0m- For the "define". Invalid key: Expected never but received "define". [0m
[36m@n8n/n8n-extension-insights:build: [0m[33mWarning: Invalid input options (1 issue found)
[36m@n8n/n8n-extension-insights:build: [0m- For the "define". Invalid key: Expected never but received "define". [0m
[36m@n8n/n8n-extension-insights:build: [0m[34mℹ[39m [33m[CJS][39m [2mdist/backend/[22m[1mindex.cjs[22m      [2m0.30 kB[22m [2m│ gzip: 0.21 kB[22m
[36m@n8n/n8n-extension-insights:build: [0m[34mℹ[39m [33m[CJS][39m [2mdist/backend/[22mindex.cjs.map  [2m0.34 kB[22m [2m│ gzip: 0.25 kB[22m
[36m@n8n/n8n-extension-insights:build: [0m[34mℹ[39m [33m[CJS][39m 2 files, total: 0.65 kB
[36m@n8n/n8n-extension-insights:build: [0m[33mWarning: Invalid input options (1 issue found)
[36m@n8n/n8n-extension-insights:build: [0m- For the "define". Invalid key: Expected never but received "define". [0m
[36m@n8n/n8n-extension-insights:build: [0m[34mℹ[39m [34m[ESM][39m [2mdist/backend/[22m[1mindex.js[22m             [2m0.27 kB[22m [2m│ gzip: 0.19 kB[22m
[36m@n8n/n8n-extension-insights:build: [0m[34mℹ[39m [34m[ESM][39m [2mdist/backend/[22mindex.js.map         [2m0.35 kB[22m [2m│ gzip: 0.26 kB[22m
[36m@n8n/n8n-extension-insights:build: [0m[34mℹ[39m [34m[ESM][39m [2mdist/backend/[22m[32m[1mindex-DjwBcnsn.d.ts[22m[39m  [2m0.15 kB[22m [2m│ gzip: 0.14 kB[22m
[36m@n8n/n8n-extension-insights:build: [0m[34mℹ[39m [34m[ESM][39m 3 files, total: 0.77 kB
[36m@n8n/n8n-extension-insights:build: [0m[34mℹ[39m [33m[CJS][39m [2mdist/backend/[22m[32m[1mindex-bLj1nRUt.d.cts[22m[39m  [2m0.13 kB[22m [2m│ gzip: 0.13 kB[22m
[36m@n8n/n8n-extension-insights:build: [0m[34mℹ[39m [33m[CJS][39m 1 files, total: 0.13 kB
[36m@n8n/n8n-extension-insights:build: [0m[32m✔[39m Build complete in [32m13194ms[39m
[36m@n8n/n8n-extension-insights:build: [0m
[36m@n8n/n8n-extension-insights:build: [0m> @n8n/n8n-extension-insights@0.10.0 build:frontend /media/krist/CrucialX9/cursor-projects/projects/Project05/n8n/packages/extensions/insights
[36m@n8n/n8n-extension-insights:build: [0m> vite build
[36m@n8n/n8n-extension-insights:build: [0m
[36m@n8n/n8n-extension-insights:build: [0mvite v5.4.11 building for production...
[36m@n8n/n8n-extension-insights:build: [0mtransforming...
[36m@n8n/n8n-extension-insights:build: [0m✓ 5 modules transformed.
[36m@n8n/n8n-extension-insights:build: [0mrendering chunks...
[36m@n8n/n8n-extension-insights:build: [0m
[36m@n8n/n8n-extension-insights:build: [0m[vite:dts] Start generate declaration files...
[36m@n8n/n8n-extension-insights:build: [0m[96msrc/frontend/index.ts[0m:[93m2[0m:[93m41[0m - [91merror[0m[90m TS7016: [0mCould not find a declaration file for module '@n8n/extension-sdk/frontend'. '/media/krist/CrucialX9/cursor-projects/projects/Project05/n8n/packages/@n8n/extension-sdk/dist/frontend/index.js' implicitly has an 'any' type.
[36m@n8n/n8n-extension-insights:build: [0m  Try `npm i --save-dev @types/n8n__extension-sdk` if it exists or add a new declaration (.d.ts) file containing `declare module '@n8n/extension-sdk/frontend';`
[36m@n8n/n8n-extension-insights:build: [0m
[36m@n8n/n8n-extension-insights:build: [0m[7m2[0m import { defineFrontendExtension } from '@n8n/extension-sdk/frontend';
[36m@n8n/n8n-extension-insights:build: [0m[7m [0m [91m                                        ~~~~~~~~~~~~~~~~~~~~~~~~~~~~~[0m
[36m@n8n/n8n-extension-insights:build: [0m[96msrc/frontend/index.ts[0m:[93m6[0m:[93m8[0m - [91merror[0m[90m TS7006: [0mParameter 'n8n' implicitly has an 'any' type.
[36m@n8n/n8n-extension-insights:build: [0m
[36m@n8n/n8n-extension-insights:build: [0m[7m6[0m  setup(n8n) {
[36m@n8n/n8n-extension-insights:build: [0m[7m [0m [91m       ~~~[0m
[36m@n8n/n8n-extension-insights:build: [0m
[36m@n8n/n8n-extension-insights:build: [0mcomputing gzip size...
[36m@n8n/n8n-extension-insights:build: [0mdist/frontend/index.js  0.49 kB │ gzip: 0.35 kB
[36m@n8n/n8n-extension-insights:build: [0m[vite:dts] Start rollup declaration files...
[36m@n8n/n8n-extension-insights:build: [0mAnalysis will use the bundled TypeScript version 5.9.2
[36m@n8n/n8n-extension-insights:build: [0m[vite:dts] Declaration files built in 33420ms.
[36m@n8n/n8n-extension-insights:build: [0m
[36m@n8n/n8n-extension-insights:build: [0mdist/frontend/index.umd.cjs  0.60 kB │ gzip: 0.41 kB
[36m@n8n/n8n-extension-insights:build: [0m✓ built in 34.42s
[33m@n8n/json-schema-to-zod:build: [0mcache hit, replaying logs [2me7b1d5e6725a5a6c[0m
[33m@n8n/json-schema-to-zod:build: [0m
[33m@n8n/json-schema-to-zod:build: [0m> @n8n/json-schema-to-zod@1.5.0 build /media/krist/CrucialX9/cursor-projects/projects/Project05/n8n/packages/@n8n/json-schema-to-zod
[33m@n8n/json-schema-to-zod:build: [0m> rimraf ./dist && pnpm run build:types && pnpm run build:cjs && pnpm run build:esm
[33m@n8n/json-schema-to-zod:build: [0m
[33m@n8n/json-schema-to-zod:build: [0m
[33m@n8n/json-schema-to-zod:build: [0m> @n8n/json-schema-to-zod@1.5.0 build:types /media/krist/CrucialX9/cursor-projects/projects/Project05/n8n/packages/@n8n/json-schema-to-zod
[33m@n8n/json-schema-to-zod:build: [0m> tsc -p tsconfig.types.json
[33m@n8n/json-schema-to-zod:build: [0m
[33m@n8n/json-schema-to-zod:build: [0m
[33m@n8n/json-schema-to-zod:build: [0m> @n8n/json-schema-to-zod@1.5.0 build:cjs /media/krist/CrucialX9/cursor-projects/projects/Project05/n8n/packages/@n8n/json-schema-to-zod
[33m@n8n/json-schema-to-zod:build: [0m> tsc -p tsconfig.cjs.json && node postcjs.cjs
[33m@n8n/json-schema-to-zod:build: [0m
[33m@n8n/json-schema-to-zod:build: [0m
[33m@n8n/json-schema-to-zod:build: [0m> @n8n/json-schema-to-zod@1.5.0 build:esm /media/krist/CrucialX9/cursor-projects/projects/Project05/n8n/packages/@n8n/json-schema-to-zod
[33m@n8n/json-schema-to-zod:build: [0m> tsc -p tsconfig.esm.json && node postesm.cjs
[33m@n8n/json-schema-to-zod:build: [0m
[32m@n8n/imap:build: [0mcache hit, replaying logs [2m852552fb99e074b0[0m
[32m@n8n/imap:build: [0m
[32m@n8n/imap:build: [0m> @n8n/imap@0.15.0 build /media/krist/CrucialX9/cursor-projects/projects/Project05/n8n/packages/@n8n/imap
[32m@n8n/imap:build: [0m> tsc -p tsconfig.build.json
[32m@n8n/imap:build: [0m
[34m@n8n/eslint-plugin-community-nodes:build: [0mcache hit, replaying logs [2m9fa7536feb070fac[0m
[34m@n8n/eslint-plugin-community-nodes:build: [0m
[34m@n8n/eslint-plugin-community-nodes:build: [0m> @n8n/eslint-plugin-community-nodes@0.6.0 build /media/krist/CrucialX9/cursor-projects/projects/Project05/n8n/packages/@n8n/eslint-plugin-community-nodes
[34m@n8n/eslint-plugin-community-nodes:build: [0m> tsc --project tsconfig.build.json
[34m@n8n/eslint-plugin-community-nodes:build: [0m
[33m@n8n/codemirror-lang-sql:build: [0mcache hit, replaying logs [2mc48a1cb070c3da39[0m
[33m@n8n/codemirror-lang-sql:build: [0m
[33m@n8n/codemirror-lang-sql:build: [0m> @n8n/codemirror-lang-sql@1.2.0 build /media/krist/CrucialX9/cursor-projects/projects/Project05/n8n/packages/@n8n/codemirror-lang-sql
[33m@n8n/codemirror-lang-sql:build: [0m> tsc -p tsconfig.build.json
[33m@n8n/codemirror-lang-sql:build: [0m
[36m@n8n/config:build: [0mcache hit, replaying logs [2mbc37ae40fab1571a[0m
[36m@n8n/config:build: [0m
[36m@n8n/config:build: [0m> @n8n/config@1.61.0 build /media/krist/CrucialX9/cursor-projects/projects/Project05/n8n/packages/@n8n/config
[36m@n8n/config:build: [0m> tsc -p tsconfig.build.json
[36m@n8n/config:build: [0m
[33m@n8n/eslint-config:build: [0mcache hit, replaying logs [2mb9f1ebbabfc95fdd[0m
[33m@n8n/eslint-config:build: [0m
[33m@n8n/eslint-config:build: [0m> @n8n/eslint-config@0.0.1 build /media/krist/CrucialX9/cursor-projects/projects/Project05/n8n/packages/@n8n/eslint-config
[33m@n8n/eslint-config:build: [0m> tsc
[33m@n8n/eslint-config:build: [0m
[34m@n8n/composables:build: [0mcache hit, replaying logs [2m33fcf755f91abff8[0m
[34m@n8n/composables:build: [0m
[34m@n8n/composables:build: [0m> @n8n/composables@1.12.0 build /media/krist/CrucialX9/cursor-projects/projects/Project05/n8n/packages/frontend/@n8n/composables
[34m@n8n/composables:build: [0m> tsdown
[34m@n8n/composables:build: [0m
[34m@n8n/composables:build: [0m[34mℹ[39m tsdown [2mv0.15.6[22m powered by rolldown [2mv1.0.0-beta.50[22m
[34m@n8n/composables:build: [0m[34mℹ[39m Using tsdown config: [4m/media/krist/CrucialX9/cursor-projects/projects/Project05/n8n/packages/frontend/@n8n/composables/tsdown.config.ts[24m
[34m@n8n/composables:build: [0m[34mℹ[39m entry: [34msrc/useDeviceSupport.ts, src/useShortKeyPress.ts, src/useThrottleWithReactiveDelay.ts[39m
[34m@n8n/composables:build: [0m[34mℹ[39m tsconfig: [34mtsconfig.json[39m
[34m@n8n/composables:build: [0m[34mℹ[39m Build start
[34m@n8n/composables:build: [0m[34mℹ[39m Cleaning 18 files
[34m@n8n/composables:build: [0m[33mWarning: Invalid input options (1 issue found)
[34m@n8n/composables:build: [0m- For the "define". Invalid key: Expected never but received "define". [0m
[34m@n8n/composables:build: [0m[33mWarning: Invalid input options (1 issue found)
[34m@n8n/composables:build: [0m- For the "define". Invalid key: Expected never but received "define". [0m
[34m@n8n/composables:build: [0m[34mℹ[39m [33m[CJS][39m [2mdist/[22m[1museDeviceSupport.cjs[22m                  [2m1.76 kB[22m [2m│ gzip: 0.70 kB[22m
[34m@n8n/composables:build: [0m[34mℹ[39m [33m[CJS][39m [2mdist/[22m[1museShortKeyPress.cjs[22m                  [2m0.64 kB[22m [2m│ gzip: 0.33 kB[22m
[34m@n8n/composables:build: [0m[34mℹ[39m [33m[CJS][39m [2mdist/[22m[1museThrottleWithReactiveDelay.cjs[22m      [2m0.61 kB[22m [2m│ gzip: 0.33 kB[22m
[34m@n8n/composables:build: [0m[34mℹ[39m [33m[CJS][39m [2mdist/[22museDeviceSupport.cjs.map              [2m2.58 kB[22m [2m│ gzip: 1.07 kB[22m
[34m@n8n/composables:build: [0m[34mℹ[39m [33m[CJS][39m [2mdist/[22museShortKeyPress.cjs.map              [2m1.26 kB[22m [2m│ gzip: 0.64 kB[22m
[34m@n8n/composables:build: [0m[34mℹ[39m [33m[CJS][39m [2mdist/[22museThrottleWithReactiveDelay.cjs.map  [2m0.88 kB[22m [2m│ gzip: 0.49 kB[22m
[34m@n8n/composables:build: [0m[34mℹ[39m [33m[CJS][39m 6 files, total: 7.73 kB
[34m@n8n/composables:build: [0m[33mWarning: Invalid input options (1 issue found)
[34m@n8n/composables:build: [0m- For the "define". Invalid key: Expected never but received "define". [0m
[34m@n8n/composables:build: [0m[34mℹ[39m [34m[ESM][39m [2mdist/[22m[1museDeviceSupport.js[22m                  [2m1.68 kB[22m [2m│ gzip: 0.69 kB[22m
[34m@n8n/composables:build: [0m[34mℹ[39m [34m[ESM][39m [2mdist/[22m[1museShortKeyPress.js[22m                  [2m0.57 kB[22m [2m│ gzip: 0.32 kB[22m
[34m@n8n/composables:build: [0m[34mℹ[39m [34m[ESM][39m [2mdist/[22m[1museThrottleWithReactiveDelay.js[22m      [2m0.56 kB[22m [2m│ gzip: 0.31 kB[22m
[34m@n8n/composables:build: [0m[34mℹ[39m [34m[ESM][39m [2mdist/[22museDeviceSupport.js.map              [2m2.62 kB[22m [2m│ gzip: 1.07 kB[22m
[34m@n8n/composables:build: [0m[34mℹ[39m [34m[ESM][39m [2mdist/[22museShortKeyPress.js.map              [2m1.27 kB[22m [2m│ gzip: 0.64 kB[22m
[34m@n8n/composables:build: [0m[34mℹ[39m [34m[ESM][39m [2mdist/[22museThrottleWithReactiveDelay.js.map  [2m0.89 kB[22m [2m│ gzip: 0.48 kB[22m
[34m@n8n/composables:build: [0m[34mℹ[39m [34m[ESM][39m [2mdist/[22m[32m[1museDeviceSupport.d.ts[22m[39m                [2m0.47 kB[22m [2m│ gzip: 0.29 kB[22m
[34m@n8n/composables:build: [0m[34mℹ[39m [34m[ESM][39m [2mdist/[22m[32m[1museShortKeyPress.d.ts[22m[39m                [2m0.41 kB[22m [2m│ gzip: 0.25 kB[22m
[34m@n8n/composables:build: [0m[34mℹ[39m [34m[ESM][39m [2mdist/[22m[32m[1museThrottleWithReactiveDelay.d.ts[22m[39m    [2m0.30 kB[22m [2m│ gzip: 0.19 kB[22m
[34m@n8n/composables:build: [0m[34mℹ[39m [34m[ESM][39m 9 files, total: 8.77 kB
[34m@n8n/composables:build: [0m[34mℹ[39m [33m[CJS][39m [2mdist/[22m[32m[1museDeviceSupport.d.cts[22m[39m              [2m0.47 kB[22m [2m│ gzip: 0.29 kB[22m
[34m@n8n/composables:build: [0m[34mℹ[39m [33m[CJS][39m [2mdist/[22m[32m[1museShortKeyPress.d.cts[22m[39m              [2m0.41 kB[22m [2m│ gzip: 0.25 kB[22m
[34m@n8n/composables:build: [0m[34mℹ[39m [33m[CJS][39m [2mdist/[22m[32m[1museThrottleWithReactiveDelay.d.cts[22m[39m  [2m0.30 kB[22m [2m│ gzip: 0.19 kB[22m
[34m@n8n/composables:build: [0m[34mℹ[39m [33m[CJS][39m 3 files, total: 1.18 kB
[34m@n8n/composables:build: [0m[32m✔[39m Build complete in [32m14134ms[39m
[35m@n8n/utils:build: [0mcache hit, replaying logs [2m4da55171537eab09[0m
[35m@n8n/utils:build: [0m
[35m@n8n/utils:build: [0m> @n8n/utils@1.18.0 build /media/krist/CrucialX9/cursor-projects/projects/Project05/n8n/packages/@n8n/utils
[35m@n8n/utils:build: [0m> tsdown
[35m@n8n/utils:build: [0m
[35m@n8n/utils:build: [0m[34mℹ[39m tsdown [2mv0.15.6[22m powered by rolldown [2mv1.0.0-beta.50[22m
[35m@n8n/utils:build: [0m[34mℹ[39m Using tsdown config: [4m/media/krist/CrucialX9/cursor-projects/projects/Project05/n8n/packages/@n8n/utils/tsdown.config.ts[24m
[35m@n8n/utils:build: [0m[34mℹ[39m entry: [34msrc/assert.ts, src/event-bus.ts, src/event-queue.ts, src/retry.ts, src/number/smartDecimal.ts, src/search/reRankSearchResults.ts, src/search/sublimeSearch.ts, src/sort/sortByProperty.ts, src/string/truncate.ts[39m
[35m@n8n/utils:build: [0m[34mℹ[39m tsconfig: [34mtsconfig.json[39m
[35m@n8n/utils:build: [0m[34mℹ[39m Build start
[35m@n8n/utils:build: [0m[34mℹ[39m Cleaning 58 files
[35m@n8n/utils:build: [0m[33mWarning: Invalid input options (1 issue found)
[35m@n8n/utils:build: [0m- For the "define". Invalid key: Expected never but received "define". [0m
[35m@n8n/utils:build: [0m[33mWarning: Invalid input options (1 issue found)
[35m@n8n/utils:build: [0m- For the "define". Invalid key: Expected never but received "define". [0m
[35m@n8n/utils:build: [0m[34mℹ[39m [33m[CJS][39m [2mdist/[22m[1msearch/sublimeSearch.cjs[22m            [2m 5.36 kB[22m [2m│ gzip: 1.75 kB[22m
[35m@n8n/utils:build: [0m[34mℹ[39m [33m[CJS][39m [2mdist/[22m[1mretry.cjs[22m                           [2m 1.45 kB[22m [2m│ gzip: 0.66 kB[22m
[35m@n8n/utils:build: [0m[34mℹ[39m [33m[CJS][39m [2mdist/[22m[1mstring/truncate.cjs[22m                 [2m 1.37 kB[22m [2m│ gzip: 0.62 kB[22m
[35m@n8n/utils:build: [0m[34mℹ[39m [33m[CJS][39m [2mdist/[22m[1mevent-bus.cjs[22m                       [2m 1.03 kB[22m [2m│ gzip: 0.47 kB[22m
[35m@n8n/utils:build: [0m[34mℹ[39m [33m[CJS][39m [2mdist/[22m[1mevent-queue.cjs[22m                     [2m 1.01 kB[22m [2m│ gzip: 0.48 kB[22m
[35m@n8n/utils:build: [0m[34mℹ[39m [33m[CJS][39m [2mdist/[22m[1msearch/reRankSearchResults.cjs[22m      [2m 0.56 kB[22m [2m│ gzip: 0.30 kB[22m
[35m@n8n/utils:build: [0m[34mℹ[39m [33m[CJS][39m [2mdist/[22m[1msort/sortByProperty.cjs[22m             [2m 0.39 kB[22m [2m│ gzip: 0.25 kB[22m
[35m@n8n/utils:build: [0m[34mℹ[39m [33m[CJS][39m [2mdist/[22m[1mnumber/smartDecimal.cjs[22m             [2m 0.34 kB[22m [2m│ gzip: 0.22 kB[22m
[35m@n8n/utils:build: [0m[34mℹ[39m [33m[CJS][39m [2mdist/[22m[1massert.cjs[22m                          [2m 0.24 kB[22m [2m│ gzip: 0.19 kB[22m
[35m@n8n/utils:build: [0m[34mℹ[39m [33m[CJS][39m [2mdist/[22msearch/sublimeSearch.cjs.map        [2m11.66 kB[22m [2m│ gzip: 3.92 kB[22m
[35m@n8n/utils:build: [0m[34mℹ[39m [33m[CJS][39m [2mdist/[22mevent-bus.cjs.map                   [2m 2.93 kB[22m [2m│ gzip: 0.99 kB[22m
[35m@n8n/utils:build: [0m[34mℹ[39m [33m[CJS][39m [2mdist/[22mretry.cjs.map                       [2m 2.35 kB[22m [2m│ gzip: 1.05 kB[22m
[35m@n8n/utils:build: [0m[34mℹ[39m [33m[CJS][39m [2mdist/[22mstring/truncate.cjs.map             [2m 2.33 kB[22m [2m│ gzip: 1.01 kB[22m
[35m@n8n/utils:build: [0m[34mℹ[39m [33m[CJS][39m [2mdist/[22mevent-queue.cjs.map                 [2m 1.75 kB[22m [2m│ gzip: 0.83 kB[22m
[35m@n8n/utils:build: [0m[34mℹ[39m [33m[CJS][39m [2mdist/[22msearch/reRankSearchResults.cjs.map  [2m 1.27 kB[22m [2m│ gzip: 0.63 kB[22m
[35m@n8n/utils:build: [0m[34mℹ[39m [33m[CJS][39m [2mdist/[22msort/sortByProperty.cjs.map         [2m 0.67 kB[22m [2m│ gzip: 0.42 kB[22m
[35m@n8n/utils:build: [0m[34mℹ[39m [33m[CJS][39m [2mdist/[22mnumber/smartDecimal.cjs.map         [2m 0.63 kB[22m [2m│ gzip: 0.37 kB[22m
[35m@n8n/utils:build: [0m[34mℹ[39m [33m[CJS][39m [2mdist/[22massert.cjs.map                      [2m 0.46 kB[22m [2m│ gzip: 0.33 kB[22m
[35m@n8n/utils:build: [0m[34mℹ[39m [33m[CJS][39m 18 files, total: 35.80 kB
[35m@n8n/utils:build: [0m[33mWarning: Invalid input options (1 issue found)
[35m@n8n/utils:build: [0m- For the "define". Invalid key: Expected never but received "define". [0m
[35m@n8n/utils:build: [0m[34mℹ[39m [34m[ESM][39m [2mdist/[22m[1msearch/sublimeSearch.js[22m            [2m 5.32 kB[22m [2m│ gzip: 1.74 kB[22m
[35m@n8n/utils:build: [0m[34mℹ[39m [34m[ESM][39m [2mdist/[22m[1mretry.js[22m                           [2m 1.44 kB[22m [2m│ gzip: 0.66 kB[22m
[35m@n8n/utils:build: [0m[34mℹ[39m [34m[ESM][39m [2mdist/[22m[1mstring/truncate.js[22m                 [2m 1.33 kB[22m [2m│ gzip: 0.61 kB[22m
[35m@n8n/utils:build: [0m[34mℹ[39m [34m[ESM][39m [2mdist/[22m[1mevent-bus.js[22m                       [2m 1.01 kB[22m [2m│ gzip: 0.46 kB[22m
[35m@n8n/utils:build: [0m[34mℹ[39m [34m[ESM][39m [2mdist/[22m[1mevent-queue.js[22m                     [2m 1.00 kB[22m [2m│ gzip: 0.47 kB[22m
[35m@n8n/utils:build: [0m[34mℹ[39m [34m[ESM][39m [2mdist/[22m[1msearch/reRankSearchResults.js[22m      [2m 0.54 kB[22m [2m│ gzip: 0.29 kB[22m
[35m@n8n/utils:build: [0m[34mℹ[39m [34m[ESM][39m [2mdist/[22m[1msort/sortByProperty.js[22m             [2m 0.37 kB[22m [2m│ gzip: 0.25 kB[22m
[35m@n8n/utils:build: [0m[34mℹ[39m [34m[ESM][39m [2mdist/[22m[1mnumber/smartDecimal.js[22m             [2m 0.32 kB[22m [2m│ gzip: 0.22 kB[22m
[35m@n8n/utils:build: [0m[34mℹ[39m [34m[ESM][39m [2mdist/[22m[1massert.js[22m                          [2m 0.23 kB[22m [2m│ gzip: 0.18 kB[22m
[35m@n8n/utils:build: [0m[34mℹ[39m [34m[ESM][39m [2mdist/[22msearch/sublimeSearch.js.map        [2m11.66 kB[22m [2m│ gzip: 3.92 kB[22m
[35m@n8n/utils:build: [0m[34mℹ[39m [34m[ESM][39m [2mdist/[22mevent-bus.js.map                   [2m 2.93 kB[22m [2m│ gzip: 0.99 kB[22m
[35m@n8n/utils:build: [0m[34mℹ[39m [34m[ESM][39m [2mdist/[22mretry.js.map                       [2m 2.35 kB[22m [2m│ gzip: 1.05 kB[22m
[35m@n8n/utils:build: [0m[34mℹ[39m [34m[ESM][39m [2mdist/[22mstring/truncate.js.map             [2m 2.33 kB[22m [2m│ gzip: 1.00 kB[22m
[35m@n8n/utils:build: [0m[34mℹ[39m [34m[ESM][39m [2mdist/[22mevent-queue.js.map                 [2m 1.75 kB[22m [2m│ gzip: 0.83 kB[22m
[35m@n8n/utils:build: [0m[34mℹ[39m [34m[ESM][39m [2mdist/[22msearch/reRankSearchResults.js.map  [2m 1.27 kB[22m [2m│ gzip: 0.63 kB[22m
[35m@n8n/utils:build: [0m[34mℹ[39m [34m[ESM][39m [2mdist/[22msort/sortByProperty.js.map         [2m 0.67 kB[22m [2m│ gzip: 0.41 kB[22m
[35m@n8n/utils:build: [0m[34mℹ[39m [34m[ESM][39m [2mdist/[22mnumber/smartDecimal.js.map         [2m 0.63 kB[22m [2m│ gzip: 0.37 kB[22m
[35m@n8n/utils:build: [0m[34mℹ[39m [34m[ESM][39m [2mdist/[22massert.js.map                      [2m 0.46 kB[22m [2m│ gzip: 0.33 kB[22m
[35m@n8n/utils:build: [0m[34mℹ[39m [34m[ESM][39m [2mdist/[22m[32m[1mevent-bus.d.ts[22m[39m                     [2m 0.98 kB[22m [2m│ gzip: 0.34 kB[22m
[35m@n8n/utils:build: [0m[34mℹ[39m [34m[ESM][39m [2mdist/[22m[32m[1msearch/sublimeSearch.d.ts[22m[39m          [2m 0.38 kB[22m [2m│ gzip: 0.25 kB[22m
[35m@n8n/utils:build: [0m[34mℹ[39m [34m[ESM][39m [2mdist/[22m[32m[1msearch/reRankSearchResults.d.ts[22m[39m    [2m 0.36 kB[22m [2m│ gzip: 0.21 kB[22m
[35m@n8n/utils:build: [0m[34mℹ[39m [34m[ESM][39m [2mdist/[22m[32m[1mretry.d.ts[22m[39m                         [2m 0.28 kB[22m [2m│ gzip: 0.21 kB[22m
[35m@n8n/utils:build: [0m[34mℹ[39m [34m[ESM][39m [2mdist/[22m[32m[1mstring/truncate.d.ts[22m[39m               [2m 0.27 kB[22m [2m│ gzip: 0.18 kB[22m
[35m@n8n/utils:build: [0m[34mℹ[39m [34m[ESM][39m [2mdist/[22m[32m[1mevent-queue.d.ts[22m[39m                   [2m 0.23 kB[22m [2m│ gzip: 0.17 kB[22m
[35m@n8n/utils:build: [0m[34mℹ[39m [34m[ESM][39m [2mdist/[22m[32m[1msort/sortByProperty.d.ts[22m[39m           [2m 0.22 kB[22m [2m│ gzip: 0.17 kB[22m
[35m@n8n/utils:build: [0m[34mℹ[39m [34m[ESM][39m [2mdist/[22m[32m[1mnumber/smartDecimal.d.ts[22m[39m           [2m 0.19 kB[22m [2m│ gzip: 0.14 kB[22m
[35m@n8n/utils:build: [0m[34mℹ[39m [34m[ESM][39m [2mdist/[22m[32m[1massert.d.ts[22m[39m                        [2m 0.18 kB[22m [2m│ gzip: 0.15 kB[22m
[35m@n8n/utils:build: [0m[34mℹ[39m [34m[ESM][39m 27 files, total: 38.70 kB
[35m@n8n/utils:build: [0m[34mℹ[39m [33m[CJS][39m [2mdist/[22m[32m[1mevent-bus.d.cts[22m[39m                   [2m0.98 kB[22m [2m│ gzip: 0.34 kB[22m
[35m@n8n/utils:build: [0m[34mℹ[39m [33m[CJS][39m [2mdist/[22m[32m[1msearch/sublimeSearch.d.cts[22m[39m        [2m0.38 kB[22m [2m│ gzip: 0.25 kB[22m
[35m@n8n/utils:build: [0m[34mℹ[39m [33m[CJS][39m [2mdist/[22m[32m[1msearch/reRankSearchResults.d.cts[22m[39m  [2m0.36 kB[22m [2m│ gzip: 0.22 kB[22m
[35m@n8n/utils:build: [0m[34mℹ[39m [33m[CJS][39m [2mdist/[22m[32m[1mretry.d.cts[22m[39m                       [2m0.28 kB[22m [2m│ gzip: 0.21 kB[22m
[35m@n8n/utils:build: [0m[34mℹ[39m [33m[CJS][39m [2mdist/[22m[32m[1mstring/truncate.d.cts[22m[39m             [2m0.27 kB[22m [2m│ gzip: 0.18 kB[22m
[35m@n8n/utils:build: [0m[34mℹ[39m [33m[CJS][39m [2mdist/[22m[32m[1mevent-queue.d.cts[22m[39m                 [2m0.23 kB[22m [2m│ gzip: 0.17 kB[22m
[35m@n8n/utils:build: [0m[34mℹ[39m [33m[CJS][39m [2mdist/[22m[32m[1msort/sortByProperty.d.cts[22m[39m         [2m0.22 kB[22m [2m│ gzip: 0.17 kB[22m
[35m@n8n/utils:build: [0m[34mℹ[39m [33m[CJS][39m [2mdist/[22m[32m[1mnumber/smartDecimal.d.cts[22m[39m         [2m0.19 kB[22m [2m│ gzip: 0.15 kB[22m
[35m@n8n/utils:build: [0m[34mℹ[39m [33m[CJS][39m [2mdist/[22m[32m[1massert.d.cts[22m[39m                      [2m0.18 kB[22m [2m│ gzip: 0.15 kB[22m
[35m@n8n/utils:build: [0m[34mℹ[39m [33m[CJS][39m 9 files, total: 3.10 kB
[35m@n8n/utils:build: [0m[32m✔[39m Build complete in [32m11154ms[39m
[32m@n8n/node-cli:build: [0mcache hit, replaying logs [2mba493a890e6324ed[0m
[32m@n8n/node-cli:build: [0m
[32m@n8n/node-cli:build: [0m> @n8n/node-cli@0.14.0 build /media/krist/CrucialX9/cursor-projects/projects/Project05/n8n/packages/@n8n/node-cli
[32m@n8n/node-cli:build: [0m> tsc -p tsconfig.build.json && pnpm copy-templates
[32m@n8n/node-cli:build: [0m
[32m@n8n/node-cli:build: [0m
[32m@n8n/node-cli:build: [0m> @n8n/node-cli@0.14.0 copy-templates /media/krist/CrucialX9/cursor-projects/projects/Project05/n8n/packages/@n8n/node-cli
[32m@n8n/node-cli:build: [0m> node scripts/copy-templates.mjs
[32m@n8n/node-cli:build: [0m
[32mn8n-workflow:build: [0mcache hit, replaying logs [2m02d8130e63065ca3[0m
[32mn8n-workflow:build: [0m
[32mn8n-workflow:build: [0m> n8n-workflow@1.116.0 build /media/krist/CrucialX9/cursor-projects/projects/Project05/n8n/packages/workflow
[32mn8n-workflow:build: [0m> tsc --build tsconfig.build.esm.json tsconfig.build.cjs.json
[32mn8n-workflow:build: [0m
[34m@n8n/decorators:build: [0mcache hit, replaying logs [2m461dee902fce1f08[0m
[34m@n8n/decorators:build: [0m
[34m@n8n/decorators:build: [0m> @n8n/decorators@0.29.0 build /media/krist/CrucialX9/cursor-projects/projects/Project05/n8n/packages/@n8n/decorators
[34m@n8n/decorators:build: [0m> tsc -p tsconfig.build.json
[34m@n8n/decorators:build: [0m
[35m@n8n/stores:build: [0mcache hit, replaying logs [2m3e1da157d1584c8f[0m
[35m@n8n/stores:build: [0m
[35m@n8n/stores:build: [0m> @n8n/stores@1.26.0 build /media/krist/CrucialX9/cursor-projects/projects/Project05/n8n/packages/frontend/@n8n/stores
[35m@n8n/stores:build: [0m> tsdown
[35m@n8n/stores:build: [0m
[35m@n8n/stores:build: [0m[34mℹ[39m tsdown [2mv0.15.6[22m powered by rolldown [2mv1.0.0-beta.50[22m
[35m@n8n/stores:build: [0m[34mℹ[39m Using tsdown config: [4m/media/krist/CrucialX9/cursor-projects/projects/Project05/n8n/packages/frontend/@n8n/stores/tsdown.config.ts[24m
[35m@n8n/stores:build: [0m[34mℹ[39m entry: [34msrc/constants.ts, src/index.ts, src/metaTagConfig.ts, src/useAgentRequestStore.ts, src/useRootStore.ts[39m
[35m@n8n/stores:build: [0m[34mℹ[39m tsconfig: [34mtsconfig.json[39m
[35m@n8n/stores:build: [0m[34mℹ[39m Build start
[35m@n8n/stores:build: [0m[34mℹ[39m Cleaning 34 files
[35m@n8n/stores:build: [0m[33mWarning: Invalid input options (1 issue found)
[35m@n8n/stores:build: [0m- For the "define". Invalid key: Expected never but received "define". [0m
[35m@n8n/stores:build: [0m[33mWarning: Invalid input options (1 issue found)
[35m@n8n/stores:build: [0m- For the "define". Invalid key: Expected never but received "define". [0m
[35m@n8n/stores:build: [0m[34mℹ[39m [33m[CJS][39m [2mdist/[22m[1museRootStore.cjs[22m              [2m5.68 kB[22m [2m│ gzip: 1.27 kB[22m
[35m@n8n/stores:build: [0m[34mℹ[39m [33m[CJS][39m [2mdist/[22m[1museAgentRequestStore.cjs[22m      [2m1.90 kB[22m [2m│ gzip: 0.57 kB[22m
[35m@n8n/stores:build: [0m[34mℹ[39m [33m[CJS][39m [2mdist/[22m[1mconstants.cjs[22m                 [2m1.44 kB[22m [2m│ gzip: 0.74 kB[22m
[35m@n8n/stores:build: [0m[34mℹ[39m [33m[CJS][39m [2mdist/[22m[1mmetaTagConfig.cjs[22m             [2m1.17 kB[22m [2m│ gzip: 0.46 kB[22m
[35m@n8n/stores:build: [0m[34mℹ[39m [33m[CJS][39m [2mdist/[22m[1mindex.cjs[22m                     [2m0.10 kB[22m [2m│ gzip: 0.08 kB[22m
[35m@n8n/stores:build: [0m[34mℹ[39m [33m[CJS][39m [2mdist/[22museRootStore.cjs.map          [2m9.93 kB[22m [2m│ gzip: 2.19 kB[22m
[35m@n8n/stores:build: [0m[34mℹ[39m [33m[CJS][39m [2mdist/[22museAgentRequestStore.cjs.map  [2m3.72 kB[22m [2m│ gzip: 1.15 kB[22m
[35m@n8n/stores:build: [0m[34mℹ[39m [33m[CJS][39m [2mdist/[22mconstants.cjs.map             [2m2.05 kB[22m [2m│ gzip: 0.96 kB[22m
[35m@n8n/stores:build: [0m[34mℹ[39m [33m[CJS][39m [2mdist/[22mmetaTagConfig.cjs.map         [2m1.85 kB[22m [2m│ gzip: 0.76 kB[22m
[35m@n8n/stores:build: [0m[34mℹ[39m [33m[CJS][39m 9 files, total: 27.84 kB
[35m@n8n/stores:build: [0m[33m[EMPTY_IMPORT_META] Warning:[0m `import.meta` may not be a valid syntax with the `cjs` output format.
[35m@n8n/stores:build: [0m   [38;5;246m╭[0m[38;5;246m─[0m[38;5;246m[[0m src/useRootStore.ts:8:34 [38;5;246m][0m
[35m@n8n/stores:build: [0m   [38;5;246m│[0m
[35m@n8n/stores:build: [0m [38;5;246m8 │[0m [38;5;249mc[0m[38;5;249mo[0m[38;5;249mn[0m[38;5;249ms[0m[38;5;249mt[0m[38;5;249m [0m[38;5;249m{[0m[38;5;249m [0m[38;5;249mV[0m[38;5;249mU[0m[38;5;249mE[0m[38;5;249m_[0m[38;5;249mA[0m[38;5;249mP[0m[38;5;249mP[0m[38;5;249m_[0m[38;5;249mU[0m[38;5;249mR[0m[38;5;249mL[0m[38;5;249m_[0m[38;5;249mB[0m[38;5;249mA[0m[38;5;249mS[0m[38;5;249mE[0m[38;5;249m_[0m[38;5;249mA[0m[38;5;249mP[0m[38;5;249mI[0m[38;5;249m [0m[38;5;249m}[0m[38;5;249m [0m[38;5;249m=[0m[38;5;249m [0mimport.meta[38;5;249m.[0m[38;5;249me[0m[38;5;249mn[0m[38;5;249mv[0m[38;5;249m;[0m
[35m@n8n/stores:build: [0m [38;5;240m  │[0m                                  ─────┬─────  
[35m@n8n/stores:build: [0m [38;5;240m  │[0m                                       ╰─────── This `import.meta` will be replaced with an empty object (`{}`) automatically. If this is desired, you can suppress this warning by adding `transform.define: { 'import.meta': {} }`. If `import.meta` needs to be kept as-is, you need to set the output format to `esm`.
[35m@n8n/stores:build: [0m[38;5;246m───╯[0m
[35m@n8n/stores:build: [0m
[35m@n8n/stores:build: [0m[33mWarning: Invalid input options (1 issue found)
[35m@n8n/stores:build: [0m- For the "define". Invalid key: Expected never but received "define". [0m
[35m@n8n/stores:build: [0m[34mℹ[39m [34m[ESM][39m [2mdist/[22m[1museRootStore.js[22m              [2m 5.41 kB[22m [2m│ gzip: 1.25 kB[22m
[35m@n8n/stores:build: [0m[34mℹ[39m [34m[ESM][39m [2mdist/[22m[1museAgentRequestStore.js[22m      [2m 1.86 kB[22m [2m│ gzip: 0.55 kB[22m
[35m@n8n/stores:build: [0m[34mℹ[39m [34m[ESM][39m [2mdist/[22m[1mconstants.js[22m                 [2m 1.43 kB[22m [2m│ gzip: 0.74 kB[22m
[35m@n8n/stores:build: [0m[34mℹ[39m [34m[ESM][39m [2mdist/[22m[1mmetaTagConfig.js[22m             [2m 1.11 kB[22m [2m│ gzip: 0.45 kB[22m
[35m@n8n/stores:build: [0m[34mℹ[39m [34m[ESM][39m [2mdist/[22m[1mindex.js[22m                     [2m 0.06 kB[22m [2m│ gzip: 0.07 kB[22m
[35m@n8n/stores:build: [0m[34mℹ[39m [34m[ESM][39m [2mdist/[22museRootStore.js.map          [2m10.00 kB[22m [2m│ gzip: 2.16 kB[22m
[35m@n8n/stores:build: [0m[34mℹ[39m [34m[ESM][39m [2mdist/[22museAgentRequestStore.js.map  [2m 3.73 kB[22m [2m│ gzip: 1.16 kB[22m
[35m@n8n/stores:build: [0m[34mℹ[39m [34m[ESM][39m [2mdist/[22mconstants.js.map             [2m 2.05 kB[22m [2m│ gzip: 0.96 kB[22m
[35m@n8n/stores:build: [0m[34mℹ[39m [34m[ESM][39m [2mdist/[22mmetaTagConfig.js.map         [2m 1.85 kB[22m [2m│ gzip: 0.76 kB[22m
[35m@n8n/stores:build: [0m[34mℹ[39m [34m[ESM][39m [2mdist/[22m[32m[1museRootStore.d.ts[22m[39m            [2m 7.43 kB[22m [2m│ gzip: 0.92 kB[22m
[35m@n8n/stores:build: [0m[34mℹ[39m [34m[ESM][39m [2mdist/[22m[32m[1museAgentRequestStore.d.ts[22m[39m    [2m 2.51 kB[22m [2m│ gzip: 0.49 kB[22m
[35m@n8n/stores:build: [0m[34mℹ[39m [34m[ESM][39m [2mdist/[22m[32m[1mconstants.d.ts[22m[39m               [2m 1.88 kB[22m [2m│ gzip: 0.76 kB[22m
[35m@n8n/stores:build: [0m[34mℹ[39m [34m[ESM][39m [2mdist/[22m[32m[1mmetaTagConfig.d.ts[22m[39m           [2m 0.31 kB[22m [2m│ gzip: 0.17 kB[22m
[35m@n8n/stores:build: [0m[34mℹ[39m [34m[ESM][39m [2mdist/[22m[32m[1mindex.d.ts[22m[39m                   [2m 0.06 kB[22m [2m│ gzip: 0.07 kB[22m
[35m@n8n/stores:build: [0m[34mℹ[39m [34m[ESM][39m 14 files, total: 39.69 kB
[35m@n8n/stores:build: [0m[34mℹ[39m [33m[CJS][39m [2mdist/[22m[32m[1museRootStore.d.cts[22m[39m          [2m7.43 kB[22m [2m│ gzip: 0.92 kB[22m
[35m@n8n/stores:build: [0m[34mℹ[39m [33m[CJS][39m [2mdist/[22m[32m[1museAgentRequestStore.d.cts[22m[39m  [2m2.51 kB[22m [2m│ gzip: 0.50 kB[22m
[35m@n8n/stores:build: [0m[34mℹ[39m [33m[CJS][39m [2mdist/[22m[32m[1mconstants.d.cts[22m[39m             [2m1.88 kB[22m [2m│ gzip: 0.77 kB[22m
[35m@n8n/stores:build: [0m[34mℹ[39m [33m[CJS][39m [2mdist/[22m[32m[1mmetaTagConfig.d.cts[22m[39m         [2m0.31 kB[22m [2m│ gzip: 0.17 kB[22m
[35m@n8n/stores:build: [0m[34mℹ[39m [33m[CJS][39m [2mdist/[22m[32m[1mindex.d.cts[22m[39m                 [2m0.06 kB[22m [2m│ gzip: 0.07 kB[22m
[35m@n8n/stores:build: [0m[34mℹ[39m [33m[CJS][39m 5 files, total: 12.19 kB
[35m@n8n/stores:build: [0m[32m✔[39m Build complete in [32m18462ms[39m
[35m@n8n/i18n:build: [0mcache hit, replaying logs [2mf1823196a89edb6b[0m
[35m@n8n/i18n:build: [0m
[35m@n8n/i18n:build: [0m> @n8n/i18n@1.23.0 build /media/krist/CrucialX9/cursor-projects/projects/Project05/n8n/packages/frontend/@n8n/i18n
[35m@n8n/i18n:build: [0m> tsdown
[35m@n8n/i18n:build: [0m
[35m@n8n/i18n:build: [0m[34mℹ[39m tsdown [2mv0.15.6[22m powered by rolldown [2mv1.0.0-beta.50[22m
[35m@n8n/i18n:build: [0m[34mℹ[39m Using tsdown config: [4m/media/krist/CrucialX9/cursor-projects/projects/Project05/n8n/packages/frontend/@n8n/i18n/tsdown.config.ts[24m
[35m@n8n/i18n:build: [0m[34mℹ[39m entry: [34msrc/index.ts, src/types.ts, src/utils.ts[39m
[35m@n8n/i18n:build: [0m[34mℹ[39m tsconfig: [34mtsconfig.json[39m
[35m@n8n/i18n:build: [0m[34mℹ[39m Build start
[35m@n8n/i18n:build: [0m[34mℹ[39m Cleaning 20 files
[35m@n8n/i18n:build: [0m[33mWarning: Invalid input options (1 issue found)
[35m@n8n/i18n:build: [0m- For the "define". Invalid key: Expected never but received "define". [0m
[35m@n8n/i18n:build: [0m[33mWarning: Invalid input options (1 issue found)
[35m@n8n/i18n:build: [0m- For the "define". Invalid key: Expected never but received "define". [0m
[35m@n8n/i18n:build: [0m[34mℹ[39m [33m[CJS][39m [2mdist/[22m[1mindex.cjs[22m           [2m 10.34 kB[22m [2m│ gzip:  2.59 kB[22m
[35m@n8n/i18n:build: [0m[34mℹ[39m [33m[CJS][39m [2mdist/[22m[1mutils.cjs[22m           [2m  2.35 kB[22m [2m│ gzip:  0.96 kB[22m
[35m@n8n/i18n:build: [0m[34mℹ[39m [33m[CJS][39m [2mdist/[22m[1mtypes.cjs[22m           [2m  0.00 kB[22m [2m│ gzip:  0.02 kB[22m
[35m@n8n/i18n:build: [0m[34mℹ[39m [33m[CJS][39m [2mdist/[22mlocales/en.cjs.map  [2m378.74 kB[22m [2m│ gzip: 77.38 kB[22m
[35m@n8n/i18n:build: [0m[34mℹ[39m [33m[CJS][39m [2mdist/[22mlocales/en.cjs      [2m304.77 kB[22m [2m│ gzip: 69.72 kB[22m
[35m@n8n/i18n:build: [0m[34mℹ[39m [33m[CJS][39m [2mdist/[22mindex.cjs.map       [2m 20.68 kB[22m [2m│ gzip:  4.91 kB[22m
[35m@n8n/i18n:build: [0m[34mℹ[39m [33m[CJS][39m [2mdist/[22mutils.cjs.map       [2m  3.42 kB[22m [2m│ gzip:  1.35 kB[22m
[35m@n8n/i18n:build: [0m[34mℹ[39m [33m[CJS][39m 7 files, total: 720.29 kB
[35m@n8n/i18n:build: [0m[33mWarning: Invalid input options (1 issue found)
[35m@n8n/i18n:build: [0m- For the "define". Invalid key: Expected never but received "define". [0m
[35m@n8n/i18n:build: [0m[34mℹ[39m [34m[ESM][39m [2mdist/[22m[1mindex.js[22m           [2m  9.91 kB[22m [2m│ gzip:  2.53 kB[22m
[35m@n8n/i18n:build: [0m[34mℹ[39m [34m[ESM][39m [2mdist/[22m[1mutils.js[22m           [2m  2.24 kB[22m [2m│ gzip:  0.95 kB[22m
[35m@n8n/i18n:build: [0m[34mℹ[39m [34m[ESM][39m [2mdist/[22m[1mtypes.js[22m           [2m  0.01 kB[22m [2m│ gzip:  0.03 kB[22m
[35m@n8n/i18n:build: [0m[34mℹ[39m [34m[ESM][39m [2mdist/[22mlocales/en.js.map  [2m378.74 kB[22m [2m│ gzip: 77.37 kB[22m
[35m@n8n/i18n:build: [0m[34mℹ[39m [34m[ESM][39m [2mdist/[22mlocales/en.js      [2m304.68 kB[22m [2m│ gzip: 69.66 kB[22m
[35m@n8n/i18n:build: [0m[34mℹ[39m [34m[ESM][39m [2mdist/[22mindex.js.map       [2m 20.58 kB[22m [2m│ gzip:  4.87 kB[22m
[35m@n8n/i18n:build: [0m[34mℹ[39m [34m[ESM][39m [2mdist/[22mutils.js.map       [2m  3.42 kB[22m [2m│ gzip:  1.35 kB[22m
[35m@n8n/i18n:build: [0m[34mℹ[39m [34m[ESM][39m [2mdist/[22m[32m[1mindex.d.ts[22m[39m         [2m201.33 kB[22m [2m│ gzip: 27.43 kB[22m
[35m@n8n/i18n:build: [0m[34mℹ[39m [34m[ESM][39m [2mdist/[22m[32m[1mtypes.d.ts[22m[39m         [2m  0.57 kB[22m [2m│ gzip:  0.32 kB[22m
[35m@n8n/i18n:build: [0m[34mℹ[39m [34m[ESM][39m [2mdist/[22m[32m[1mutils.d.ts[22m[39m         [2m  0.46 kB[22m [2m│ gzip:  0.25 kB[22m
[35m@n8n/i18n:build: [0m[34mℹ[39m [34m[ESM][39m [2mdist/[22m[32mlocales/en.d.ts[39m    [2m189.90 kB[22m [2m│ gzip: 26.21 kB[22m
[35m@n8n/i18n:build: [0m[34mℹ[39m [34m[ESM][39m 11 files, total: 1111.84 kB
[35m@n8n/i18n:build: [0m[34mℹ[39m [33m[CJS][39m [2mdist/[22m[32m[1mindex.d.cts[22m[39m       [2m201.33 kB[22m [2m│ gzip: 27.43 kB[22m
[35m@n8n/i18n:build: [0m[34mℹ[39m [33m[CJS][39m [2mdist/[22m[32m[1mtypes.d.cts[22m[39m       [2m  0.57 kB[22m [2m│ gzip:  0.32 kB[22m
[35m@n8n/i18n:build: [0m[34mℹ[39m [33m[CJS][39m [2mdist/[22m[32m[1mutils.d.cts[22m[39m       [2m  0.46 kB[22m [2m│ gzip:  0.25 kB[22m
[35m@n8n/i18n:build: [0m[34mℹ[39m [33m[CJS][39m [2mdist/[22m[32mlocales/en.d.cts[39m  [2m189.90 kB[22m [2m│ gzip: 26.21 kB[22m
[35m@n8n/i18n:build: [0m[34mℹ[39m [33m[CJS][39m 4 files, total: 392.27 kB
[35m@n8n/i18n:build: [0m[32m✔[39m Build complete in [32m20488ms[39m
[33m@n8n/backend-common:build: [0mcache hit, replaying logs [2m2b3bea8ba242cc6f[0m
[33m@n8n/backend-common:build: [0m
[33m@n8n/backend-common:build: [0m> @n8n/backend-common@0.29.0 build /media/krist/CrucialX9/cursor-projects/projects/Project05/n8n/packages/@n8n/backend-common
[33m@n8n/backend-common:build: [0m> tsc -p tsconfig.build.json
[33m@n8n/backend-common:build: [0m
[32m@n8n/api-types:build: [0mcache hit, replaying logs [2m67dea57bb91c4cb4[0m
[32m@n8n/api-types:build: [0m
[32m@n8n/api-types:build: [0m> @n8n/api-types@0.53.0 build /media/krist/CrucialX9/cursor-projects/projects/Project05/n8n/packages/@n8n/api-types
[32m@n8n/api-types:build: [0m> tsc -p tsconfig.build.json
[32m@n8n/api-types:build: [0m
[36mn8n-core:build: [0mcache hit, replaying logs [2m2c7e36fcc29069b1[0m
[36mn8n-core:build: [0m
[36mn8n-core:build: [0m> n8n-core@1.118.0 build /media/krist/CrucialX9/cursor-projects/projects/Project05/n8n/packages/core
[36mn8n-core:build: [0m> tsc -p tsconfig.build.json && tsc-alias -p tsconfig.build.json
[36mn8n-core:build: [0m
[34mn8n-node-dev:build: [0mcache hit, replaying logs [2m953f772de58df8bb[0m
[34mn8n-node-dev:build: [0m
[34mn8n-node-dev:build: [0m> n8n-node-dev@1.117.0 build /media/krist/CrucialX9/cursor-projects/projects/Project05/n8n/packages/node-dev
[34mn8n-node-dev:build: [0m> tsc --noEmit
[34mn8n-node-dev:build: [0m
[35m@n8n/ai-workflow-builder:build: [0mcache hit, replaying logs [2md12b2adb515834ee[0m
[35m@n8n/ai-workflow-builder:build: [0m
[35m@n8n/ai-workflow-builder:build: [0m> @n8n/ai-workflow-builder@0.29.0 build /media/krist/CrucialX9/cursor-projects/projects/Project05/n8n/packages/@n8n/ai-workflow-builder.ee
[35m@n8n/ai-workflow-builder:build: [0m> tsc -p ./tsconfig.build.json && tsc-alias -p tsconfig.build.json
[35m@n8n/ai-workflow-builder:build: [0m
[34m@n8n/rest-api-client:build: [0mcache hit, replaying logs [2m281e8e39254fab76[0m
[34m@n8n/rest-api-client:build: [0m
[34m@n8n/rest-api-client:build: [0m> @n8n/rest-api-client@1.22.0 build /media/krist/CrucialX9/cursor-projects/projects/Project05/n8n/packages/frontend/@n8n/rest-api-client
[34m@n8n/rest-api-client:build: [0m> tsdown
[34m@n8n/rest-api-client:build: [0m
[34m@n8n/rest-api-client:build: [0m[34mℹ[39m tsdown [2mv0.15.6[22m powered by rolldown [2mv1.0.0-beta.50[22m
[34m@n8n/rest-api-client:build: [0m[34mℹ[39m Using tsdown config: [4m/media/krist/CrucialX9/cursor-projects/projects/Project05/n8n/packages/frontend/@n8n/rest-api-client/tsdown.config.ts[24m
[34m@n8n/rest-api-client:build: [0m[34mℹ[39m entry: [34msrc/index.ts, src/types.ts, src/utils.ts, src/api/api-keys.ts, src/api/cloudPlans.ts, src/api/communityNodes.ts, src/api/consent.ts, src/api/ctas.ts, src/api/dynamic-banners.ts, src/api/eventbus.ee.ts, src/api/events.ts, src/api/execution.ts, src/api/externalSecrets.ee.ts, src/api/index.ts, src/api/ldap.ts, src/api/mfa.ts, src/api/module-settings.ts, src/api/nodeTypes.ts, src/api/npsSurvey.ts, src/api/orchestration.ts, src/api/prompts.ts, src/api/provisioning.ts, src/api/roles.ts, src/api/settings.ts, src/api/sso.ts, src/api/tags.ts, src/api/templates.ts, src/api/third-party-licenses.ts, src/api/ui.ts, src/api/usage.ts, src/api/users.ts, src/api/versions.ts, src/api/webhooks.ts, src/api/workflowHistory.ts, src/api/workflows.ts[39m
[34m@n8n/rest-api-client:build: [0m[34mℹ[39m tsconfig: [34mtsconfig.json[39m
[34m@n8n/rest-api-client:build: [0m[34mℹ[39m Build start
[34m@n8n/rest-api-client:build: [0m[33mWarning: Invalid input options (1 issue found)
[34m@n8n/rest-api-client:build: [0m- For the "define". Invalid key: Expected never but received "define". [0m
[34m@n8n/rest-api-client:build: [0m[33mWarning: Invalid input options (1 issue found)
[34m@n8n/rest-api-client:build: [0m- For the "define". Invalid key: Expected never but received "define". [0m
[34m@n8n/rest-api-client:build: [0m[34mℹ[39m [33m[CJS][39m [2mdist/[22m[1mindex.cjs[22m                         [2m 9.89 kB[22m [2m│ gzip: 1.84 kB[22m
[34m@n8n/rest-api-client:build: [0m[34mℹ[39m [33m[CJS][39m [2mdist/[22m[1mapi/index.cjs[22m                     [2m 9.15 kB[22m [2m│ gzip: 1.69 kB[22m
[34m@n8n/rest-api-client:build: [0m[34mℹ[39m [33m[CJS][39m [2mdist/[22m[1mutils.cjs[22m                         [2m 6.71 kB[22m [2m│ gzip: 2.38 kB[22m
[34m@n8n/rest-api-client:build: [0m[34mℹ[39m [33m[CJS][39m [2mdist/[22m[1mapi/users.cjs[22m                     [2m 3.76 kB[22m [2m│ gzip: 0.79 kB[22m
[34m@n8n/rest-api-client:build: [0m[34mℹ[39m [33m[CJS][39m [2mdist/[22m[1mapi/nodeTypes.cjs[22m                 [2m 3.00 kB[22m [2m│ gzip: 0.81 kB[22m
[34m@n8n/rest-api-client:build: [0m[34mℹ[39m [33m[CJS][39m [2mdist/[22m[1mapi/templates.cjs[22m                 [2m 1.90 kB[22m [2m│ gzip: 0.53 kB[22m
[34m@n8n/rest-api-client:build: [0m[34mℹ[39m [33m[CJS][39m [2mdist/[22m[1mapi/sso.cjs[22m                       [2m 1.74 kB[22m [2m│ gzip: 0.40 kB[22m
[34m@n8n/rest-api-client:build: [0m[34mℹ[39m [33m[CJS][39m [2mdist/[22m[1mapi/externalSecrets.ee.cjs[22m        [2m 1.71 kB[22m [2m│ gzip: 0.38 kB[22m
[34m@n8n/rest-api-client:build: [0m[34mℹ[39m [33m[CJS][39m [2mdist/[22m[1mapi/eventbus.ee.cjs[22m               [2m 1.42 kB[22m [2m│ gzip: 0.44 kB[22m
[34m@n8n/rest-api-client:build: [0m[34mℹ[39m [33m[CJS][39m [2mdist/[22m[1mapi/communityNodes.cjs[22m            [2m 1.40 kB[22m [2m│ gzip: 0.53 kB[22m
[34m@n8n/rest-api-client:build: [0m[34mℹ[39m [33m[CJS][39m [2mdist/[22m[1mapi/cloudPlans.cjs[22m                [2m 1.18 kB[22m [2m│ gzip: 0.37 kB[22m
[34m@n8n/rest-api-client:build: [0m[34mℹ[39m [33m[CJS][39m [2mdist/[22m[1mapi/mfa.cjs[22m                       [2m 1.12 kB[22m [2m│ gzip: 0.35 kB[22m
[34m@n8n/rest-api-client:build: [0m[34mℹ[39m [33m[CJS][39m [2mdist/[22m[1mapi/usage.cjs[22m                     [2m 1.09 kB[22m [2m│ gzip: 0.35 kB[22m
[34m@n8n/rest-api-client:build: [0m[34mℹ[39m [33m[CJS][39m [2mdist/[22m[1mapi/roles.cjs[22m                     [2m 1.06 kB[22m [2m│ gzip: 0.35 kB[22m
[34m@n8n/rest-api-client:build: [0m[34mℹ[39m [33m[CJS][39m [2mdist/[22m[1mapi/ldap.cjs[22m                      [2m 1.04 kB[22m [2m│ gzip: 0.34 kB[22m
[34m@n8n/rest-api-client:build: [0m[34mℹ[39m [33m[CJS][39m [2mdist/[22m[1mapi/api-keys.cjs[22m                  [2m 0.98 kB[22m [2m│ gzip: 0.33 kB[22m
[34m@n8n/rest-api-client:build: [0m[34mℹ[39m [33m[CJS][39m [2mdist/[22m[1mapi/versions.cjs[22m                  [2m 0.78 kB[22m [2m│ gzip: 0.34 kB[22m
[34m@n8n/rest-api-client:build: [0m[34mℹ[39m [33m[CJS][39m [2mdist/[22m[1mapi/prompts.cjs[22m                   [2m 0.76 kB[22m [2m│ gzip: 0.34 kB[22m
[34m@n8n/rest-api-client:build: [0m[34mℹ[39m [33m[CJS][39m [2mdist/[22m[1mapi/workflowHistory.cjs[22m           [2m 0.66 kB[22m [2m│ gzip: 0.28 kB[22m
[34m@n8n/rest-api-client:build: [0m[34mℹ[39m [33m[CJS][39m [2mdist/[22m[1mapi/provisioning.cjs[22m              [2m 0.56 kB[22m [2m│ gzip: 0.26 kB[22m
[34m@n8n/rest-api-client:build: [0m[34mℹ[39m [33m[CJS][39m [2mdist/[22m[1mapi/consent.cjs[22m                   [2m 0.50 kB[22m [2m│ gzip: 0.26 kB[22m
[34m@n8n/rest-api-client:build: [0m[34mℹ[39m [33m[CJS][39m [2mdist/[22m[1mapi/third-party-licenses.cjs[22m      [2m 0.38 kB[22m [2m│ gzip: 0.24 kB[22m
[34m@n8n/rest-api-client:build: [0m[34mℹ[39m [33m[CJS][39m [2mdist/[22m[1mapi/orchestration.cjs[22m             [2m 0.38 kB[22m [2m│ gzip: 0.25 kB[22m
[34m@n8n/rest-api-client:build: [0m[34mℹ[39m [33m[CJS][39m [2mdist/[22m[1mapi/ui.cjs[22m                        [2m 0.36 kB[22m [2m│ gzip: 0.24 kB[22m
[34m@n8n/rest-api-client:build: [0m[34mℹ[39m [33m[CJS][39m [2mdist/[22m[1mapi/npsSurvey.cjs[22m                 [2m 0.34 kB[22m [2m│ gzip: 0.23 kB[22m
[34m@n8n/rest-api-client:build: [0m[34mℹ[39m [33m[CJS][39m [2mdist/[22m[1mapi/module-settings.cjs[22m           [2m 0.32 kB[22m [2m│ gzip: 0.21 kB[22m
[34m@n8n/rest-api-client:build: [0m[34mℹ[39m [33m[CJS][39m [2mdist/[22m[1mapi/webhooks.cjs[22m                  [2m 0.30 kB[22m [2m│ gzip: 0.21 kB[22m
[34m@n8n/rest-api-client:build: [0m[34mℹ[39m [33m[CJS][39m [2mdist/[22m[1mapi/dynamic-banners.cjs[22m           [2m 0.30 kB[22m [2m│ gzip: 0.20 kB[22m
[34m@n8n/rest-api-client:build: [0m[34mℹ[39m [33m[CJS][39m [2mdist/[22m[1mapi/events.cjs[22m                    [2m 0.30 kB[22m [2m│ gzip: 0.21 kB[22m
[34m@n8n/rest-api-client:build: [0m[34mℹ[39m [33m[CJS][39m [2mdist/[22m[1mapi/ctas.cjs[22m                      [2m 0.29 kB[22m [2m│ gzip: 0.20 kB[22m
[34m@n8n/rest-api-client:build: [0m[34mℹ[39m [33m[CJS][39m [2mdist/[22m[1mapi/settings.cjs[22m                  [2m 0.28 kB[22m [2m│ gzip: 0.20 kB[22m
[34m@n8n/rest-api-client:build: [0m[34mℹ[39m [33m[CJS][39m [2mdist/[22m[1mapi/execution.cjs[22m                 [2m 0.00 kB[22m [2m│ gzip: 0.02 kB[22m
[34m@n8n/rest-api-client:build: [0m[34mℹ[39m [33m[CJS][39m [2mdist/[22m[1mapi/tags.cjs[22m                      [2m 0.00 kB[22m [2m│ gzip: 0.02 kB[22m
[34m@n8n/rest-api-client:build: [0m[34mℹ[39m [33m[CJS][39m [2mdist/[22m[1mapi/workflows.cjs[22m                 [2m 0.00 kB[22m [2m│ gzip: 0.02 kB[22m
[34m@n8n/rest-api-client:build: [0m[34mℹ[39m [33m[CJS][39m [2mdist/[22m[1mtypes.cjs[22m                         [2m 0.00 kB[22m [2m│ gzip: 0.02 kB[22m
[34m@n8n/rest-api-client:build: [0m[34mℹ[39m [33m[CJS][39m [2mdist/[22mutils.cjs.map                     [2m12.48 kB[22m [2m│ gzip: 4.12 kB[22m
[34m@n8n/rest-api-client:build: [0m[34mℹ[39m [33m[CJS][39m [2mdist/[22mapi/users.cjs.map                 [2m 8.64 kB[22m [2m│ gzip: 1.84 kB[22m
[34m@n8n/rest-api-client:build: [0m[34mℹ[39m [33m[CJS][39m [2mdist/[22mapi/templates.cjs.map             [2m 6.31 kB[22m [2m│ gzip: 1.71 kB[22m
[34m@n8n/rest-api-client:build: [0m[34mℹ[39m [33m[CJS][39m [2mdist/[22mapi/nodeTypes.cjs.map             [2m 4.67 kB[22m [2m│ gzip: 1.32 kB[22m
[34m@n8n/rest-api-client:build: [0m[33m[EMPTY_IMPORT_META] Warning:[0m `import.meta` may not be a valid syntax with the `cjs` output format.
[34m@n8n/rest-api-client:build: [0m[34mℹ[39m [33m[CJS][39m [2mdist/[22mapi/sso.cjs.map                   [2m 2.84 kB[22m [2m│ gzip: 0.77 kB[22m
[34m@n8n/rest-api-client:build: [0m[34mℹ[39m [33m[CJS][39m [2mdist/[22mapi/cloudPlans.cjs.map            [2m 2.80 kB[22m [2m│ gzip: 1.01 kB[22m
[34m@n8n/rest-api-client:build: [0m[34mℹ[39m [33m[CJS][39m [2mdist/[22mapi/externalSecrets.ee.cjs.map    [2m 2.64 kB[22m [2m│ gzip: 0.70 kB[22m
[34m@n8n/rest-api-client:build: [0m     [38;5;246m╭[0m[38;5;246m─[0m[38;5;246m[[0m src/utils.ts:112:3 [38;5;246m][0m
[34m@n8n/rest-api-client:build: [0m[34mℹ[39m [33m[CJS][39m [2mdist/[22mapi/ldap.cjs.map                  [2m 2.60 kB[22m [2m│ gzip: 0.88 kB[22m
[34m@n8n/rest-api-client:build: [0m[34mℹ[39m [33m[CJS][39m [2mdist/[22mapi/eventbus.ee.cjs.map           [2m 2.34 kB[22m [2m│ gzip: 0.80 kB[22m
[34m@n8n/rest-api-client:build: [0m     [38;5;246m│[0m
[34m@n8n/rest-api-client:build: [0m [38;5;246m112 │[0m [38;5;249m [0m[38;5;249m [0m[38;5;249m [0m[38;5;249m [0m[38;5;249m [0m[38;5;249m [0m[38;5;249m [0mimport.meta[38;5;249m.[0m[38;5;249me[0m[38;5;249mn[0m[38;5;249mv[0m[38;5;249m.[0m[38;5;249mN[0m[38;5;249mO[0m[38;5;249mD[0m[38;5;249mE[0m[38;5;249m_[0m[38;5;249mE[0m[38;5;249mN[0m[38;5;249mV[0m[38;5;249m [0m[38;5;249m![0m[38;5;249m=[0m[38;5;249m=[0m[38;5;249m [0m[38;5;249m'[0m[38;5;249mp[0m[38;5;249mr[0m[38;5;249mo[0m[38;5;249md[0m[38;5;249mu[0m[38;5;249mc[0m[38;5;249mt[0m[38;5;249mi[0m[38;5;249mo[0m[38;5;249mn[0m[38;5;249m'[0m[38;5;249m [0m[38;5;249m&[0m[38;5;249m&[0m
[34m@n8n/rest-api-client:build: [0m[34mℹ[39m [33m[CJS][39m [2mdist/[22mapi/communityNodes.cjs.map        [2m 2.12 kB[22m [2m│ gzip: 0.82 kB[22m
[34m@n8n/rest-api-client:build: [0m[34mℹ[39m [33m[CJS][39m [2mdist/[22mapi/versions.cjs.map              [2m 2.05 kB[22m [2m│ gzip: 0.78 kB[22m
[34m@n8n/rest-api-client:build: [0m[34mℹ[39m [33m[CJS][39m [2mdist/[22mapi/mfa.cjs.map                   [2m 1.88 kB[22m [2m│ gzip: 0.62 kB[22m
[34m@n8n/rest-api-client:build: [0m[34mℹ[39m [33m[CJS][39m [2mdist/[22mapi/usage.cjs.map                 [2m 1.80 kB[22m [2m│ gzip: 0.64 kB[22m
[34m@n8n/rest-api-client:build: [0m [38;5;240m    │[0m        ─────┬─────  
[34m@n8n/rest-api-client:build: [0m[34mℹ[39m [33m[CJS][39m [2mdist/[22mapi/roles.cjs.map                 [2m 1.76 kB[22m [2m│ gzip: 0.60 kB[22m
[34m@n8n/rest-api-client:build: [0m[34mℹ[39m [33m[CJS][39m [2mdist/[22mapi/api-keys.cjs.map              [2m 1.76 kB[22m [2m│ gzip: 0.59 kB[22m
[34m@n8n/rest-api-client:build: [0m [38;5;240m    │[0m             ╰─────── This `import.meta` will be replaced with an empty object (`{}`) automatically. If this is desired, you can suppress this warning by adding `transform.define: { 'import.meta': {} }`. If `import.meta` needs to be kept as-is, you need to set the output format to `esm`.
[34m@n8n/rest-api-client:build: [0m[38;5;246m─────╯[0m
[34m@n8n/rest-api-client:build: [0m
[34m@n8n/rest-api-client:build: [0m[34mℹ[39m [33m[CJS][39m [2mdist/[22mapi/workflowHistory.cjs.map       [2m 1.63 kB[22m [2m│ gzip: 0.62 kB[22m
[34m@n8n/rest-api-client:build: [0m[34mℹ[39m [33m[CJS][39m [2mdist/[22mapi/prompts.cjs.map               [2m 1.17 kB[22m [2m│ gzip: 0.53 kB[22m
[34m@n8n/rest-api-client:build: [0m[34mℹ[39m [33m[CJS][39m [2mdist/[22mapi/provisioning.cjs.map          [2m 1.08 kB[22m [2m│ gzip: 0.47 kB[22m
[34m@n8n/rest-api-client:build: [0m[34mℹ[39m [33m[CJS][39m [2mdist/[22m_virtual/rolldown_runtime.cjs     [2m 1.00 kB[22m [2m│ gzip: 0.51 kB[22m
[34m@n8n/rest-api-client:build: [0m[34mℹ[39m [33m[CJS][39m [2mdist/[22mapi/consent.cjs.map               [2m 0.96 kB[22m [2m│ gzip: 0.45 kB[22m
[34m@n8n/rest-api-client:build: [0m[34mℹ[39m [33m[CJS][39m [2mdist/[22mapi/dynamic-banners.cjs.map       [2m 0.94 kB[22m [2m│ gzip: 0.51 kB[22m
[34m@n8n/rest-api-client:build: [0m[34mℹ[39m [33m[CJS][39m [2mdist/[22mapi/webhooks.cjs.map              [2m 0.73 kB[22m [2m│ gzip: 0.42 kB[22m
[34m@n8n/rest-api-client:build: [0m[34mℹ[39m [33m[CJS][39m [2mdist/[22mapi/ui.cjs.map                    [2m 0.66 kB[22m [2m│ gzip: 0.40 kB[22m
[34m@n8n/rest-api-client:build: [0m[34mℹ[39m [33m[CJS][39m [2mdist/[22mapi/module-settings.cjs.map       [2m 0.56 kB[22m [2m│ gzip: 0.33 kB[22m
[34m@n8n/rest-api-client:build: [0m[34mℹ[39m [33m[CJS][39m [2mdist/[22mapi/orchestration.cjs.map         [2m 0.56 kB[22m [2m│ gzip: 0.35 kB[22m
[34m@n8n/rest-api-client:build: [0m[34mℹ[39m [33m[CJS][39m [2mdist/[22mapi/third-party-licenses.cjs.map  [2m 0.56 kB[22m [2m│ gzip: 0.35 kB[22m
[34m@n8n/rest-api-client:build: [0m[34mℹ[39m [33m[CJS][39m [2mdist/[22mapi/npsSurvey.cjs.map             [2m 0.55 kB[22m [2m│ gzip: 0.33 kB[22m
[34m@n8n/rest-api-client:build: [0m[34mℹ[39m [33m[CJS][39m [2mdist/[22mapi/settings.cjs.map              [2m 0.52 kB[22m [2m│ gzip: 0.31 kB[22m
[34m@n8n/rest-api-client:build: [0m[34mℹ[39m [33m[CJS][39m [2mdist/[22mapi/events.cjs.map                [2m 0.47 kB[22m [2m│ gzip: 0.31 kB[22m
[34m@n8n/rest-api-client:build: [0m[34mℹ[39m [33m[CJS][39m [2mdist/[22mapi/ctas.cjs.map                  [2m 0.46 kB[22m [2m│ gzip: 0.32 kB[22m
[34m@n8n/rest-api-client:build: [0m[34mℹ[39m [33m[CJS][39m 65 files, total: 122.20 kB
[34m@n8n/rest-api-client:build: [0m[33mWarning: Invalid input options (1 issue found)
[34m@n8n/rest-api-client:build: [0m- For the "define". Invalid key: Expected never but received "define". [0m
[34m@n8n/rest-api-client:build: [0m[34mℹ[39m [34m[ESM][39m [2mdist/[22m[1mutils.js[22m                         [2m 6.25 kB[22m [2m│ gzip: 2.27 kB[22m
[34m@n8n/rest-api-client:build: [0m[34mℹ[39m [34m[ESM][39m [2mdist/[22m[1mindex.js[22m                         [2m 5.63 kB[22m [2m│ gzip: 1.47 kB[22m
[34m@n8n/rest-api-client:build: [0m[34mℹ[39m [34m[ESM][39m [2mdist/[22m[1mapi/index.js[22m                     [2m 5.16 kB[22m [2m│ gzip: 1.34 kB[22m
[34m@n8n/rest-api-client:build: [0m[34mℹ[39m [34m[ESM][39m [2mdist/[22m[1mapi/users.js[22m                     [2m 3.00 kB[22m [2m│ gzip: 0.69 kB[22m
[34m@n8n/rest-api-client:build: [0m[34mℹ[39m [34m[ESM][39m [2mdist/[22m[1mapi/nodeTypes.js[22m                 [2m 2.38 kB[22m [2m│ gzip: 0.70 kB[22m
[34m@n8n/rest-api-client:build: [0m[34mℹ[39m [34m[ESM][39m [2mdist/[22m[1mapi/templates.js[22m                 [2m 1.61 kB[22m [2m│ gzip: 0.49 kB[22m
[34m@n8n/rest-api-client:build: [0m[34mℹ[39m [34m[ESM][39m [2mdist/[22m[1mapi/sso.js[22m                       [2m 1.41 kB[22m [2m│ gzip: 0.36 kB[22m
[34m@n8n/rest-api-client:build: [0m[34mℹ[39m [34m[ESM][39m [2mdist/[22m[1mapi/externalSecrets.ee.js[22m        [2m 1.40 kB[22m [2m│ gzip: 0.35 kB[22m
[34m@n8n/rest-api-client:build: [0m[34mℹ[39m [34m[ESM][39m [2mdist/[22m[1mapi/eventbus.ee.js[22m               [2m 1.16 kB[22m [2m│ gzip: 0.40 kB[22m
[34m@n8n/rest-api-client:build: [0m[34mℹ[39m [34m[ESM][39m [2mdist/[22m[1mapi/communityNodes.js[22m            [2m 1.12 kB[22m [2m│ gzip: 0.47 kB[22m
[34m@n8n/rest-api-client:build: [0m[34mℹ[39m [34m[ESM][39m [2mdist/[22m[1mapi/cloudPlans.js[22m                [2m 0.93 kB[22m [2m│ gzip: 0.34 kB[22m
[34m@n8n/rest-api-client:build: [0m[34mℹ[39m [34m[ESM][39m [2mdist/[22m[1mapi/mfa.js[22m                       [2m 0.91 kB[22m [2m│ gzip: 0.31 kB[22m
[34m@n8n/rest-api-client:build: [0m[34mℹ[39m [34m[ESM][39m [2mdist/[22m[1mapi/usage.js[22m                     [2m 0.89 kB[22m [2m│ gzip: 0.32 kB[22m
[34m@n8n/rest-api-client:build: [0m[34mℹ[39m [34m[ESM][39m [2mdist/[22m[1mapi/roles.js[22m                     [2m 0.87 kB[22m [2m│ gzip: 0.33 kB[22m
[34m@n8n/rest-api-client:build: [0m[34mℹ[39m [34m[ESM][39m [2mdist/[22m[1mapi/ldap.js[22m                      [2m 0.84 kB[22m [2m│ gzip: 0.31 kB[22m
[34m@n8n/rest-api-client:build: [0m[34mℹ[39m [34m[ESM][39m [2mdist/[22m[1mapi/api-keys.js[22m                  [2m 0.80 kB[22m [2m│ gzip: 0.29 kB[22m
[34m@n8n/rest-api-client:build: [0m[34mℹ[39m [34m[ESM][39m [2mdist/[22m[1mapi/versions.js[22m                  [2m 0.60 kB[22m [2m│ gzip: 0.29 kB[22m
[34m@n8n/rest-api-client:build: [0m[34mℹ[39m [34m[ESM][39m [2mdist/[22m[1mapi/workflowHistory.js[22m           [2m 0.57 kB[22m [2m│ gzip: 0.27 kB[22m
[34m@n8n/rest-api-client:build: [0m[34mℹ[39m [34m[ESM][39m [2mdist/[22m[1mapi/prompts.js[22m                   [2m 0.57 kB[22m [2m│ gzip: 0.29 kB[22m
[34m@n8n/rest-api-client:build: [0m[34mℹ[39m [34m[ESM][39m [2mdist/[22m[1mapi/provisioning.js[22m              [2m 0.48 kB[22m [2m│ gzip: 0.24 kB[22m
[34m@n8n/rest-api-client:build: [0m[34mℹ[39m [34m[ESM][39m [2mdist/[22m[1mapi/consent.js[22m                   [2m 0.43 kB[22m [2m│ gzip: 0.24 kB[22m
[34m@n8n/rest-api-client:build: [0m[34mℹ[39m [34m[ESM][39m [2mdist/[22m[1mapi/orchestration.js[22m             [2m 0.35 kB[22m [2m│ gzip: 0.24 kB[22m
[34m@n8n/rest-api-client:build: [0m[34mℹ[39m [34m[ESM][39m [2mdist/[22m[1mapi/third-party-licenses.js[22m      [2m 0.34 kB[22m [2m│ gzip: 0.23 kB[22m
[34m@n8n/rest-api-client:build: [0m[34mℹ[39m [34m[ESM][39m [2mdist/[22m[1mapi/ui.js[22m                        [2m 0.32 kB[22m [2m│ gzip: 0.23 kB[22m
[34m@n8n/rest-api-client:build: [0m[34mℹ[39m [34m[ESM][39m [2mdist/[22m[1mapi/npsSurvey.js[22m                 [2m 0.30 kB[22m [2m│ gzip: 0.21 kB[22m
[34m@n8n/rest-api-client:build: [0m[34mℹ[39m [34m[ESM][39m [2mdist/[22m[1mapi/module-settings.js[22m           [2m 0.29 kB[22m [2m│ gzip: 0.20 kB[22m
[34m@n8n/rest-api-client:build: [0m[34mℹ[39m [34m[ESM][39m [2mdist/[22m[1mapi/webhooks.js[22m                  [2m 0.28 kB[22m [2m│ gzip: 0.21 kB[22m
[34m@n8n/rest-api-client:build: [0m[34mℹ[39m [34m[ESM][39m [2mdist/[22m[1mapi/events.js[22m                    [2m 0.27 kB[22m [2m│ gzip: 0.20 kB[22m
[34m@n8n/rest-api-client:build: [0m[34mℹ[39m [34m[ESM][39m [2mdist/[22m[1mapi/dynamic-banners.js[22m           [2m 0.26 kB[22m [2m│ gzip: 0.19 kB[22m
[34m@n8n/rest-api-client:build: [0m[34mℹ[39m [34m[ESM][39m [2mdist/[22m[1mapi/settings.js[22m                  [2m 0.26 kB[22m [2m│ gzip: 0.19 kB[22m
[34m@n8n/rest-api-client:build: [0m[34mℹ[39m [34m[ESM][39m [2mdist/[22m[1mapi/ctas.js[22m                      [2m 0.25 kB[22m [2m│ gzip: 0.19 kB[22m
[34m@n8n/rest-api-client:build: [0m[34mℹ[39m [34m[ESM][39m [2mdist/[22m[1mapi/execution.js[22m                 [2m 0.01 kB[22m [2m│ gzip: 0.03 kB[22m
[34m@n8n/rest-api-client:build: [0m[34mℹ[39m [34m[ESM][39m [2mdist/[22m[1mapi/tags.js[22m                      [2m 0.01 kB[22m [2m│ gzip: 0.03 kB[22m
[34m@n8n/rest-api-client:build: [0m[34mℹ[39m [34m[ESM][39m [2mdist/[22m[1mapi/workflows.js[22m                 [2m 0.01 kB[22m [2m│ gzip: 0.03 kB[22m
[34m@n8n/rest-api-client:build: [0m[34mℹ[39m [34m[ESM][39m [2mdist/[22m[1mtypes.js[22m                         [2m 0.01 kB[22m [2m│ gzip: 0.03 kB[22m
[34m@n8n/rest-api-client:build: [0m[34mℹ[39m [34m[ESM][39m [2mdist/[22mutils.js.map                     [2m12.45 kB[22m [2m│ gzip: 4.10 kB[22m
[34m@n8n/rest-api-client:build: [0m[34mℹ[39m [34m[ESM][39m [2mdist/[22mapi/users.js.map                 [2m 8.60 kB[22m [2m│ gzip: 1.83 kB[22m
[34m@n8n/rest-api-client:build: [0m[34mℹ[39m [34m[ESM][39m [2mdist/[22mapi/templates.js.map             [2m 6.29 kB[22m [2m│ gzip: 1.70 kB[22m
[34m@n8n/rest-api-client:build: [0m[34mℹ[39m [34m[ESM][39m [2mdist/[22mapi/nodeTypes.js.map             [2m 4.64 kB[22m [2m│ gzip: 1.31 kB[22m
[34m@n8n/rest-api-client:build: [0m[34mℹ[39m [34m[ESM][39m [2mdist/[22mapi/sso.js.map                   [2m 2.81 kB[22m [2m│ gzip: 0.77 kB[22m
[34m@n8n/rest-api-client:build: [0m[34mℹ[39m [34m[ESM][39m [2mdist/[22mapi/cloudPlans.js.map            [2m 2.77 kB[22m [2m│ gzip: 1.00 kB[22m
[34m@n8n/rest-api-client:build: [0m[34mℹ[39m [34m[ESM][39m [2mdist/[22mapi/externalSecrets.ee.js.map    [2m 2.62 kB[22m [2m│ gzip: 0.70 kB[22m
[34m@n8n/rest-api-client:build: [0m[34mℹ[39m [34m[ESM][39m [2mdist/[22mapi/ldap.js.map                  [2m 2.58 kB[22m [2m│ gzip: 0.87 kB[22m
[34m@n8n/rest-api-client:build: [0m[34mℹ[39m [34m[ESM][39m [2mdist/[22mapi/eventbus.ee.js.map           [2m 2.31 kB[22m [2m│ gzip: 0.79 kB[22m
[34m@n8n/rest-api-client:build: [0m[34mℹ[39m [34m[ESM][39m [2mdist/[22mapi/communityNodes.js.map        [2m 2.04 kB[22m [2m│ gzip: 0.80 kB[22m
[34m@n8n/rest-api-client:build: [0m[34mℹ[39m [34m[ESM][39m [2mdist/[22mapi/versions.js.map              [2m 1.99 kB[22m [2m│ gzip: 0.77 kB[22m
[34m@n8n/rest-api-client:build: [0m[34mℹ[39m [34m[ESM][39m [2mdist/[22mapi/mfa.js.map                   [2m 1.85 kB[22m [2m│ gzip: 0.61 kB[22m
[34m@n8n/rest-api-client:build: [0m[34mℹ[39m [34m[ESM][39m [2mdist/[22mapi/usage.js.map                 [2m 1.77 kB[22m [2m│ gzip: 0.63 kB[22m
[34m@n8n/rest-api-client:build: [0m[34mℹ[39m [34m[ESM][39m [2mdist/[22mapi/roles.js.map                 [2m 1.73 kB[22m [2m│ gzip: 0.60 kB[22m
[34m@n8n/rest-api-client:build: [0m[34mℹ[39m [34m[ESM][39m [2mdist/[22mapi/api-keys.js.map              [2m 1.73 kB[22m [2m│ gzip: 0.58 kB[22m
[34m@n8n/rest-api-client:build: [0m[34mℹ[39m [34m[ESM][39m [2mdist/[22mapi/workflowHistory.js.map       [2m 1.62 kB[22m [2m│ gzip: 0.61 kB[22m
[34m@n8n/rest-api-client:build: [0m[34mℹ[39m [34m[ESM][39m [2mdist/[22mapi/prompts.js.map               [2m 1.13 kB[22m [2m│ gzip: 0.52 kB[22m
[34m@n8n/rest-api-client:build: [0m[34mℹ[39m [34m[ESM][39m [2mdist/[22mapi/provisioning.js.map          [2m 1.06 kB[22m [2m│ gzip: 0.46 kB[22m
[34m@n8n/rest-api-client:build: [0m[34mℹ[39m [34m[ESM][39m [2mdist/[22mapi/consent.js.map               [2m 0.94 kB[22m [2m│ gzip: 0.45 kB[22m
[34m@n8n/rest-api-client:build: [0m[34mℹ[39m [34m[ESM][39m [2mdist/[22mapi/dynamic-banners.js.map       [2m 0.93 kB[22m [2m│ gzip: 0.50 kB[22m
[34m@n8n/rest-api-client:build: [0m[34mℹ[39m [34m[ESM][39m [2mdist/[22mapi/webhooks.js.map              [2m 0.71 kB[22m [2m│ gzip: 0.41 kB[22m
[34m@n8n/rest-api-client:build: [0m[34mℹ[39m [34m[ESM][39m [2mdist/[22mapi/ui.js.map                    [2m 0.64 kB[22m [2m│ gzip: 0.40 kB[22m
[34m@n8n/rest-api-client:build: [0m[34mℹ[39m [34m[ESM][39m [2mdist/[22mapi/third-party-licenses.js.map  [2m 0.55 kB[22m [2m│ gzip: 0.35 kB[22m
[34m@n8n/rest-api-client:build: [0m[34mℹ[39m [34m[ESM][39m [2mdist/[22mapi/module-settings.js.map       [2m 0.54 kB[22m [2m│ gzip: 0.32 kB[22m
[34m@n8n/rest-api-client:build: [0m[34mℹ[39m [34m[ESM][39m [2mdist/[22mapi/orchestration.js.map         [2m 0.54 kB[22m [2m│ gzip: 0.35 kB[22m
[34m@n8n/rest-api-client:build: [0m[34mℹ[39m [34m[ESM][39m [2mdist/[22mapi/npsSurvey.js.map             [2m 0.53 kB[22m [2m│ gzip: 0.33 kB[22m
[34m@n8n/rest-api-client:build: [0m[34mℹ[39m [34m[ESM][39m [2mdist/[22mapi/settings.js.map              [2m 0.50 kB[22m [2m│ gzip: 0.31 kB[22m
[34m@n8n/rest-api-client:build: [0m[34mℹ[39m [34m[ESM][39m [2mdist/[22mapi/ctas.js.map                  [2m 0.45 kB[22m [2m│ gzip: 0.31 kB[22m
[34m@n8n/rest-api-client:build: [0m[34mℹ[39m [34m[ESM][39m [2mdist/[22mapi/events.js.map                [2m 0.44 kB[22m [2m│ gzip: 0.30 kB[22m
[34m@n8n/rest-api-client:build: [0m[34mℹ[39m [34m[ESM][39m [2mdist/[22m[32m[1mindex.d.ts[22m[39m                       [2m 7.77 kB[22m [2m│ gzip: 1.84 kB[22m
[34m@n8n/rest-api-client:build: [0m[34mℹ[39m [34m[ESM][39m [2mdist/[22m[32m[1mapi/index.d.ts[22m[39m                   [2m 7.26 kB[22m [2m│ gzip: 1.70 kB[22m
[34m@n8n/rest-api-client:build: [0m[34mℹ[39m [34m[ESM][39m [2mdist/[22m[32m[1mapi/users.d.ts[22m[39m                   [2m 5.35 kB[22m [2m│ gzip: 1.18 kB[22m
[34m@n8n/rest-api-client:build: [0m[34mℹ[39m [34m[ESM][39m [2mdist/[22m[32m[1mapi/templates.d.ts[22m[39m               [2m 4.14 kB[22m [2m│ gzip: 1.02 kB[22m
[34m@n8n/rest-api-client:build: [0m[34mℹ[39m [34m[ESM][39m [2mdist/[22m[32m[1mutils.d.ts[22m[39m                       [2m 2.14 kB[22m [2m│ gzip: 0.76 kB[22m
[34m@n8n/rest-api-client:build: [0m[34mℹ[39m [34m[ESM][39m [2mdist/[22m[32m[1mapi/nodeTypes.d.ts[22m[39m               [2m 2.00 kB[22m [2m│ gzip: 0.55 kB[22m
[34m@n8n/rest-api-client:build: [0m[34mℹ[39m [34m[ESM][39m [2mdist/[22m[32m[1mapi/cloudPlans.d.ts[22m[39m              [2m 1.89 kB[22m [2m│ gzip: 0.73 kB[22m
[34m@n8n/rest-api-client:build: [0m[34mℹ[39m [34m[ESM][39m [2mdist/[22m[32m[1mapi/ldap.d.ts[22m[39m                    [2m 1.66 kB[22m [2m│ gzip: 0.58 kB[22m
[34m@n8n/rest-api-client:build: [0m[34mℹ[39m [34m[ESM][39m [2mdist/[22m[32m[1mapi/sso.d.ts[22m[39m                     [2m 1.32 kB[22m [2m│ gzip: 0.41 kB[22m
[34m@n8n/rest-api-client:build: [0m[34mℹ[39m [34m[ESM][39m [2mdist/[22m[32m[1mapi/versions.d.ts[22m[39m                [2m 1.28 kB[22m [2m│ gzip: 0.50 kB[22m
[34m@n8n/rest-api-client:build: [0m[34mℹ[39m [34m[ESM][39m [2mdist/[22m[32m[1mapi/eventbus.ee.d.ts[22m[39m             [2m 1.25 kB[22m [2m│ gzip: 0.40 kB[22m
[34m@n8n/rest-api-client:build: [0m[34mℹ[39m [34m[ESM][39m [2mdist/[22m[32m[1mapi/externalSecrets.ee.d.ts[22m[39m      [2m 1.25 kB[22m [2m│ gzip: 0.36 kB[22m
[34m@n8n/rest-api-client:build: [0m[34mℹ[39m [34m[ESM][39m [2mdist/[22m[32m[1mapi/workflowHistory.d.ts[22m[39m         [2m 1.07 kB[22m [2m│ gzip: 0.42 kB[22m
[34m@n8n/rest-api-client:build: [0m[34mℹ[39m [34m[ESM][39m [2mdist/[22m[32m[1mapi/workflows.d.ts[22m[39m               [2m 1.07 kB[22m [2m│ gzip: 0.41 kB[22m
[34m@n8n/rest-api-client:build: [0m[34mℹ[39m [34m[ESM][39m [2mdist/[22m[32m[1mapi/mfa.d.ts[22m[39m                     [2m 0.90 kB[22m [2m│ gzip: 0.35 kB[22m
[34m@n8n/rest-api-client:build: [0m[34mℹ[39m [34m[ESM][39m [2mdist/[22m[32m[1mapi/api-keys.d.ts[22m[39m                [2m 0.89 kB[22m [2m│ gzip: 0.34 kB[22m
[34m@n8n/rest-api-client:build: [0m[34mℹ[39m [34m[ESM][39m [2mdist/[22m[32m[1mapi/communityNodes.d.ts[22m[39m          [2m 0.88 kB[22m [2m│ gzip: 0.34 kB[22m
[34m@n8n/rest-api-client:build: [0m[34mℹ[39m [34m[ESM][39m [2mdist/[22m[32m[1mapi/usage.d.ts[22m[39m                   [2m 0.88 kB[22m [2m│ gzip: 0.34 kB[22m
[34m@n8n/rest-api-client:build: [0m[34mℹ[39m [34m[ESM][39m [2mdist/[22m[32m[1mapi/roles.d.ts[22m[39m                   [2m 0.83 kB[22m [2m│ gzip: 0.32 kB[22m
[34m@n8n/rest-api-client:build: [0m[34mℹ[39m [34m[ESM][39m [2mdist/[22m[32m[1mapi/dynamic-banners.d.ts[22m[39m         [2m 0.74 kB[22m [2m│ gzip: 0.40 kB[22m
[34m@n8n/rest-api-client:build: [0m[34mℹ[39m [34m[ESM][39m [2mdist/[22m[32m[1mapi/provisioning.d.ts[22m[39m            [2m 0.66 kB[22m [2m│ gzip: 0.28 kB[22m
[34m@n8n/rest-api-client:build: [0m[34mℹ[39m [34m[ESM][39m [2mdist/[22m[32m[1mapi/consent.d.ts[22m[39m                 [2m 0.56 kB[22m [2m│ gzip: 0.28 kB[22m
[34m@n8n/rest-api-client:build: [0m[34mℹ[39m [34m[ESM][39m [2mdist/[22m[32m[1mapi/prompts.d.ts[22m[39m                 [2m 0.51 kB[22m [2m│ gzip: 0.26 kB[22m
[34m@n8n/rest-api-client:build: [0m[34mℹ[39m [34m[ESM][39m [2mdist/[22m[32m[1mapi/webhooks.d.ts[22m[39m                [2m 0.45 kB[22m [2m│ gzip: 0.27 kB[22m
[34m@n8n/rest-api-client:build: [0m[34mℹ[39m [34m[ESM][39m [2mdist/[22m[32m[1mapi/ui.d.ts[22m[39m                      [2m 0.35 kB[22m [2m│ gzip: 0.24 kB[22m
[34m@n8n/rest-api-client:build: [0m[34mℹ[39m [34m[ESM][39m [2mdist/[22m[32m[1mapi/module-settings.d.ts[22m[39m         [2m 0.33 kB[22m [2m│ gzip: 0.21 kB[22m
[34m@n8n/rest-api-client:build: [0m[34mℹ[39m [34m[ESM][39m [2mdist/[22m[32m[1mapi/npsSurvey.d.ts[22m[39m               [2m 0.32 kB[22m [2m│ gzip: 0.21 kB[22m
[34m@n8n/rest-api-client:build: [0m[34mℹ[39m [34m[ESM][39m [2mdist/[22m[32m[1mapi/settings.d.ts[22m[39m                [2m 0.29 kB[22m [2m│ gzip: 0.20 kB[22m
[34m@n8n/rest-api-client:build: [0m[34mℹ[39m [34m[ESM][39m [2mdist/[22m[32m[1mapi/third-party-licenses.d.ts[22m[39m    [2m 0.27 kB[22m [2m│ gzip: 0.19 kB[22m
[34m@n8n/rest-api-client:build: [0m[34mℹ[39m [34m[ESM][39m [2mdist/[22m[32m[1mapi/orchestration.d.ts[22m[39m           [2m 0.25 kB[22m [2m│ gzip: 0.19 kB[22m
[34m@n8n/rest-api-client:build: [0m[34mℹ[39m [34m[ESM][39m [2mdist/[22m[32m[1mapi/ctas.d.ts[22m[39m                    [2m 0.24 kB[22m [2m│ gzip: 0.18 kB[22m
[34m@n8n/rest-api-client:build: [0m[34mℹ[39m [34m[ESM][39m [2mdist/[22m[32m[1mapi/events.d.ts[22m[39m                  [2m 0.23 kB[22m [2m│ gzip: 0.17 kB[22m
[34m@n8n/rest-api-client:build: [0m[34mℹ[39m [34m[ESM][39m [2mdist/[22m[32m[1mapi/tags.d.ts[22m[39m                    [2m 0.21 kB[22m [2m│ gzip: 0.16 kB[22m
[34m@n8n/rest-api-client:build: [0m[34mℹ[39m [34m[ESM][39m [2mdist/[22m[32m[1mtypes.d.ts[22m[39m                       [2m 0.17 kB[22m [2m│ gzip: 0.14 kB[22m
[34m@n8n/rest-api-client:build: [0m[34mℹ[39m [34m[ESM][39m [2mdist/[22m[32m[1mapi/execution.d.ts[22m[39m               [2m 0.01 kB[22m [2m│ gzip: 0.03 kB[22m
[34m@n8n/rest-api-client:build: [0m[34mℹ[39m [34m[ESM][39m 99 files, total: 156.20 kB
[34m@n8n/rest-api-client:build: [0m[34mℹ[39m [33m[CJS][39m [2mdist/[22m[32m[1mindex.d.cts[22m[39m                     [2m7.80 kB[22m [2m│ gzip: 1.84 kB[22m
[34m@n8n/rest-api-client:build: [0m[34mℹ[39m [33m[CJS][39m [2mdist/[22m[32m[1mapi/index.d.cts[22m[39m                 [2m7.29 kB[22m [2m│ gzip: 1.70 kB[22m
[34m@n8n/rest-api-client:build: [0m[34mℹ[39m [33m[CJS][39m [2mdist/[22m[32m[1mapi/users.d.cts[22m[39m                 [2m5.36 kB[22m [2m│ gzip: 1.18 kB[22m
[34m@n8n/rest-api-client:build: [0m[34mℹ[39m [33m[CJS][39m [2mdist/[22m[32m[1mapi/templates.d.cts[22m[39m             [2m4.14 kB[22m [2m│ gzip: 1.02 kB[22m
[34m@n8n/rest-api-client:build: [0m[34mℹ[39m [33m[CJS][39m [2mdist/[22m[32m[1mutils.d.cts[22m[39m                     [2m2.14 kB[22m [2m│ gzip: 0.76 kB[22m
[34m@n8n/rest-api-client:build: [0m[34mℹ[39m [33m[CJS][39m [2mdist/[22m[32m[1mapi/nodeTypes.d.cts[22m[39m             [2m2.00 kB[22m [2m│ gzip: 0.55 kB[22m
[34m@n8n/rest-api-client:build: [0m[34mℹ[39m [33m[CJS][39m [2mdist/[22m[32m[1mapi/cloudPlans.d.cts[22m[39m            [2m1.89 kB[22m [2m│ gzip: 0.73 kB[22m
[34m@n8n/rest-api-client:build: [0m[34mℹ[39m [33m[CJS][39m [2mdist/[22m[32m[1mapi/ldap.d.cts[22m[39m                  [2m1.67 kB[22m [2m│ gzip: 0.58 kB[22m
[34m@n8n/rest-api-client:build: [0m[34mℹ[39m [33m[CJS][39m [2mdist/[22m[32m[1mapi/sso.d.cts[22m[39m                   [2m1.33 kB[22m [2m│ gzip: 0.41 kB[22m
[34m@n8n/rest-api-client:build: [0m[34mℹ[39m [33m[CJS][39m [2mdist/[22m[32m[1mapi/versions.d.cts[22m[39m              [2m1.28 kB[22m [2m│ gzip: 0.50 kB[22m
[34m@n8n/rest-api-client:build: [0m[34mℹ[39m [33m[CJS][39m [2mdist/[22m[32m[1mapi/eventbus.ee.d.cts[22m[39m           [2m1.25 kB[22m [2m│ gzip: 0.40 kB[22m
[34m@n8n/rest-api-client:build: [0m[34mℹ[39m [33m[CJS][39m [2mdist/[22m[32m[1mapi/externalSecrets.ee.d.cts[22m[39m    [2m1.25 kB[22m [2m│ gzip: 0.37 kB[22m
[34m@n8n/rest-api-client:build: [0m[34mℹ[39m [33m[CJS][39m [2mdist/[22m[32m[1mapi/workflowHistory.d.cts[22m[39m       [2m1.07 kB[22m [2m│ gzip: 0.42 kB[22m
[34m@n8n/rest-api-client:build: [0m[34mℹ[39m [33m[CJS][39m [2mdist/[22m[32m[1mapi/workflows.d.cts[22m[39m             [2m1.07 kB[22m [2m│ gzip: 0.41 kB[22m
[34m@n8n/rest-api-client:build: [0m[34mℹ[39m [33m[CJS][39m [2mdist/[22m[32m[1mapi/mfa.d.cts[22m[39m                   [2m0.90 kB[22m [2m│ gzip: 0.35 kB[22m
[34m@n8n/rest-api-client:build: [0m[34mℹ[39m [33m[CJS][39m [2mdist/[22m[32m[1mapi/api-keys.d.cts[22m[39m              [2m0.89 kB[22m [2m│ gzip: 0.34 kB[22m
[34m@n8n/rest-api-client:build: [0m[34mℹ[39m [33m[CJS][39m [2mdist/[22m[32m[1mapi/communityNodes.d.cts[22m[39m        [2m0.88 kB[22m [2m│ gzip: 0.34 kB[22m
[34m@n8n/rest-api-client:build: [0m[34mℹ[39m [33m[CJS][39m [2mdist/[22m[32m[1mapi/usage.d.cts[22m[39m                 [2m0.88 kB[22m [2m│ gzip: 0.34 kB[22m
[34m@n8n/rest-api-client:build: [0m[34mℹ[39m [33m[CJS][39m [2mdist/[22m[32m[1mapi/roles.d.cts[22m[39m                 [2m0.84 kB[22m [2m│ gzip: 0.32 kB[22m
[34m@n8n/rest-api-client:build: [0m[34mℹ[39m [33m[CJS][39m [2mdist/[22m[32m[1mapi/dynamic-banners.d.cts[22m[39m       [2m0.75 kB[22m [2m│ gzip: 0.40 kB[22m
[34m@n8n/rest-api-client:build: [0m[34mℹ[39m [33m[CJS][39m [2mdist/[22m[32m[1mapi/provisioning.d.cts[22m[39m          [2m0.66 kB[22m [2m│ gzip: 0.28 kB[22m
[34m@n8n/rest-api-client:build: [0m[34mℹ[39m [33m[CJS][39m [2mdist/[22m[32m[1mapi/consent.d.cts[22m[39m               [2m0.57 kB[22m [2m│ gzip: 0.28 kB[22m
[34m@n8n/rest-api-client:build: [0m[34mℹ[39m [33m[CJS][39m [2mdist/[22m[32m[1mapi/prompts.d.cts[22m[39m               [2m0.51 kB[22m [2m│ gzip: 0.26 kB[22m
[34m@n8n/rest-api-client:build: [0m[34mℹ[39m [33m[CJS][39m [2mdist/[22m[32m[1mapi/webhooks.d.cts[22m[39m              [2m0.46 kB[22m [2m│ gzip: 0.27 kB[22m
[34m@n8n/rest-api-client:build: [0m[34mℹ[39m [33m[CJS][39m [2mdist/[22m[32m[1mapi/ui.d.cts[22m[39m                    [2m0.35 kB[22m [2m│ gzip: 0.24 kB[22m
[34m@n8n/rest-api-client:build: [0m[34mℹ[39m [33m[CJS][39m [2mdist/[22m[32m[1mapi/module-settings.d.cts[22m[39m       [2m0.33 kB[22m [2m│ gzip: 0.21 kB[22m
[34m@n8n/rest-api-client:build: [0m[34mℹ[39m [33m[CJS][39m [2mdist/[22m[32m[1mapi/npsSurvey.d.cts[22m[39m             [2m0.32 kB[22m [2m│ gzip: 0.21 kB[22m
[34m@n8n/rest-api-client:build: [0m[34mℹ[39m [33m[CJS][39m [2mdist/[22m[32m[1mapi/settings.d.cts[22m[39m              [2m0.29 kB[22m [2m│ gzip: 0.20 kB[22m
[34m@n8n/rest-api-client:build: [0m[34mℹ[39m [33m[CJS][39m [2mdist/[22m[32m[1mapi/third-party-licenses.d.cts[22m[39m  [2m0.27 kB[22m [2m│ gzip: 0.19 kB[22m
[34m@n8n/rest-api-client:build: [0m[34mℹ[39m [33m[CJS][39m [2mdist/[22m[32m[1mapi/orchestration.d.cts[22m[39m         [2m0.26 kB[22m [2m│ gzip: 0.19 kB[22m
[34m@n8n/rest-api-client:build: [0m[34mℹ[39m [33m[CJS][39m [2mdist/[22m[32m[1mapi/ctas.d.cts[22m[39m                  [2m0.24 kB[22m [2m│ gzip: 0.18 kB[22m
[34m@n8n/rest-api-client:build: [0m[34mℹ[39m [33m[CJS][39m [2mdist/[22m[32m[1mapi/events.d.cts[22m[39m                [2m0.23 kB[22m [2m│ gzip: 0.18 kB[22m
[34m@n8n/rest-api-client:build: [0m[34mℹ[39m [33m[CJS][39m [2mdist/[22m[32m[1mapi/tags.d.cts[22m[39m                  [2m0.21 kB[22m [2m│ gzip: 0.16 kB[22m
[34m@n8n/rest-api-client:build: [0m[34mℹ[39m [33m[CJS][39m [2mdist/[22m[32m[1mtypes.d.cts[22m[39m                     [2m0.17 kB[22m [2m│ gzip: 0.14 kB[22m
[34m@n8n/rest-api-client:build: [0m[34mℹ[39m [33m[CJS][39m [2mdist/[22m[32m[1mapi/execution.d.cts[22m[39m             [2m0.01 kB[22m [2m│ gzip: 0.03 kB[22m
[34m@n8n/rest-api-client:build: [0m[34mℹ[39m [33m[CJS][39m 35 files, total: 49.57 kB
[34m@n8n/rest-api-client:build: [0m[32m✔[39m Build complete in [32m14640ms[39m
[34m@n8n/task-runner:build: [0mcache hit, replaying logs [2m58e77dbd50f05c1b[0m
[34m@n8n/task-runner:build: [0m
[34m@n8n/task-runner:build: [0m> @n8n/task-runner@1.55.0 build /media/krist/CrucialX9/cursor-projects/projects/Project05/n8n/packages/@n8n/task-runner
[34m@n8n/task-runner:build: [0m> tsc -p ./tsconfig.build.json && tsc-alias -p tsconfig.build.json
[34m@n8n/task-runner:build: [0m
[33m@n8n/db:build: [0mcache hit, replaying logs [2m85fc621fcdcee115[0m
[33m@n8n/db:build: [0m
[33m@n8n/db:build: [0m> @n8n/db@0.30.0 build /media/krist/CrucialX9/cursor-projects/projects/Project05/n8n/packages/@n8n/db
[33m@n8n/db:build: [0m> tsc -p tsconfig.build.json
[33m@n8n/db:build: [0m
[34m@n8n/backend-test-utils:build: [0mcache hit, replaying logs [2m1cf3330f95557dbd[0m
[34m@n8n/backend-test-utils:build: [0m
[34m@n8n/backend-test-utils:build: [0m> @n8n/backend-test-utils@0.22.0 build /media/krist/CrucialX9/cursor-projects/projects/Project05/n8n/packages/@n8n/backend-test-utils
[34m@n8n/backend-test-utils:build: [0m> tsc -p tsconfig.build.json
[34m@n8n/backend-test-utils:build: [0m
[33mn8n-editor-ui:popularity-cache-marker: [0m
[33mn8n-editor-ui:popularity-cache-marker: [0m> n8n-editor-ui@1.119.0 popularity-cache-marker /media/krist/CrucialX9/cursor-projects/projects/Project05/n8n/packages/frontend/editor-ui
[33mn8n-editor-ui:popularity-cache-marker: [0m> node scripts/cache-marker.mjs
[33mn8n-editor-ui:popularity-cache-marker: [0m
[32mn8n-editor-ui:fetch-popularity: [0mcache miss, executing [2maf768c011d5515d8[0m
[32mn8n-editor-ui:fetch-popularity: [0m
[32mn8n-editor-ui:fetch-popularity: [0m> n8n-editor-ui@1.119.0 fetch-popularity /media/krist/CrucialX9/cursor-projects/projects/Project05/n8n/packages/frontend/editor-ui
[32mn8n-editor-ui:fetch-popularity: [0m> node scripts/fetch-node-popularity.mjs
[32mn8n-editor-ui:fetch-popularity: [0m
[32mn8n-editor-ui:fetch-popularity: [0mFetching node popularity data from: https://internal-production.app.n8n.cloud/webhook/nodes-popularity-scores
[32mn8n-editor-ui:fetch-popularity: [0mSuccessfully fetched popularity data for 1000 nodes
[32mn8n-editor-ui:fetch-popularity: [0mSaved popularity data to /media/krist/CrucialX9/cursor-projects/projects/Project05/n8n/packages/frontend/editor-ui/.build/node-popularity.json with 1000 nodes
[35mn8n-editor-ui:build: [0mcache miss, executing [2m4849e905032428fa[0m
[36mn8n-nodes-base:build: [0mcache hit, replaying logs [2md8e4103a4c8349e0[0m
[36mn8n-nodes-base:build: [0m
[36mn8n-nodes-base:build: [0m> n8n-nodes-base@1.117.0 build /media/krist/CrucialX9/cursor-projects/projects/Project05/n8n/packages/nodes-base
[36mn8n-nodes-base:build: [0m> tsc --build tsconfig.build.cjs.json && pnpm copy-nodes-json && tsc-alias -p tsconfig.build.cjs.json && pnpm n8n-copy-static-files && pnpm n8n-generate-translations && pnpm n8n-generate-metadata
[36mn8n-nodes-base:build: [0m
[36mn8n-nodes-base:build: [0m
[36mn8n-nodes-base:build: [0m> n8n-nodes-base@1.117.0 copy-nodes-json /media/krist/CrucialX9/cursor-projects/projects/Project05/n8n/packages/nodes-base
[36mn8n-nodes-base:build: [0m> node scripts/copy-nodes-json.js .
[36mn8n-nodes-base:build: [0m
[36mn8n-nodes-base:build: [0mDefault locale set to: [35men[0m
[36mn8n-nodes-base:build: [0mNo translation required - Skipping translations build...
[35m@n8n/n8n-nodes-langchain:build: [0mcache hit, replaying logs [2m1903dc505f122d45[0m
[35m@n8n/n8n-nodes-langchain:build: [0m
[35m@n8n/n8n-nodes-langchain:build: [0m> @n8n/n8n-nodes-langchain@1.118.0 build /media/krist/CrucialX9/cursor-projects/projects/Project05/n8n/packages/@n8n/nodes-langchain
[35m@n8n/n8n-nodes-langchain:build: [0m> tsup --tsconfig tsconfig.build.json && pnpm copy-nodes-json && tsc-alias -p tsconfig.build.json && pnpm copy-tokenizer-json && pnpm n8n-copy-static-files && pnpm n8n-generate-metadata
[35m@n8n/n8n-nodes-langchain:build: [0m
[35m@n8n/n8n-nodes-langchain:build: [0m
[35m@n8n/n8n-nodes-langchain:build: [0m> @n8n/n8n-nodes-langchain@1.118.0 copy-nodes-json /media/krist/CrucialX9/cursor-projects/projects/Project05/n8n/packages/@n8n/nodes-langchain
[35m@n8n/n8n-nodes-langchain:build: [0m> node ../../nodes-base/scripts/copy-nodes-json.js .
[35m@n8n/n8n-nodes-langchain:build: [0m
[35m@n8n/n8n-nodes-langchain:build: [0m
[35m@n8n/n8n-nodes-langchain:build: [0m> @n8n/n8n-nodes-langchain@1.118.0 copy-tokenizer-json /media/krist/CrucialX9/cursor-projects/projects/Project05/n8n/packages/@n8n/nodes-langchain
[35m@n8n/n8n-nodes-langchain:build: [0m> node scripts/copy-tokenizer-json.js .
[35m@n8n/n8n-nodes-langchain:build: [0m
[35m@n8n/n8n-nodes-langchain:build: [0mCopied: utils/tokenizer/cl100k_base.json -> dist/utils/tokenizer/cl100k_base.json
[35m@n8n/n8n-nodes-langchain:build: [0mCopied: utils/tokenizer/o200k_base.json -> dist/utils/tokenizer/o200k_base.json
[35mn8n-editor-ui:build: [0m
[35mn8n-editor-ui:build: [0m> n8n-editor-ui@1.119.0 build /media/krist/CrucialX9/cursor-projects/projects/Project05/n8n/packages/frontend/editor-ui
[35mn8n-editor-ui:build: [0m> cross-env VUE_APP_PUBLIC_PATH="/{{BASE_PATH}}/" NODE_OPTIONS="--max-old-space-size=8192" vite build
[35mn8n-editor-ui:build: [0m
[35mn8n-editor-ui:build: [0mplugin-legacy overrode 'build.target'. You should pass 'targets' as an option to this plugin with the list of legacy browsers to support instead.
[35mn8n-editor-ui:build: [0mplugin-legacy 'modernTargets' option overrode the builtin targets of modern chunks. Some versions of browsers between legacy and modern may not be supported.
[35mn8n-editor-ui:build: [0mvite v5.4.11 building for production...
[35mn8n-editor-ui:build: [0m
[35mn8n-editor-ui:build: [0m/{{BASE_PATH}}/static/prefers-color-scheme.css doesn't exist at build time, it will remain unchanged to be resolved at runtime
[35mn8n-editor-ui:build: [0mtransforming...
[35mn8n-editor-ui:build: [0mDEPRECATION WARNING [legacy-js-api]: The legacy JS API is deprecated and will be removed in Dart Sass 2.0.0.
[35mn8n-editor-ui:build: [0m
[35mn8n-editor-ui:build: [0mMore info: https://sass-lang.com/d/legacy-js-api
[35mn8n-editor-ui:build: [0m
[35mn8n-editor-ui:build: [0mDEPRECATION WARNING [legacy-js-api]: The legacy JS API is deprecated and will be removed in Dart Sass 2.0.0.
[35mn8n-editor-ui:build: [0m
[35mn8n-editor-ui:build: [0mMore info: https://sass-lang.com/d/legacy-js-api
[35mn8n-editor-ui:build: [0m
[35mn8n-editor-ui:build: [0mDEPRECATION WARNING [legacy-js-api]: The legacy JS API is deprecated and will be removed in Dart Sass 2.0.0.
[35mn8n-editor-ui:build: [0m
[35mn8n-editor-ui:build: [0mMore info: https://sass-lang.com/d/legacy-js-api
[35mn8n-editor-ui:build: [0m
[35mn8n-editor-ui:build: [0mDEPRECATION WARNING [legacy-js-api]: The legacy JS API is deprecated and will be removed in Dart Sass 2.0.0.
[35mn8n-editor-ui:build: [0m
[35mn8n-editor-ui:build: [0mMore info: https://sass-lang.com/d/legacy-js-api
[35mn8n-editor-ui:build: [0m
[35mn8n-editor-ui:build: [0mDEPRECATION WARNING [legacy-js-api]: The legacy JS API is deprecated and will be removed in Dart Sass 2.0.0.
[35mn8n-editor-ui:build: [0m
[35mn8n-editor-ui:build: [0mMore info: https://sass-lang.com/d/legacy-js-api
[35mn8n-editor-ui:build: [0m
[35mn8n-editor-ui:build: [0mDEPRECATION WARNING [legacy-js-api]: The legacy JS API is deprecated and will be removed in Dart Sass 2.0.0.
[35mn8n-editor-ui:build: [0m
[35mn8n-editor-ui:build: [0mMore info: https://sass-lang.com/d/legacy-js-api
[35mn8n-editor-ui:build: [0m
[35mn8n-editor-ui:build: [0mDEPRECATION WARNING [legacy-js-api]: The legacy JS API is deprecated and will be removed in Dart Sass 2.0.0.
[35mn8n-editor-ui:build: [0m
[35mn8n-editor-ui:build: [0mMore info: https://sass-lang.com/d/legacy-js-api
[35mn8n-editor-ui:build: [0m
[35mn8n-editor-ui:build: [0mDEPRECATION WARNING [legacy-js-api]: The legacy JS API is deprecated and will be removed in Dart Sass 2.0.0.
[35mn8n-editor-ui:build: [0m
[35mn8n-editor-ui:build: [0mMore info: https://sass-lang.com/d/legacy-js-api
[35mn8n-editor-ui:build: [0m
[35mn8n-editor-ui:build: [0mDEPRECATION WARNING [legacy-js-api]: The legacy JS API is deprecated and will be removed in Dart Sass 2.0.0.
[35mn8n-editor-ui:build: [0m
[35mn8n-editor-ui:build: [0mMore info: https://sass-lang.com/d/legacy-js-api
[35mn8n-editor-ui:build: [0m
[35mn8n-editor-ui:build: [0mDEPRECATION WARNING [legacy-js-api]: The legacy JS API is deprecated and will be removed in Dart Sass 2.0.0.
[35mn8n-editor-ui:build: [0m
[35mn8n-editor-ui:build: [0mMore info: https://sass-lang.com/d/legacy-js-api
[35mn8n-editor-ui:build: [0m
[35mn8n-editor-ui:build: [0mDEPRECATION WARNING [legacy-js-api]: The legacy JS API is deprecated and will be removed in Dart Sass 2.0.0.
[35mn8n-editor-ui:build: [0m
[35mn8n-editor-ui:build: [0mMore info: https://sass-lang.com/d/legacy-js-api
[35mn8n-editor-ui:build: [0m
[35mn8n-editor-ui:build: [0mDEPRECATION WARNING [legacy-js-api]: The legacy JS API is deprecated and will be removed in Dart Sass 2.0.0.
[35mn8n-editor-ui:build: [0m
[35mn8n-editor-ui:build: [0mMore info: https://sass-lang.com/d/legacy-js-api
[35mn8n-editor-ui:build: [0m
[35mn8n-editor-ui:build: [0mDEPRECATION WARNING [legacy-js-api]: The legacy JS API is deprecated and will be removed in Dart Sass 2.0.0.
[35mn8n-editor-ui:build: [0m
[35mn8n-editor-ui:build: [0mMore info: https://sass-lang.com/d/legacy-js-api
[35mn8n-editor-ui:build: [0m
[35mn8n-editor-ui:build: [0mDEPRECATION WARNING [legacy-js-api]: The legacy JS API is deprecated and will be removed in Dart Sass 2.0.0.
[35mn8n-editor-ui:build: [0m
[35mn8n-editor-ui:build: [0mMore info: https://sass-lang.com/d/legacy-js-api
[35mn8n-editor-ui:build: [0m
[35mn8n-editor-ui:build: [0mDEPRECATION WARNING [legacy-js-api]: The legacy JS API is deprecated and will be removed in Dart Sass 2.0.0.
[35mn8n-editor-ui:build: [0m
[35mn8n-editor-ui:build: [0mMore info: https://sass-lang.com/d/legacy-js-api
[35mn8n-editor-ui:build: [0m
[35mn8n-editor-ui:build: [0mDEPRECATION WARNING [legacy-js-api]: The legacy JS API is deprecated and will be removed in Dart Sass 2.0.0.
[35mn8n-editor-ui:build: [0m
[35mn8n-editor-ui:build: [0mMore info: https://sass-lang.com/d/legacy-js-api
[35mn8n-editor-ui:build: [0m
[35mn8n-editor-ui:build: [0mDEPRECATION WARNING [legacy-js-api]: The legacy JS API is deprecated and will be removed in Dart Sass 2.0.0.
[35mn8n-editor-ui:build: [0m
[35mn8n-editor-ui:build: [0mMore info: https://sass-lang.com/d/legacy-js-api
[35mn8n-editor-ui:build: [0m
[35mn8n-editor-ui:build: [0mDEPRECATION WARNING [legacy-js-api]: The legacy JS API is deprecated and will be removed in Dart Sass 2.0.0.
[35mn8n-editor-ui:build: [0m
[35mn8n-editor-ui:build: [0mMore info: https://sass-lang.com/d/legacy-js-api
[35mn8n-editor-ui:build: [0m
[35mn8n-editor-ui:build: [0mDEPRECATION WARNING [legacy-js-api]: The legacy JS API is deprecated and will be removed in Dart Sass 2.0.0.
[35mn8n-editor-ui:build: [0m
[35mn8n-editor-ui:build: [0mMore info: https://sass-lang.com/d/legacy-js-api
[35mn8n-editor-ui:build: [0m
[35mn8n-editor-ui:build: [0mDEPRECATION WARNING [legacy-js-api]: The legacy JS API is deprecated and will be removed in Dart Sass 2.0.0.
[35mn8n-editor-ui:build: [0m
[35mn8n-editor-ui:build: [0mMore info: https://sass-lang.com/d/legacy-js-api
[35mn8n-editor-ui:build: [0m
[35mn8n-editor-ui:build: [0mDEPRECATION WARNING [legacy-js-api]: The legacy JS API is deprecated and will be removed in Dart Sass 2.0.0.
[35mn8n-editor-ui:build: [0m
[35mn8n-editor-ui:build: [0mMore info: https://sass-lang.com/d/legacy-js-api
[35mn8n-editor-ui:build: [0m
[35mn8n-editor-ui:build: [0mDEPRECATION WARNING [legacy-js-api]: The legacy JS API is deprecated and will be removed in Dart Sass 2.0.0.
[35mn8n-editor-ui:build: [0m
[35mn8n-editor-ui:build: [0mMore info: https://sass-lang.com/d/legacy-js-api
[35mn8n-editor-ui:build: [0m
[35mn8n-editor-ui:build: [0mDEPRECATION WARNING [legacy-js-api]: The legacy JS API is deprecated and will be removed in Dart Sass 2.0.0.
[35mn8n-editor-ui:build: [0m
[35mn8n-editor-ui:build: [0mMore info: https://sass-lang.com/d/legacy-js-api
[35mn8n-editor-ui:build: [0m
[35mn8n-editor-ui:build: [0mDEPRECATION WARNING [legacy-js-api]: The legacy JS API is deprecated and will be removed in Dart Sass 2.0.0.
[35mn8n-editor-ui:build: [0m
[35mn8n-editor-ui:build: [0mMore info: https://sass-lang.com/d/legacy-js-api
[35mn8n-editor-ui:build: [0m
[35mn8n-editor-ui:build: [0mDEPRECATION WARNING [legacy-js-api]: The legacy JS API is deprecated and will be removed in Dart Sass 2.0.0.
[35mn8n-editor-ui:build: [0m
[35mn8n-editor-ui:build: [0mMore info: https://sass-lang.com/d/legacy-js-api
[35mn8n-editor-ui:build: [0m
[35mn8n-editor-ui:build: [0mDEPRECATION WARNING [legacy-js-api]: The legacy JS API is deprecated and will be removed in Dart Sass 2.0.0.
[35mn8n-editor-ui:build: [0m
[35mn8n-editor-ui:build: [0mMore info: https://sass-lang.com/d/legacy-js-api
[35mn8n-editor-ui:build: [0m
[35mn8n-editor-ui:build: [0mDEPRECATION WARNING [legacy-js-api]: The legacy JS API is deprecated and will be removed in Dart Sass 2.0.0.
[35mn8n-editor-ui:build: [0m
[35mn8n-editor-ui:build: [0mMore info: https://sass-lang.com/d/legacy-js-api
[35mn8n-editor-ui:build: [0m
[35mn8n-editor-ui:build: [0mDEPRECATION WARNING [legacy-js-api]: The legacy JS API is deprecated and will be removed in Dart Sass 2.0.0.
[35mn8n-editor-ui:build: [0m
[35mn8n-editor-ui:build: [0mMore info: https://sass-lang.com/d/legacy-js-api
[35mn8n-editor-ui:build: [0m
[35mn8n-editor-ui:build: [0mDEPRECATION WARNING [legacy-js-api]: The legacy JS API is deprecated and will be removed in Dart Sass 2.0.0.
[35mn8n-editor-ui:build: [0m
[35mn8n-editor-ui:build: [0mMore info: https://sass-lang.com/d/legacy-js-api
[35mn8n-editor-ui:build: [0m
[35mn8n-editor-ui:build: [0mDEPRECATION WARNING [legacy-js-api]: The legacy JS API is deprecated and will be removed in Dart Sass 2.0.0.
[35mn8n-editor-ui:build: [0m
[35mn8n-editor-ui:build: [0mMore info: https://sass-lang.com/d/legacy-js-api
[35mn8n-editor-ui:build: [0m
[35mn8n-editor-ui:build: [0mDEPRECATION WARNING [legacy-js-api]: The legacy JS API is deprecated and will be removed in Dart Sass 2.0.0.
[35mn8n-editor-ui:build: [0m
[35mn8n-editor-ui:build: [0mMore info: https://sass-lang.com/d/legacy-js-api
[35mn8n-editor-ui:build: [0m
[35mn8n-editor-ui:build: [0mDEPRECATION WARNING [legacy-js-api]: The legacy JS API is deprecated and will be removed in Dart Sass 2.0.0.
[35mn8n-editor-ui:build: [0m
[35mn8n-editor-ui:build: [0mMore info: https://sass-lang.com/d/legacy-js-api
[35mn8n-editor-ui:build: [0m
[35mn8n-editor-ui:build: [0mDEPRECATION WARNING [legacy-js-api]: The legacy JS API is deprecated and will be removed in Dart Sass 2.0.0.
[35mn8n-editor-ui:build: [0m
[35mn8n-editor-ui:build: [0mMore info: https://sass-lang.com/d/legacy-js-api
[35mn8n-editor-ui:build: [0m
[35mn8n-editor-ui:build: [0mDEPRECATION WARNING [legacy-js-api]: The legacy JS API is deprecated and will be removed in Dart Sass 2.0.0.
[35mn8n-editor-ui:build: [0m
[35mn8n-editor-ui:build: [0mMore info: https://sass-lang.com/d/legacy-js-api
[35mn8n-editor-ui:build: [0m
[35mn8n-editor-ui:build: [0mDEPRECATION WARNING [legacy-js-api]: The legacy JS API is deprecated and will be removed in Dart Sass 2.0.0.
[35mn8n-editor-ui:build: [0m
[35mn8n-editor-ui:build: [0mMore info: https://sass-lang.com/d/legacy-js-api
[35mn8n-editor-ui:build: [0m
[35mn8n-editor-ui:build: [0mDEPRECATION WARNING [legacy-js-api]: The legacy JS API is deprecated and will be removed in Dart Sass 2.0.0.
[35mn8n-editor-ui:build: [0m
[35mn8n-editor-ui:build: [0mMore info: https://sass-lang.com/d/legacy-js-api
[35mn8n-editor-ui:build: [0m
[35mn8n-editor-ui:build: [0mDEPRECATION WARNING [legacy-js-api]: The legacy JS API is deprecated and will be removed in Dart Sass 2.0.0.
[35mn8n-editor-ui:build: [0m
[35mn8n-editor-ui:build: [0mMore info: https://sass-lang.com/d/legacy-js-api
[35mn8n-editor-ui:build: [0m
[35mn8n-editor-ui:build: [0mDEPRECATION WARNING [legacy-js-api]: The legacy JS API is deprecated and will be removed in Dart Sass 2.0.0.
[35mn8n-editor-ui:build: [0m
[35mn8n-editor-ui:build: [0mMore info: https://sass-lang.com/d/legacy-js-api
[35mn8n-editor-ui:build: [0m
[35mn8n-editor-ui:build: [0m[plugin:vite:resolve] [plugin vite:resolve] Module "os" has been externalized for browser compatibility, imported by "/media/krist/CrucialX9/cursor-projects/projects/Project05/n8n/node_modules/.pnpm/recast@0.22.0/node_modules/recast/lib/util.js". See https://vite.dev/guide/troubleshooting.html#module-externalized-for-browser-compatibility for more details.
[35mn8n-editor-ui:build: [0mDEPRECATION WARNING [legacy-js-api]: The legacy JS API is deprecated and will be removed in Dart Sass 2.0.0.
[35mn8n-editor-ui:build: [0m
[35mn8n-editor-ui:build: [0mMore info: https://sass-lang.com/d/legacy-js-api
[35mn8n-editor-ui:build: [0m
[35mn8n-editor-ui:build: [0mDEPRECATION WARNING [legacy-js-api]: The legacy JS API is deprecated and will be removed in Dart Sass 2.0.0.
[35mn8n-editor-ui:build: [0m
[35mn8n-editor-ui:build: [0mMore info: https://sass-lang.com/d/legacy-js-api
[35mn8n-editor-ui:build: [0m
[35mn8n-editor-ui:build: [0mDEPRECATION WARNING [legacy-js-api]: The legacy JS API is deprecated and will be removed in Dart Sass 2.0.0.
[35mn8n-editor-ui:build: [0m
[35mn8n-editor-ui:build: [0mMore info: https://sass-lang.com/d/legacy-js-api
[35mn8n-editor-ui:build: [0m
[35mn8n-editor-ui:build: [0mDEPRECATION WARNING [legacy-js-api]: The legacy JS API is deprecated and will be removed in Dart Sass 2.0.0.
[35mn8n-editor-ui:build: [0m
[35mn8n-editor-ui:build: [0mMore info: https://sass-lang.com/d/legacy-js-api
[35mn8n-editor-ui:build: [0m
[35mn8n-editor-ui:build: [0mDEPRECATION WARNING [legacy-js-api]: The legacy JS API is deprecated and will be removed in Dart Sass 2.0.0.
[35mn8n-editor-ui:build: [0m
[35mn8n-editor-ui:build: [0mMore info: https://sass-lang.com/d/legacy-js-api
[35mn8n-editor-ui:build: [0m
[35mn8n-editor-ui:build: [0mDEPRECATION WARNING [legacy-js-api]: The legacy JS API is deprecated and will be removed in Dart Sass 2.0.0.
[35mn8n-editor-ui:build: [0m
[35mn8n-editor-ui:build: [0mMore info: https://sass-lang.com/d/legacy-js-api
[35mn8n-editor-ui:build: [0m
[35mn8n-editor-ui:build: [0mDEPRECATION WARNING [legacy-js-api]: The legacy JS API is deprecated and will be removed in Dart Sass 2.0.0.
[35mn8n-editor-ui:build: [0m
[35mn8n-editor-ui:build: [0mMore info: https://sass-lang.com/d/legacy-js-api
[35mn8n-editor-ui:build: [0m
[35mn8n-editor-ui:build: [0mDEPRECATION WARNING [legacy-js-api]: The legacy JS API is deprecated and will be removed in Dart Sass 2.0.0.
[35mn8n-editor-ui:build: [0m
[35mn8n-editor-ui:build: [0mMore info: https://sass-lang.com/d/legacy-js-api
[35mn8n-editor-ui:build: [0m
[35mn8n-editor-ui:build: [0mDEPRECATION WARNING [legacy-js-api]: The legacy JS API is deprecated and will be removed in Dart Sass 2.0.0.
[35mn8n-editor-ui:build: [0m
[35mn8n-editor-ui:build: [0mMore info: https://sass-lang.com/d/legacy-js-api
[35mn8n-editor-ui:build: [0m
[35mn8n-editor-ui:build: [0mDEPRECATION WARNING [legacy-js-api]: The legacy JS API is deprecated and will be removed in Dart Sass 2.0.0.
[35mn8n-editor-ui:build: [0m
[35mn8n-editor-ui:build: [0mMore info: https://sass-lang.com/d/legacy-js-api
[35mn8n-editor-ui:build: [0m
[35mn8n-editor-ui:build: [0mDEPRECATION WARNING [legacy-js-api]: The legacy JS API is deprecated and will be removed in Dart Sass 2.0.0.
[35mn8n-editor-ui:build: [0m
[35mn8n-editor-ui:build: [0mMore info: https://sass-lang.com/d/legacy-js-api
[35mn8n-editor-ui:build: [0m
[35mn8n-editor-ui:build: [0mDEPRECATION WARNING [legacy-js-api]: The legacy JS API is deprecated and will be removed in Dart Sass 2.0.0.
[35mn8n-editor-ui:build: [0m
[35mn8n-editor-ui:build: [0mMore info: https://sass-lang.com/d/legacy-js-api
[35mn8n-editor-ui:build: [0m
[35mn8n-editor-ui:build: [0mDEPRECATION WARNING [legacy-js-api]: The legacy JS API is deprecated and will be removed in Dart Sass 2.0.0.
[35mn8n-editor-ui:build: [0m
[35mn8n-editor-ui:build: [0mMore info: https://sass-lang.com/d/legacy-js-api
[35mn8n-editor-ui:build: [0m
[35mn8n-editor-ui:build: [0mDEPRECATION WARNING [legacy-js-api]: The legacy JS API is deprecated and will be removed in Dart Sass 2.0.0.
[35mn8n-editor-ui:build: [0m
[35mn8n-editor-ui:build: [0mMore info: https://sass-lang.com/d/legacy-js-api
[35mn8n-editor-ui:build: [0m
[35mn8n-editor-ui:build: [0mDEPRECATION WARNING [legacy-js-api]: The legacy JS API is deprecated and will be removed in Dart Sass 2.0.0.
[35mn8n-editor-ui:build: [0m
[35mn8n-editor-ui:build: [0mMore info: https://sass-lang.com/d/legacy-js-api
[35mn8n-editor-ui:build: [0m
[35mn8n-editor-ui:build: [0mDEPRECATION WARNING [legacy-js-api]: The legacy JS API is deprecated and will be removed in Dart Sass 2.0.0.
[35mn8n-editor-ui:build: [0m
[35mn8n-editor-ui:build: [0mMore info: https://sass-lang.com/d/legacy-js-api
[35mn8n-editor-ui:build: [0m
[35mn8n-editor-ui:build: [0mDEPRECATION WARNING [legacy-js-api]: The legacy JS API is deprecated and will be removed in Dart Sass 2.0.0.
[35mn8n-editor-ui:build: [0m
[35mn8n-editor-ui:build: [0mMore info: https://sass-lang.com/d/legacy-js-api
[35mn8n-editor-ui:build: [0m
[35mn8n-editor-ui:build: [0mDEPRECATION WARNING [legacy-js-api]: The legacy JS API is deprecated and will be removed in Dart Sass 2.0.0.
[35mn8n-editor-ui:build: [0m
[35mn8n-editor-ui:build: [0mMore info: https://sass-lang.com/d/legacy-js-api
[35mn8n-editor-ui:build: [0m
[35mn8n-editor-ui:build: [0mDEPRECATION WARNING [legacy-js-api]: The legacy JS API is deprecated and will be removed in Dart Sass 2.0.0.
[35mn8n-editor-ui:build: [0m
[35mn8n-editor-ui:build: [0mMore info: https://sass-lang.com/d/legacy-js-api
[35mn8n-editor-ui:build: [0m
[35mn8n-editor-ui:build: [0mDEPRECATION WARNING [legacy-js-api]: The legacy JS API is deprecated and will be removed in Dart Sass 2.0.0.
[35mn8n-editor-ui:build: [0m
[35mn8n-editor-ui:build: [0mMore info: https://sass-lang.com/d/legacy-js-api
[35mn8n-editor-ui:build: [0m
[35mn8n-editor-ui:build: [0mDEPRECATION WARNING [legacy-js-api]: The legacy JS API is deprecated and will be removed in Dart Sass 2.0.0.
[35mn8n-editor-ui:build: [0m
[35mn8n-editor-ui:build: [0mMore info: https://sass-lang.com/d/legacy-js-api
[35mn8n-editor-ui:build: [0m
[35mn8n-editor-ui:build: [0mDEPRECATION WARNING [legacy-js-api]: The legacy JS API is deprecated and will be removed in Dart Sass 2.0.0.
[35mn8n-editor-ui:build: [0m
[35mn8n-editor-ui:build: [0mMore info: https://sass-lang.com/d/legacy-js-api
[35mn8n-editor-ui:build: [0m
[35mn8n-editor-ui:build: [0mDEPRECATION WARNING [legacy-js-api]: The legacy JS API is deprecated and will be removed in Dart Sass 2.0.0.
[35mn8n-editor-ui:build: [0m
[35mn8n-editor-ui:build: [0mMore info: https://sass-lang.com/d/legacy-js-api
[35mn8n-editor-ui:build: [0m
[35mn8n-editor-ui:build: [0mDEPRECATION WARNING [legacy-js-api]: The legacy JS API is deprecated and will be removed in Dart Sass 2.0.0.
[35mn8n-editor-ui:build: [0m
[35mn8n-editor-ui:build: [0mMore info: https://sass-lang.com/d/legacy-js-api
[35mn8n-editor-ui:build: [0m
[35mn8n-editor-ui:build: [0mDEPRECATION WARNING [legacy-js-api]: The legacy JS API is deprecated and will be removed in Dart Sass 2.0.0.
[35mn8n-editor-ui:build: [0m
[35mn8n-editor-ui:build: [0mMore info: https://sass-lang.com/d/legacy-js-api
[35mn8n-editor-ui:build: [0m
[35mn8n-editor-ui:build: [0mDEPRECATION WARNING [legacy-js-api]: The legacy JS API is deprecated and will be removed in Dart Sass 2.0.0.
[35mn8n-editor-ui:build: [0m
[35mn8n-editor-ui:build: [0mMore info: https://sass-lang.com/d/legacy-js-api
[35mn8n-editor-ui:build: [0m
[35mn8n-editor-ui:build: [0mDEPRECATION WARNING [legacy-js-api]: The legacy JS API is deprecated and will be removed in Dart Sass 2.0.0.
[35mn8n-editor-ui:build: [0m
[35mn8n-editor-ui:build: [0mMore info: https://sass-lang.com/d/legacy-js-api
[35mn8n-editor-ui:build: [0m
[35mn8n-editor-ui:build: [0mDEPRECATION WARNING [legacy-js-api]: The legacy JS API is deprecated and will be removed in Dart Sass 2.0.0.
[35mn8n-editor-ui:build: [0m
[35mn8n-editor-ui:build: [0mMore info: https://sass-lang.com/d/legacy-js-api
[35mn8n-editor-ui:build: [0m
[35mn8n-editor-ui:build: [0mDEPRECATION WARNING [legacy-js-api]: The legacy JS API is deprecated and will be removed in Dart Sass 2.0.0.
[35mn8n-editor-ui:build: [0m
[35mn8n-editor-ui:build: [0mMore info: https://sass-lang.com/d/legacy-js-api
[35mn8n-editor-ui:build: [0m
[35mn8n-editor-ui:build: [0mDEPRECATION WARNING [legacy-js-api]: The legacy JS API is deprecated and will be removed in Dart Sass 2.0.0.
[35mn8n-editor-ui:build: [0m
[35mn8n-editor-ui:build: [0mMore info: https://sass-lang.com/d/legacy-js-api
[35mn8n-editor-ui:build: [0m
[35mn8n-editor-ui:build: [0mDEPRECATION WARNING [legacy-js-api]: The legacy JS API is deprecated and will be removed in Dart Sass 2.0.0.
[35mn8n-editor-ui:build: [0m
[35mn8n-editor-ui:build: [0mMore info: https://sass-lang.com/d/legacy-js-api
[35mn8n-editor-ui:build: [0m
[35mn8n-editor-ui:build: [0mDEPRECATION WARNING [legacy-js-api]: The legacy JS API is deprecated and will be removed in Dart Sass 2.0.0.
[35mn8n-editor-ui:build: [0m
[35mn8n-editor-ui:build: [0mMore info: https://sass-lang.com/d/legacy-js-api
[35mn8n-editor-ui:build: [0m
[35mn8n-editor-ui:build: [0mDEPRECATION WARNING [legacy-js-api]: The legacy JS API is deprecated and will be removed in Dart Sass 2.0.0.
[35mn8n-editor-ui:build: [0m
[35mn8n-editor-ui:build: [0mMore info: https://sass-lang.com/d/legacy-js-api
[35mn8n-editor-ui:build: [0m
[35mn8n-editor-ui:build: [0mDEPRECATION WARNING [legacy-js-api]: The legacy JS API is deprecated and will be removed in Dart Sass 2.0.0.
[35mn8n-editor-ui:build: [0m
[35mn8n-editor-ui:build: [0mMore info: https://sass-lang.com/d/legacy-js-api
[35mn8n-editor-ui:build: [0m
[35mn8n-editor-ui:build: [0mDEPRECATION WARNING [legacy-js-api]: The legacy JS API is deprecated and will be removed in Dart Sass 2.0.0.
[35mn8n-editor-ui:build: [0m
[35mn8n-editor-ui:build: [0mMore info: https://sass-lang.com/d/legacy-js-api
[35mn8n-editor-ui:build: [0m
[35mn8n-editor-ui:build: [0mDEPRECATION WARNING [legacy-js-api]: The legacy JS API is deprecated and will be removed in Dart Sass 2.0.0.
[35mn8n-editor-ui:build: [0m
[35mn8n-editor-ui:build: [0mMore info: https://sass-lang.com/d/legacy-js-api
[35mn8n-editor-ui:build: [0m
[35mn8n-editor-ui:build: [0mDEPRECATION WARNING [legacy-js-api]: The legacy JS API is deprecated and will be removed in Dart Sass 2.0.0.
[35mn8n-editor-ui:build: [0m
[35mn8n-editor-ui:build: [0mMore info: https://sass-lang.com/d/legacy-js-api
[35mn8n-editor-ui:build: [0m
[35mn8n-editor-ui:build: [0mDEPRECATION WARNING [legacy-js-api]: The legacy JS API is deprecated and will be removed in Dart Sass 2.0.0.
[35mn8n-editor-ui:build: [0m
[35mn8n-editor-ui:build: [0mMore info: https://sass-lang.com/d/legacy-js-api
[35mn8n-editor-ui:build: [0m
[35mn8n-editor-ui:build: [0mDEPRECATION WARNING [legacy-js-api]: The legacy JS API is deprecated and will be removed in Dart Sass 2.0.0.
[35mn8n-editor-ui:build: [0m
[35mn8n-editor-ui:build: [0mMore info: https://sass-lang.com/d/legacy-js-api
[35mn8n-editor-ui:build: [0m
[35mn8n-editor-ui:build: [0mDEPRECATION WARNING [legacy-js-api]: The legacy JS API is deprecated and will be removed in Dart Sass 2.0.0.
[35mn8n-editor-ui:build: [0m
[35mn8n-editor-ui:build: [0mMore info: https://sass-lang.com/d/legacy-js-api
[35mn8n-editor-ui:build: [0m
[35mn8n-editor-ui:build: [0mDEPRECATION WARNING [legacy-js-api]: The legacy JS API is deprecated and will be removed in Dart Sass 2.0.0.
[35mn8n-editor-ui:build: [0m
[35mn8n-editor-ui:build: [0mMore info: https://sass-lang.com/d/legacy-js-api
[35mn8n-editor-ui:build: [0m
[35mn8n-editor-ui:build: [0mDEPRECATION WARNING [legacy-js-api]: The legacy JS API is deprecated and will be removed in Dart Sass 2.0.0.
[35mn8n-editor-ui:build: [0m
[35mn8n-editor-ui:build: [0mMore info: https://sass-lang.com/d/legacy-js-api
[35mn8n-editor-ui:build: [0m
[35mn8n-editor-ui:build: [0mDEPRECATION WARNING [legacy-js-api]: The legacy JS API is deprecated and will be removed in Dart Sass 2.0.0.
[35mn8n-editor-ui:build: [0m
[35mn8n-editor-ui:build: [0mMore info: https://sass-lang.com/d/legacy-js-api
[35mn8n-editor-ui:build: [0m
[35mn8n-editor-ui:build: [0mDEPRECATION WARNING [legacy-js-api]: The legacy JS API is deprecated and will be removed in Dart Sass 2.0.0.
[35mn8n-editor-ui:build: [0m
[35mn8n-editor-ui:build: [0mMore info: https://sass-lang.com/d/legacy-js-api
[35mn8n-editor-ui:build: [0m
[35mn8n-editor-ui:build: [0mDEPRECATION WARNING [legacy-js-api]: The legacy JS API is deprecated and will be removed in Dart Sass 2.0.0.
[35mn8n-editor-ui:build: [0m
[35mn8n-editor-ui:build: [0mMore info: https://sass-lang.com/d/legacy-js-api
[35mn8n-editor-ui:build: [0m
[35mn8n-editor-ui:build: [0mDEPRECATION WARNING [legacy-js-api]: The legacy JS API is deprecated and will be removed in Dart Sass 2.0.0.
[35mn8n-editor-ui:build: [0m
[35mn8n-editor-ui:build: [0mMore info: https://sass-lang.com/d/legacy-js-api
[35mn8n-editor-ui:build: [0m
[35mn8n-editor-ui:build: [0mDEPRECATION WARNING [legacy-js-api]: The legacy JS API is deprecated and will be removed in Dart Sass 2.0.0.
[35mn8n-editor-ui:build: [0m
[35mn8n-editor-ui:build: [0mMore info: https://sass-lang.com/d/legacy-js-api
[35mn8n-editor-ui:build: [0m
[35mn8n-editor-ui:build: [0mDEPRECATION WARNING [legacy-js-api]: The legacy JS API is deprecated and will be removed in Dart Sass 2.0.0.
[35mn8n-editor-ui:build: [0m
[35mn8n-editor-ui:build: [0mMore info: https://sass-lang.com/d/legacy-js-api
[35mn8n-editor-ui:build: [0m
[35mn8n-editor-ui:build: [0mDEPRECATION WARNING [legacy-js-api]: The legacy JS API is deprecated and will be removed in Dart Sass 2.0.0.
[35mn8n-editor-ui:build: [0m
[35mn8n-editor-ui:build: [0mMore info: https://sass-lang.com/d/legacy-js-api
[35mn8n-editor-ui:build: [0m
[35mn8n-editor-ui:build: [0mDEPRECATION WARNING [legacy-js-api]: The legacy JS API is deprecated and will be removed in Dart Sass 2.0.0.
[35mn8n-editor-ui:build: [0m
[35mn8n-editor-ui:build: [0mMore info: https://sass-lang.com/d/legacy-js-api
[35mn8n-editor-ui:build: [0m
[35mn8n-editor-ui:build: [0mDEPRECATION WARNING [legacy-js-api]: The legacy JS API is deprecated and will be removed in Dart Sass 2.0.0.
[35mn8n-editor-ui:build: [0m
[35mn8n-editor-ui:build: [0mMore info: https://sass-lang.com/d/legacy-js-api
[35mn8n-editor-ui:build: [0m
[35mn8n-editor-ui:build: [0mDEPRECATION WARNING [legacy-js-api]: The legacy JS API is deprecated and will be removed in Dart Sass 2.0.0.
[35mn8n-editor-ui:build: [0m
[35mn8n-editor-ui:build: [0mMore info: https://sass-lang.com/d/legacy-js-api
[35mn8n-editor-ui:build: [0m
[35mn8n-editor-ui:build: [0mDEPRECATION WARNING [legacy-js-api]: The legacy JS API is deprecated and will be removed in Dart Sass 2.0.0.
[35mn8n-editor-ui:build: [0m
[35mn8n-editor-ui:build: [0mMore info: https://sass-lang.com/d/legacy-js-api
[35mn8n-editor-ui:build: [0m
[35mn8n-editor-ui:build: [0mDEPRECATION WARNING [legacy-js-api]: The legacy JS API is deprecated and will be removed in Dart Sass 2.0.0.
[35mn8n-editor-ui:build: [0m
[35mn8n-editor-ui:build: [0mMore info: https://sass-lang.com/d/legacy-js-api
[35mn8n-editor-ui:build: [0m
[35mn8n-editor-ui:build: [0mDEPRECATION WARNING [legacy-js-api]: The legacy JS API is deprecated and will be removed in Dart Sass 2.0.0.
[35mn8n-editor-ui:build: [0m
[35mn8n-editor-ui:build: [0mMore info: https://sass-lang.com/d/legacy-js-api
[35mn8n-editor-ui:build: [0m
[35mn8n-editor-ui:build: [0mDEPRECATION WARNING [legacy-js-api]: The legacy JS API is deprecated and will be removed in Dart Sass 2.0.0.
[35mn8n-editor-ui:build: [0m
[35mn8n-editor-ui:build: [0mMore info: https://sass-lang.com/d/legacy-js-api
[35mn8n-editor-ui:build: [0m
[35mn8n-editor-ui:build: [0mDEPRECATION WARNING [legacy-js-api]: The legacy JS API is deprecated and will be removed in Dart Sass 2.0.0.
[35mn8n-editor-ui:build: [0m
[35mn8n-editor-ui:build: [0mMore info: https://sass-lang.com/d/legacy-js-api
[35mn8n-editor-ui:build: [0m
[35mn8n-editor-ui:build: [0mDEPRECATION WARNING [legacy-js-api]: The legacy JS API is deprecated and will be removed in Dart Sass 2.0.0.
[35mn8n-editor-ui:build: [0m
[35mn8n-editor-ui:build: [0mMore info: https://sass-lang.com/d/legacy-js-api
[35mn8n-editor-ui:build: [0m
[35mn8n-editor-ui:build: [0mDEPRECATION WARNING [legacy-js-api]: The legacy JS API is deprecated and will be removed in Dart Sass 2.0.0.
[35mn8n-editor-ui:build: [0m
[35mn8n-editor-ui:build: [0mMore info: https://sass-lang.com/d/legacy-js-api
[35mn8n-editor-ui:build: [0m
[35mn8n-editor-ui:build: [0mDEPRECATION WARNING [legacy-js-api]: The legacy JS API is deprecated and will be removed in Dart Sass 2.0.0.
[35mn8n-editor-ui:build: [0m
[35mn8n-editor-ui:build: [0mMore info: https://sass-lang.com/d/legacy-js-api
[35mn8n-editor-ui:build: [0m
[35mn8n-editor-ui:build: [0mDEPRECATION WARNING [legacy-js-api]: The legacy JS API is deprecated and will be removed in Dart Sass 2.0.0.
[35mn8n-editor-ui:build: [0m
[35mn8n-editor-ui:build: [0mMore info: https://sass-lang.com/d/legacy-js-api
[35mn8n-editor-ui:build: [0m
[35mn8n-editor-ui:build: [0mDEPRECATION WARNING [legacy-js-api]: The legacy JS API is deprecated and will be removed in Dart Sass 2.0.0.
[35mn8n-editor-ui:build: [0m
[35mn8n-editor-ui:build: [0mMore info: https://sass-lang.com/d/legacy-js-api
[35mn8n-editor-ui:build: [0m
[35mn8n-editor-ui:build: [0mDEPRECATION WARNING [legacy-js-api]: The legacy JS API is deprecated and will be removed in Dart Sass 2.0.0.
[35mn8n-editor-ui:build: [0m
[35mn8n-editor-ui:build: [0mMore info: https://sass-lang.com/d/legacy-js-api
[35mn8n-editor-ui:build: [0m
[35mn8n-editor-ui:build: [0mDEPRECATION WARNING [legacy-js-api]: The legacy JS API is deprecated and will be removed in Dart Sass 2.0.0.
[35mn8n-editor-ui:build: [0m
[35mn8n-editor-ui:build: [0mMore info: https://sass-lang.com/d/legacy-js-api
[35mn8n-editor-ui:build: [0m
[35mn8n-editor-ui:build: [0mDEPRECATION WARNING [legacy-js-api]: The legacy JS API is deprecated and will be removed in Dart Sass 2.0.0.
[35mn8n-editor-ui:build: [0m
[35mn8n-editor-ui:build: [0mMore info: https://sass-lang.com/d/legacy-js-api
[35mn8n-editor-ui:build: [0m
[35mn8n-editor-ui:build: [0mDEPRECATION WARNING [legacy-js-api]: The legacy JS API is deprecated and will be removed in Dart Sass 2.0.0.
[35mn8n-editor-ui:build: [0m
[35mn8n-editor-ui:build: [0mMore info: https://sass-lang.com/d/legacy-js-api
[35mn8n-editor-ui:build: [0m
[35mn8n-editor-ui:build: [0mDEPRECATION WARNING [legacy-js-api]: The legacy JS API is deprecated and will be removed in Dart Sass 2.0.0.
[35mn8n-editor-ui:build: [0m
[35mn8n-editor-ui:build: [0mMore info: https://sass-lang.com/d/legacy-js-api
[35mn8n-editor-ui:build: [0m
[35mn8n-editor-ui:build: [0mDEPRECATION WARNING [legacy-js-api]: The legacy JS API is deprecated and will be removed in Dart Sass 2.0.0.
[35mn8n-editor-ui:build: [0m
[35mn8n-editor-ui:build: [0mMore info: https://sass-lang.com/d/legacy-js-api
[35mn8n-editor-ui:build: [0m
[35mn8n-editor-ui:build: [0mDEPRECATION WARNING [legacy-js-api]: The legacy JS API is deprecated and will be removed in Dart Sass 2.0.0.
[35mn8n-editor-ui:build: [0m
[35mn8n-editor-ui:build: [0mMore info: https://sass-lang.com/d/legacy-js-api
[35mn8n-editor-ui:build: [0m
[35mn8n-editor-ui:build: [0mDEPRECATION WARNING [legacy-js-api]: The legacy JS API is deprecated and will be removed in Dart Sass 2.0.0.
[35mn8n-editor-ui:build: [0m
[35mn8n-editor-ui:build: [0mMore info: https://sass-lang.com/d/legacy-js-api
[35mn8n-editor-ui:build: [0m
[35mn8n-editor-ui:build: [0mDEPRECATION WARNING [legacy-js-api]: The legacy JS API is deprecated and will be removed in Dart Sass 2.0.0.
[35mn8n-editor-ui:build: [0m
[35mn8n-editor-ui:build: [0mMore info: https://sass-lang.com/d/legacy-js-api
[35mn8n-editor-ui:build: [0m
[35mn8n-editor-ui:build: [0mDEPRECATION WARNING [legacy-js-api]: The legacy JS API is deprecated and will be removed in Dart Sass 2.0.0.
[35mn8n-editor-ui:build: [0m
[35mn8n-editor-ui:build: [0mMore info: https://sass-lang.com/d/legacy-js-api
[35mn8n-editor-ui:build: [0m
[35mn8n-editor-ui:build: [0mDEPRECATION WARNING [legacy-js-api]: The legacy JS API is deprecated and will be removed in Dart Sass 2.0.0.
[35mn8n-editor-ui:build: [0m
[35mn8n-editor-ui:build: [0mMore info: https://sass-lang.com/d/legacy-js-api
[35mn8n-editor-ui:build: [0m
[35mn8n-editor-ui:build: [0mDEPRECATION WARNING [legacy-js-api]: The legacy JS API is deprecated and will be removed in Dart Sass 2.0.0.
[35mn8n-editor-ui:build: [0m
[35mn8n-editor-ui:build: [0mMore info: https://sass-lang.com/d/legacy-js-api
[35mn8n-editor-ui:build: [0m
[35mn8n-editor-ui:build: [0mDEPRECATION WARNING [legacy-js-api]: The legacy JS API is deprecated and will be removed in Dart Sass 2.0.0.
[35mn8n-editor-ui:build: [0m
[35mn8n-editor-ui:build: [0mMore info: https://sass-lang.com/d/legacy-js-api
[35mn8n-editor-ui:build: [0m
[35mn8n-editor-ui:build: [0mDEPRECATION WARNING [legacy-js-api]: The legacy JS API is deprecated and will be removed in Dart Sass 2.0.0.
[35mn8n-editor-ui:build: [0m
[35mn8n-editor-ui:build: [0mMore info: https://sass-lang.com/d/legacy-js-api
[35mn8n-editor-ui:build: [0m
[35mn8n-editor-ui:build: [0mDEPRECATION WARNING [legacy-js-api]: The legacy JS API is deprecated and will be removed in Dart Sass 2.0.0.
[35mn8n-editor-ui:build: [0m
[35mn8n-editor-ui:build: [0mMore info: https://sass-lang.com/d/legacy-js-api
[35mn8n-editor-ui:build: [0m
[35mn8n-editor-ui:build: [0mDEPRECATION WARNING [legacy-js-api]: The legacy JS API is deprecated and will be removed in Dart Sass 2.0.0.
[35mn8n-editor-ui:build: [0m
[35mn8n-editor-ui:build: [0mMore info: https://sass-lang.com/d/legacy-js-api
[35mn8n-editor-ui:build: [0m
[35mn8n-editor-ui:build: [0mDEPRECATION WARNING [legacy-js-api]: The legacy JS API is deprecated and will be removed in Dart Sass 2.0.0.
[35mn8n-editor-ui:build: [0m
[35mn8n-editor-ui:build: [0mMore info: https://sass-lang.com/d/legacy-js-api
[35mn8n-editor-ui:build: [0m
[35mn8n-editor-ui:build: [0mDEPRECATION WARNING [legacy-js-api]: The legacy JS API is deprecated and will be removed in Dart Sass 2.0.0.
[35mn8n-editor-ui:build: [0m
[35mn8n-editor-ui:build: [0mMore info: https://sass-lang.com/d/legacy-js-api
[35mn8n-editor-ui:build: [0m
[35mn8n-editor-ui:build: [0mDEPRECATION WARNING [legacy-js-api]: The legacy JS API is deprecated and will be removed in Dart Sass 2.0.0.
[35mn8n-editor-ui:build: [0m
[35mn8n-editor-ui:build: [0mMore info: https://sass-lang.com/d/legacy-js-api
[35mn8n-editor-ui:build: [0m
[35mn8n-editor-ui:build: [0mDEPRECATION WARNING [legacy-js-api]: The legacy JS API is deprecated and will be removed in Dart Sass 2.0.0.
[35mn8n-editor-ui:build: [0m
[35mn8n-editor-ui:build: [0mMore info: https://sass-lang.com/d/legacy-js-api
[35mn8n-editor-ui:build: [0m
[35mn8n-editor-ui:build: [0mDEPRECATION WARNING [legacy-js-api]: The legacy JS API is deprecated and will be removed in Dart Sass 2.0.0.
[35mn8n-editor-ui:build: [0m
[35mn8n-editor-ui:build: [0mMore info: https://sass-lang.com/d/legacy-js-api
[35mn8n-editor-ui:build: [0m
[35mn8n-editor-ui:build: [0mDEPRECATION WARNING [legacy-js-api]: The legacy JS API is deprecated and will be removed in Dart Sass 2.0.0.
[35mn8n-editor-ui:build: [0m
[35mn8n-editor-ui:build: [0mMore info: https://sass-lang.com/d/legacy-js-api
[35mn8n-editor-ui:build: [0m
[35mn8n-editor-ui:build: [0mDEPRECATION WARNING [legacy-js-api]: The legacy JS API is deprecated and will be removed in Dart Sass 2.0.0.
[35mn8n-editor-ui:build: [0m
[35mn8n-editor-ui:build: [0mMore info: https://sass-lang.com/d/legacy-js-api
[35mn8n-editor-ui:build: [0m
[35mn8n-editor-ui:build: [0mDEPRECATION WARNING [legacy-js-api]: The legacy JS API is deprecated and will be removed in Dart Sass 2.0.0.
[35mn8n-editor-ui:build: [0m
[35mn8n-editor-ui:build: [0mMore info: https://sass-lang.com/d/legacy-js-api
[35mn8n-editor-ui:build: [0m
[35mn8n-editor-ui:build: [0mDEPRECATION WARNING [legacy-js-api]: The legacy JS API is deprecated and will be removed in Dart Sass 2.0.0.
[35mn8n-editor-ui:build: [0m
[35mn8n-editor-ui:build: [0mMore info: https://sass-lang.com/d/legacy-js-api
[35mn8n-editor-ui:build: [0m
[35mn8n-editor-ui:build: [0mDEPRECATION WARNING [legacy-js-api]: The legacy JS API is deprecated and will be removed in Dart Sass 2.0.0.
[35mn8n-editor-ui:build: [0m
[35mn8n-editor-ui:build: [0mMore info: https://sass-lang.com/d/legacy-js-api
[35mn8n-editor-ui:build: [0m
[35mn8n-editor-ui:build: [0mDEPRECATION WARNING [legacy-js-api]: The legacy JS API is deprecated and will be removed in Dart Sass 2.0.0.
[35mn8n-editor-ui:build: [0m
[35mn8n-editor-ui:build: [0mMore info: https://sass-lang.com/d/legacy-js-api
[35mn8n-editor-ui:build: [0m
[35mn8n-editor-ui:build: [0mDEPRECATION WARNING [legacy-js-api]: The legacy JS API is deprecated and will be removed in Dart Sass 2.0.0.
[35mn8n-editor-ui:build: [0m
[35mn8n-editor-ui:build: [0mMore info: https://sass-lang.com/d/legacy-js-api
[35mn8n-editor-ui:build: [0m
[35mn8n-editor-ui:build: [0mDEPRECATION WARNING [legacy-js-api]: The legacy JS API is deprecated and will be removed in Dart Sass 2.0.0.
[35mn8n-editor-ui:build: [0m
[35mn8n-editor-ui:build: [0mMore info: https://sass-lang.com/d/legacy-js-api
[35mn8n-editor-ui:build: [0m
[35mn8n-editor-ui:build: [0mDEPRECATION WARNING [legacy-js-api]: The legacy JS API is deprecated and will be removed in Dart Sass 2.0.0.
[35mn8n-editor-ui:build: [0m
[35mn8n-editor-ui:build: [0mMore info: https://sass-lang.com/d/legacy-js-api
[35mn8n-editor-ui:build: [0m
[35mn8n-editor-ui:build: [0mDEPRECATION WARNING [legacy-js-api]: The legacy JS API is deprecated and will be removed in Dart Sass 2.0.0.
[35mn8n-editor-ui:build: [0m
[35mn8n-editor-ui:build: [0mMore info: https://sass-lang.com/d/legacy-js-api
[35mn8n-editor-ui:build: [0m
[35mn8n-editor-ui:build: [0mDEPRECATION WARNING [legacy-js-api]: The legacy JS API is deprecated and will be removed in Dart Sass 2.0.0.
[35mn8n-editor-ui:build: [0m
[35mn8n-editor-ui:build: [0mMore info: https://sass-lang.com/d/legacy-js-api
[35mn8n-editor-ui:build: [0m
[35mn8n-editor-ui:build: [0mDEPRECATION WARNING [legacy-js-api]: The legacy JS API is deprecated and will be removed in Dart Sass 2.0.0.
[35mn8n-editor-ui:build: [0m
[35mn8n-editor-ui:build: [0mMore info: https://sass-lang.com/d/legacy-js-api
[35mn8n-editor-ui:build: [0m
[35mn8n-editor-ui:build: [0mDEPRECATION WARNING [legacy-js-api]: The legacy JS API is deprecated and will be removed in Dart Sass 2.0.0.
[35mn8n-editor-ui:build: [0m
[35mn8n-editor-ui:build: [0mMore info: https://sass-lang.com/d/legacy-js-api
[35mn8n-editor-ui:build: [0m
[35mn8n-editor-ui:build: [0mDEPRECATION WARNING [legacy-js-api]: The legacy JS API is deprecated and will be removed in Dart Sass 2.0.0.
[35mn8n-editor-ui:build: [0m
[35mn8n-editor-ui:build: [0mMore info: https://sass-lang.com/d/legacy-js-api
[35mn8n-editor-ui:build: [0m
[35mn8n-editor-ui:build: [0mDEPRECATION WARNING [legacy-js-api]: The legacy JS API is deprecated and will be removed in Dart Sass 2.0.0.
[35mn8n-editor-ui:build: [0m
[35mn8n-editor-ui:build: [0mMore info: https://sass-lang.com/d/legacy-js-api
[35mn8n-editor-ui:build: [0m
[35mn8n-editor-ui:build: [0mDEPRECATION WARNING [legacy-js-api]: The legacy JS API is deprecated and will be removed in Dart Sass 2.0.0.
[35mn8n-editor-ui:build: [0m
[35mn8n-editor-ui:build: [0mMore info: https://sass-lang.com/d/legacy-js-api
[35mn8n-editor-ui:build: [0m
[35mn8n-editor-ui:build: [0mDEPRECATION WARNING [legacy-js-api]: The legacy JS API is deprecated and will be removed in Dart Sass 2.0.0.
[35mn8n-editor-ui:build: [0m
[35mn8n-editor-ui:build: [0mMore info: https://sass-lang.com/d/legacy-js-api
[35mn8n-editor-ui:build: [0m
[35mn8n-editor-ui:build: [0mDEPRECATION WARNING [legacy-js-api]: The legacy JS API is deprecated and will be removed in Dart Sass 2.0.0.
[35mn8n-editor-ui:build: [0m
[35mn8n-editor-ui:build: [0mMore info: https://sass-lang.com/d/legacy-js-api
[35mn8n-editor-ui:build: [0m
[35mn8n-editor-ui:build: [0mDEPRECATION WARNING [legacy-js-api]: The legacy JS API is deprecated and will be removed in Dart Sass 2.0.0.
[35mn8n-editor-ui:build: [0m
[35mn8n-editor-ui:build: [0mMore info: https://sass-lang.com/d/legacy-js-api
[35mn8n-editor-ui:build: [0m
[35mn8n-editor-ui:build: [0mDEPRECATION WARNING [legacy-js-api]: The legacy JS API is deprecated and will be removed in Dart Sass 2.0.0.
[35mn8n-editor-ui:build: [0m
[35mn8n-editor-ui:build: [0mMore info: https://sass-lang.com/d/legacy-js-api
[35mn8n-editor-ui:build: [0m
[35mn8n-editor-ui:build: [0mDEPRECATION WARNING [legacy-js-api]: The legacy JS API is deprecated and will be removed in Dart Sass 2.0.0.
[35mn8n-editor-ui:build: [0m
[35mn8n-editor-ui:build: [0mMore info: https://sass-lang.com/d/legacy-js-api
[35mn8n-editor-ui:build: [0m
[35mn8n-editor-ui:build: [0mDEPRECATION WARNING [legacy-js-api]: The legacy JS API is deprecated and will be removed in Dart Sass 2.0.0.
[35mn8n-editor-ui:build: [0m
[35mn8n-editor-ui:build: [0mMore info: https://sass-lang.com/d/legacy-js-api
[35mn8n-editor-ui:build: [0m
[35mn8n-editor-ui:build: [0mDEPRECATION WARNING [legacy-js-api]: The legacy JS API is deprecated and will be removed in Dart Sass 2.0.0.
[35mn8n-editor-ui:build: [0m
[35mn8n-editor-ui:build: [0mMore info: https://sass-lang.com/d/legacy-js-api
[35mn8n-editor-ui:build: [0m
[35mn8n-editor-ui:build: [0mDEPRECATION WARNING [legacy-js-api]: The legacy JS API is deprecated and will be removed in Dart Sass 2.0.0.
[35mn8n-editor-ui:build: [0m
[35mn8n-editor-ui:build: [0mMore info: https://sass-lang.com/d/legacy-js-api
[35mn8n-editor-ui:build: [0m
[35mn8n-editor-ui:build: [0mDEPRECATION WARNING [legacy-js-api]: The legacy JS API is deprecated and will be removed in Dart Sass 2.0.0.
[35mn8n-editor-ui:build: [0m
[35mn8n-editor-ui:build: [0mMore info: https://sass-lang.com/d/legacy-js-api
[35mn8n-editor-ui:build: [0m
[35mn8n-editor-ui:build: [0mDEPRECATION WARNING [legacy-js-api]: The legacy JS API is deprecated and will be removed in Dart Sass 2.0.0.
[35mn8n-editor-ui:build: [0m
[35mn8n-editor-ui:build: [0mMore info: https://sass-lang.com/d/legacy-js-api
[35mn8n-editor-ui:build: [0m
[35mn8n-editor-ui:build: [0mDEPRECATION WARNING [legacy-js-api]: The legacy JS API is deprecated and will be removed in Dart Sass 2.0.0.
[35mn8n-editor-ui:build: [0m
[35mn8n-editor-ui:build: [0mMore info: https://sass-lang.com/d/legacy-js-api
[35mn8n-editor-ui:build: [0m
[35mn8n-editor-ui:build: [0mDEPRECATION WARNING [legacy-js-api]: The legacy JS API is deprecated and will be removed in Dart Sass 2.0.0.
[35mn8n-editor-ui:build: [0m
[35mn8n-editor-ui:build: [0mMore info: https://sass-lang.com/d/legacy-js-api
[35mn8n-editor-ui:build: [0m
[35mn8n-editor-ui:build: [0mDEPRECATION WARNING [legacy-js-api]: The legacy JS API is deprecated and will be removed in Dart Sass 2.0.0.
[35mn8n-editor-ui:build: [0m
[35mn8n-editor-ui:build: [0mMore info: https://sass-lang.com/d/legacy-js-api
[35mn8n-editor-ui:build: [0m
[35mn8n-editor-ui:build: [0mDEPRECATION WARNING [legacy-js-api]: The legacy JS API is deprecated and will be removed in Dart Sass 2.0.0.
[35mn8n-editor-ui:build: [0m
[35mn8n-editor-ui:build: [0mMore info: https://sass-lang.com/d/legacy-js-api
[35mn8n-editor-ui:build: [0m
[35mn8n-editor-ui:build: [0mDEPRECATION WARNING [legacy-js-api]: The legacy JS API is deprecated and will be removed in Dart Sass 2.0.0.
[35mn8n-editor-ui:build: [0m
[35mn8n-editor-ui:build: [0mMore info: https://sass-lang.com/d/legacy-js-api
[35mn8n-editor-ui:build: [0m
[35mn8n-editor-ui:build: [0mDEPRECATION WARNING [legacy-js-api]: The legacy JS API is deprecated and will be removed in Dart Sass 2.0.0.
[35mn8n-editor-ui:build: [0m
[35mn8n-editor-ui:build: [0mMore info: https://sass-lang.com/d/legacy-js-api
[35mn8n-editor-ui:build: [0m
[35mn8n-editor-ui:build: [0mDEPRECATION WARNING [legacy-js-api]: The legacy JS API is deprecated and will be removed in Dart Sass 2.0.0.
[35mn8n-editor-ui:build: [0m
[35mn8n-editor-ui:build: [0mMore info: https://sass-lang.com/d/legacy-js-api
[35mn8n-editor-ui:build: [0m
[35mn8n-editor-ui:build: [0mDEPRECATION WARNING [legacy-js-api]: The legacy JS API is deprecated and will be removed in Dart Sass 2.0.0.
[35mn8n-editor-ui:build: [0m
[35mn8n-editor-ui:build: [0mMore info: https://sass-lang.com/d/legacy-js-api
[35mn8n-editor-ui:build: [0m
[35mn8n-editor-ui:build: [0mDEPRECATION WARNING [legacy-js-api]: The legacy JS API is deprecated and will be removed in Dart Sass 2.0.0.
[35mn8n-editor-ui:build: [0m
[35mn8n-editor-ui:build: [0mMore info: https://sass-lang.com/d/legacy-js-api
[35mn8n-editor-ui:build: [0m
[35mn8n-editor-ui:build: [0mDEPRECATION WARNING [legacy-js-api]: The legacy JS API is deprecated and will be removed in Dart Sass 2.0.0.
[35mn8n-editor-ui:build: [0m
[35mn8n-editor-ui:build: [0mMore info: https://sass-lang.com/d/legacy-js-api
[35mn8n-editor-ui:build: [0m
[35mn8n-editor-ui:build: [0mDEPRECATION WARNING [legacy-js-api]: The legacy JS API is deprecated and will be removed in Dart Sass 2.0.0.
[35mn8n-editor-ui:build: [0m
[35mn8n-editor-ui:build: [0mMore info: https://sass-lang.com/d/legacy-js-api
[35mn8n-editor-ui:build: [0m
[35mn8n-editor-ui:build: [0mDEPRECATION WARNING [legacy-js-api]: The legacy JS API is deprecated and will be removed in Dart Sass 2.0.0.
[35mn8n-editor-ui:build: [0m
[35mn8n-editor-ui:build: [0mMore info: https://sass-lang.com/d/legacy-js-api
[35mn8n-editor-ui:build: [0m
[35mn8n-editor-ui:build: [0mDEPRECATION WARNING [legacy-js-api]: The legacy JS API is deprecated and will be removed in Dart Sass 2.0.0.
[35mn8n-editor-ui:build: [0m
[35mn8n-editor-ui:build: [0mMore info: https://sass-lang.com/d/legacy-js-api
[35mn8n-editor-ui:build: [0m
[35mn8n-editor-ui:build: [0mDEPRECATION WARNING [legacy-js-api]: The legacy JS API is deprecated and will be removed in Dart Sass 2.0.0.
[35mn8n-editor-ui:build: [0m
[35mn8n-editor-ui:build: [0mMore info: https://sass-lang.com/d/legacy-js-api
[35mn8n-editor-ui:build: [0m
[35mn8n-editor-ui:build: [0mDEPRECATION WARNING [legacy-js-api]: The legacy JS API is deprecated and will be removed in Dart Sass 2.0.0.
[35mn8n-editor-ui:build: [0m
[35mn8n-editor-ui:build: [0mMore info: https://sass-lang.com/d/legacy-js-api
[35mn8n-editor-ui:build: [0m
[35mn8n-editor-ui:build: [0mDEPRECATION WARNING [legacy-js-api]: The legacy JS API is deprecated and will be removed in Dart Sass 2.0.0.
[35mn8n-editor-ui:build: [0m
[35mn8n-editor-ui:build: [0mMore info: https://sass-lang.com/d/legacy-js-api
[35mn8n-editor-ui:build: [0m
[35mn8n-editor-ui:build: [0mDEPRECATION WARNING [legacy-js-api]: The legacy JS API is deprecated and will be removed in Dart Sass 2.0.0.
[35mn8n-editor-ui:build: [0m
[35mn8n-editor-ui:build: [0mMore info: https://sass-lang.com/d/legacy-js-api
[35mn8n-editor-ui:build: [0m
[35mn8n-editor-ui:build: [0mDEPRECATION WARNING [legacy-js-api]: The legacy JS API is deprecated and will be removed in Dart Sass 2.0.0.
[35mn8n-editor-ui:build: [0m
[35mn8n-editor-ui:build: [0mMore info: https://sass-lang.com/d/legacy-js-api
[35mn8n-editor-ui:build: [0m
[35mn8n-editor-ui:build: [0mDEPRECATION WARNING [legacy-js-api]: The legacy JS API is deprecated and will be removed in Dart Sass 2.0.0.
[35mn8n-editor-ui:build: [0m
[35mn8n-editor-ui:build: [0mMore info: https://sass-lang.com/d/legacy-js-api
[35mn8n-editor-ui:build: [0m
[35mn8n-editor-ui:build: [0mDEPRECATION WARNING [legacy-js-api]: The legacy JS API is deprecated and will be removed in Dart Sass 2.0.0.
[35mn8n-editor-ui:build: [0m
[35mn8n-editor-ui:build: [0mMore info: https://sass-lang.com/d/legacy-js-api
[35mn8n-editor-ui:build: [0m
[35mn8n-editor-ui:build: [0mDEPRECATION WARNING [legacy-js-api]: The legacy JS API is deprecated and will be removed in Dart Sass 2.0.0.
[35mn8n-editor-ui:build: [0m
[35mn8n-editor-ui:build: [0mMore info: https://sass-lang.com/d/legacy-js-api
[35mn8n-editor-ui:build: [0m
[35mn8n-editor-ui:build: [0mDEPRECATION WARNING [legacy-js-api]: The legacy JS API is deprecated and will be removed in Dart Sass 2.0.0.
[35mn8n-editor-ui:build: [0m
[35mn8n-editor-ui:build: [0mMore info: https://sass-lang.com/d/legacy-js-api
[35mn8n-editor-ui:build: [0m
[35mn8n-editor-ui:build: [0mDEPRECATION WARNING [legacy-js-api]: The legacy JS API is deprecated and will be removed in Dart Sass 2.0.0.
[35mn8n-editor-ui:build: [0m
[35mn8n-editor-ui:build: [0mMore info: https://sass-lang.com/d/legacy-js-api
[35mn8n-editor-ui:build: [0m
[35mn8n-editor-ui:build: [0mDEPRECATION WARNING [legacy-js-api]: The legacy JS API is deprecated and will be removed in Dart Sass 2.0.0.
[35mn8n-editor-ui:build: [0m
[35mn8n-editor-ui:build: [0mMore info: https://sass-lang.com/d/legacy-js-api
[35mn8n-editor-ui:build: [0m
[35mn8n-editor-ui:build: [0mDEPRECATION WARNING [legacy-js-api]: The legacy JS API is deprecated and will be removed in Dart Sass 2.0.0.
[35mn8n-editor-ui:build: [0m
[35mn8n-editor-ui:build: [0mMore info: https://sass-lang.com/d/legacy-js-api
[35mn8n-editor-ui:build: [0m
[35mn8n-editor-ui:build: [0mDEPRECATION WARNING [legacy-js-api]: The legacy JS API is deprecated and will be removed in Dart Sass 2.0.0.
[35mn8n-editor-ui:build: [0m
[35mn8n-editor-ui:build: [0mMore info: https://sass-lang.com/d/legacy-js-api
[35mn8n-editor-ui:build: [0m
[35mn8n-editor-ui:build: [0mDEPRECATION WARNING [legacy-js-api]: The legacy JS API is deprecated and will be removed in Dart Sass 2.0.0.
[35mn8n-editor-ui:build: [0m
[35mn8n-editor-ui:build: [0mMore info: https://sass-lang.com/d/legacy-js-api
[35mn8n-editor-ui:build: [0m
[35mn8n-editor-ui:build: [0mDEPRECATION WARNING [legacy-js-api]: The legacy JS API is deprecated and will be removed in Dart Sass 2.0.0.
[35mn8n-editor-ui:build: [0m
[35mn8n-editor-ui:build: [0mMore info: https://sass-lang.com/d/legacy-js-api
[35mn8n-editor-ui:build: [0m
[35mn8n-editor-ui:build: [0mDEPRECATION WARNING [legacy-js-api]: The legacy JS API is deprecated and will be removed in Dart Sass 2.0.0.
[35mn8n-editor-ui:build: [0m
[35mn8n-editor-ui:build: [0mMore info: https://sass-lang.com/d/legacy-js-api
[35mn8n-editor-ui:build: [0m
[35mn8n-editor-ui:build: [0mDEPRECATION WARNING [legacy-js-api]: The legacy JS API is deprecated and will be removed in Dart Sass 2.0.0.
[35mn8n-editor-ui:build: [0m
[35mn8n-editor-ui:build: [0mMore info: https://sass-lang.com/d/legacy-js-api
[35mn8n-editor-ui:build: [0m
[35mn8n-editor-ui:build: [0mDEPRECATION WARNING [legacy-js-api]: The legacy JS API is deprecated and will be removed in Dart Sass 2.0.0.
[35mn8n-editor-ui:build: [0m
[35mn8n-editor-ui:build: [0mMore info: https://sass-lang.com/d/legacy-js-api
[35mn8n-editor-ui:build: [0m
[35mn8n-editor-ui:build: [0mDEPRECATION WARNING [legacy-js-api]: The legacy JS API is deprecated and will be removed in Dart Sass 2.0.0.
[35mn8n-editor-ui:build: [0m
[35mn8n-editor-ui:build: [0mMore info: https://sass-lang.com/d/legacy-js-api
[35mn8n-editor-ui:build: [0m
[35mn8n-editor-ui:build: [0mDEPRECATION WARNING [legacy-js-api]: The legacy JS API is deprecated and will be removed in Dart Sass 2.0.0.
[35mn8n-editor-ui:build: [0m
[35mn8n-editor-ui:build: [0mMore info: https://sass-lang.com/d/legacy-js-api
[35mn8n-editor-ui:build: [0m
[35mn8n-editor-ui:build: [0mDEPRECATION WARNING [legacy-js-api]: The legacy JS API is deprecated and will be removed in Dart Sass 2.0.0.
[35mn8n-editor-ui:build: [0m
[35mn8n-editor-ui:build: [0mMore info: https://sass-lang.com/d/legacy-js-api
[35mn8n-editor-ui:build: [0m
[35mn8n-editor-ui:build: [0mDEPRECATION WARNING [legacy-js-api]: The legacy JS API is deprecated and will be removed in Dart Sass 2.0.0.
[35mn8n-editor-ui:build: [0m
[35mn8n-editor-ui:build: [0mMore info: https://sass-lang.com/d/legacy-js-api
[35mn8n-editor-ui:build: [0m
[35mn8n-editor-ui:build: [0mDEPRECATION WARNING [legacy-js-api]: The legacy JS API is deprecated and will be removed in Dart Sass 2.0.0.
[35mn8n-editor-ui:build: [0m
[35mn8n-editor-ui:build: [0mMore info: https://sass-lang.com/d/legacy-js-api
[35mn8n-editor-ui:build: [0m
[35mn8n-editor-ui:build: [0mDEPRECATION WARNING [legacy-js-api]: The legacy JS API is deprecated and will be removed in Dart Sass 2.0.0.
[35mn8n-editor-ui:build: [0m
[35mn8n-editor-ui:build: [0mMore info: https://sass-lang.com/d/legacy-js-api
[35mn8n-editor-ui:build: [0m
[35mn8n-editor-ui:build: [0mDEPRECATION WARNING [legacy-js-api]: The legacy JS API is deprecated and will be removed in Dart Sass 2.0.0.
[35mn8n-editor-ui:build: [0m
[35mn8n-editor-ui:build: [0mMore info: https://sass-lang.com/d/legacy-js-api
[35mn8n-editor-ui:build: [0m
[35mn8n-editor-ui:build: [0mDEPRECATION WARNING [legacy-js-api]: The legacy JS API is deprecated and will be removed in Dart Sass 2.0.0.
[35mn8n-editor-ui:build: [0m
[35mn8n-editor-ui:build: [0mMore info: https://sass-lang.com/d/legacy-js-api
[35mn8n-editor-ui:build: [0m
[35mn8n-editor-ui:build: [0mDEPRECATION WARNING [legacy-js-api]: The legacy JS API is deprecated and will be removed in Dart Sass 2.0.0.
[35mn8n-editor-ui:build: [0m
[35mn8n-editor-ui:build: [0mMore info: https://sass-lang.com/d/legacy-js-api
[35mn8n-editor-ui:build: [0m
[35mn8n-editor-ui:build: [0mDEPRECATION WARNING [legacy-js-api]: The legacy JS API is deprecated and will be removed in Dart Sass 2.0.0.
[35mn8n-editor-ui:build: [0m
[35mn8n-editor-ui:build: [0mMore info: https://sass-lang.com/d/legacy-js-api
[35mn8n-editor-ui:build: [0m
[35mn8n-editor-ui:build: [0mDEPRECATION WARNING [legacy-js-api]: The legacy JS API is deprecated and will be removed in Dart Sass 2.0.0.
[35mn8n-editor-ui:build: [0m
[35mn8n-editor-ui:build: [0mMore info: https://sass-lang.com/d/legacy-js-api
[35mn8n-editor-ui:build: [0m
[35mn8n-editor-ui:build: [0mDEPRECATION WARNING [legacy-js-api]: The legacy JS API is deprecated and will be removed in Dart Sass 2.0.0.
[35mn8n-editor-ui:build: [0m
[35mn8n-editor-ui:build: [0mMore info: https://sass-lang.com/d/legacy-js-api
[35mn8n-editor-ui:build: [0m
[35mn8n-editor-ui:build: [0mDEPRECATION WARNING [legacy-js-api]: The legacy JS API is deprecated and will be removed in Dart Sass 2.0.0.
[35mn8n-editor-ui:build: [0m
[35mn8n-editor-ui:build: [0mMore info: https://sass-lang.com/d/legacy-js-api
[35mn8n-editor-ui:build: [0m
[35mn8n-editor-ui:build: [0mDEPRECATION WARNING [legacy-js-api]: The legacy JS API is deprecated and will be removed in Dart Sass 2.0.0.
[35mn8n-editor-ui:build: [0m
[35mn8n-editor-ui:build: [0mMore info: https://sass-lang.com/d/legacy-js-api
[35mn8n-editor-ui:build: [0m
[35mn8n-editor-ui:build: [0mDEPRECATION WARNING [legacy-js-api]: The legacy JS API is deprecated and will be removed in Dart Sass 2.0.0.
[35mn8n-editor-ui:build: [0m
[35mn8n-editor-ui:build: [0mMore info: https://sass-lang.com/d/legacy-js-api
[35mn8n-editor-ui:build: [0m
[35mn8n-editor-ui:build: [0mDEPRECATION WARNING [legacy-js-api]: The legacy JS API is deprecated and will be removed in Dart Sass 2.0.0.
[35mn8n-editor-ui:build: [0m
[35mn8n-editor-ui:build: [0mMore info: https://sass-lang.com/d/legacy-js-api
[35mn8n-editor-ui:build: [0m
[35mn8n-editor-ui:build: [0mDEPRECATION WARNING [legacy-js-api]: The legacy JS API is deprecated and will be removed in Dart Sass 2.0.0.
[35mn8n-editor-ui:build: [0m
[35mn8n-editor-ui:build: [0mMore info: https://sass-lang.com/d/legacy-js-api
[35mn8n-editor-ui:build: [0m
[35mn8n-editor-ui:build: [0mDEPRECATION WARNING [legacy-js-api]: The legacy JS API is deprecated and will be removed in Dart Sass 2.0.0.
[35mn8n-editor-ui:build: [0m
[35mn8n-editor-ui:build: [0mMore info: https://sass-lang.com/d/legacy-js-api
[35mn8n-editor-ui:build: [0m
[35mn8n-editor-ui:build: [0mDEPRECATION WARNING [legacy-js-api]: The legacy JS API is deprecated and will be removed in Dart Sass 2.0.0.
[35mn8n-editor-ui:build: [0m
[35mn8n-editor-ui:build: [0mMore info: https://sass-lang.com/d/legacy-js-api
[35mn8n-editor-ui:build: [0m
[35mn8n-editor-ui:build: [0mDEPRECATION WARNING [legacy-js-api]: The legacy JS API is deprecated and will be removed in Dart Sass 2.0.0.
[35mn8n-editor-ui:build: [0m
[35mn8n-editor-ui:build: [0mMore info: https://sass-lang.com/d/legacy-js-api
[35mn8n-editor-ui:build: [0m
[35mn8n-editor-ui:build: [0mDEPRECATION WARNING [legacy-js-api]: The legacy JS API is deprecated and will be removed in Dart Sass 2.0.0.
[35mn8n-editor-ui:build: [0m
[35mn8n-editor-ui:build: [0mMore info: https://sass-lang.com/d/legacy-js-api
[35mn8n-editor-ui:build: [0m
[35mn8n-editor-ui:build: [0mDEPRECATION WARNING [legacy-js-api]: The legacy JS API is deprecated and will be removed in Dart Sass 2.0.0.
[35mn8n-editor-ui:build: [0m
[35mn8n-editor-ui:build: [0mMore info: https://sass-lang.com/d/legacy-js-api
[35mn8n-editor-ui:build: [0m
[35mn8n-editor-ui:build: [0mDEPRECATION WARNING [legacy-js-api]: The legacy JS API is deprecated and will be removed in Dart Sass 2.0.0.
[35mn8n-editor-ui:build: [0m
[35mn8n-editor-ui:build: [0mMore info: https://sass-lang.com/d/legacy-js-api
[35mn8n-editor-ui:build: [0m
[35mn8n-editor-ui:build: [0mDEPRECATION WARNING [legacy-js-api]: The legacy JS API is deprecated and will be removed in Dart Sass 2.0.0.
[35mn8n-editor-ui:build: [0m
[35mn8n-editor-ui:build: [0mMore info: https://sass-lang.com/d/legacy-js-api
[35mn8n-editor-ui:build: [0m
[35mn8n-editor-ui:build: [0mDEPRECATION WARNING [legacy-js-api]: The legacy JS API is deprecated and will be removed in Dart Sass 2.0.0.
[35mn8n-editor-ui:build: [0m
[35mn8n-editor-ui:build: [0mMore info: https://sass-lang.com/d/legacy-js-api
[35mn8n-editor-ui:build: [0m
[35mn8n-editor-ui:build: [0mDEPRECATION WARNING [legacy-js-api]: The legacy JS API is deprecated and will be removed in Dart Sass 2.0.0.
[35mn8n-editor-ui:build: [0m
[35mn8n-editor-ui:build: [0mMore info: https://sass-lang.com/d/legacy-js-api
[35mn8n-editor-ui:build: [0m
[35mn8n-editor-ui:build: [0mDEPRECATION WARNING [legacy-js-api]: The legacy JS API is deprecated and will be removed in Dart Sass 2.0.0.
[35mn8n-editor-ui:build: [0m
[35mn8n-editor-ui:build: [0mMore info: https://sass-lang.com/d/legacy-js-api
[35mn8n-editor-ui:build: [0m
[35mn8n-editor-ui:build: [0mDEPRECATION WARNING [legacy-js-api]: The legacy JS API is deprecated and will be removed in Dart Sass 2.0.0.
[35mn8n-editor-ui:build: [0m
[35mn8n-editor-ui:build: [0mMore info: https://sass-lang.com/d/legacy-js-api
[35mn8n-editor-ui:build: [0m
[35mn8n-editor-ui:build: [0mDEPRECATION WARNING [legacy-js-api]: The legacy JS API is deprecated and will be removed in Dart Sass 2.0.0.
[35mn8n-editor-ui:build: [0m
[35mn8n-editor-ui:build: [0mMore info: https://sass-lang.com/d/legacy-js-api
[35mn8n-editor-ui:build: [0m
[35mn8n-editor-ui:build: [0mDEPRECATION WARNING [legacy-js-api]: The legacy JS API is deprecated and will be removed in Dart Sass 2.0.0.
[35mn8n-editor-ui:build: [0m
[35mn8n-editor-ui:build: [0mMore info: https://sass-lang.com/d/legacy-js-api
[35mn8n-editor-ui:build: [0m
[35mn8n-editor-ui:build: [0mDEPRECATION WARNING [legacy-js-api]: The legacy JS API is deprecated and will be removed in Dart Sass 2.0.0.
[35mn8n-editor-ui:build: [0m
[35mn8n-editor-ui:build: [0mMore info: https://sass-lang.com/d/legacy-js-api
[35mn8n-editor-ui:build: [0m
[35mn8n-editor-ui:build: [0mDEPRECATION WARNING [legacy-js-api]: The legacy JS API is deprecated and will be removed in Dart Sass 2.0.0.
[35mn8n-editor-ui:build: [0m
[35mn8n-editor-ui:build: [0mMore info: https://sass-lang.com/d/legacy-js-api
[35mn8n-editor-ui:build: [0m
[35mn8n-editor-ui:build: [0mDEPRECATION WARNING [legacy-js-api]: The legacy JS API is deprecated and will be removed in Dart Sass 2.0.0.
[35mn8n-editor-ui:build: [0m
[35mn8n-editor-ui:build: [0mMore info: https://sass-lang.com/d/legacy-js-api
[35mn8n-editor-ui:build: [0m
[35mn8n-editor-ui:build: [0mDEPRECATION WARNING [legacy-js-api]: The legacy JS API is deprecated and will be removed in Dart Sass 2.0.0.
[35mn8n-editor-ui:build: [0m
[35mn8n-editor-ui:build: [0mMore info: https://sass-lang.com/d/legacy-js-api
[35mn8n-editor-ui:build: [0m
[35mn8n-editor-ui:build: [0mDEPRECATION WARNING [legacy-js-api]: The legacy JS API is deprecated and will be removed in Dart Sass 2.0.0.
[35mn8n-editor-ui:build: [0m
[35mn8n-editor-ui:build: [0mMore info: https://sass-lang.com/d/legacy-js-api
[35mn8n-editor-ui:build: [0m
[35mn8n-editor-ui:build: [0mDEPRECATION WARNING [legacy-js-api]: The legacy JS API is deprecated and will be removed in Dart Sass 2.0.0.
[35mn8n-editor-ui:build: [0m
[35mn8n-editor-ui:build: [0mMore info: https://sass-lang.com/d/legacy-js-api
[35mn8n-editor-ui:build: [0m
[35mn8n-editor-ui:build: [0mDEPRECATION WARNING [legacy-js-api]: The legacy JS API is deprecated and will be removed in Dart Sass 2.0.0.
[35mn8n-editor-ui:build: [0m
[35mn8n-editor-ui:build: [0mMore info: https://sass-lang.com/d/legacy-js-api
[35mn8n-editor-ui:build: [0m
[35mn8n-editor-ui:build: [0mDEPRECATION WARNING [legacy-js-api]: The legacy JS API is deprecated and will be removed in Dart Sass 2.0.0.
[35mn8n-editor-ui:build: [0m
[35mn8n-editor-ui:build: [0mMore info: https://sass-lang.com/d/legacy-js-api
[35mn8n-editor-ui:build: [0m
[35mn8n-editor-ui:build: [0mDEPRECATION WARNING [legacy-js-api]: The legacy JS API is deprecated and will be removed in Dart Sass 2.0.0.
[35mn8n-editor-ui:build: [0m
[35mn8n-editor-ui:build: [0mMore info: https://sass-lang.com/d/legacy-js-api
[35mn8n-editor-ui:build: [0m
[35mn8n-editor-ui:build: [0mDEPRECATION WARNING [legacy-js-api]: The legacy JS API is deprecated and will be removed in Dart Sass 2.0.0.
[35mn8n-editor-ui:build: [0m
[35mn8n-editor-ui:build: [0mMore info: https://sass-lang.com/d/legacy-js-api
[35mn8n-editor-ui:build: [0m
[35mn8n-editor-ui:build: [0mDEPRECATION WARNING [legacy-js-api]: The legacy JS API is deprecated and will be removed in Dart Sass 2.0.0.
[35mn8n-editor-ui:build: [0m
[35mn8n-editor-ui:build: [0mMore info: https://sass-lang.com/d/legacy-js-api
[35mn8n-editor-ui:build: [0m
[35mn8n-editor-ui:build: [0mDEPRECATION WARNING [legacy-js-api]: The legacy JS API is deprecated and will be removed in Dart Sass 2.0.0.
[35mn8n-editor-ui:build: [0m
[35mn8n-editor-ui:build: [0mMore info: https://sass-lang.com/d/legacy-js-api
[35mn8n-editor-ui:build: [0m
[35mn8n-editor-ui:build: [0mDEPRECATION WARNING [legacy-js-api]: The legacy JS API is deprecated and will be removed in Dart Sass 2.0.0.
[35mn8n-editor-ui:build: [0m
[35mn8n-editor-ui:build: [0mMore info: https://sass-lang.com/d/legacy-js-api
[35mn8n-editor-ui:build: [0m
[35mn8n-editor-ui:build: [0mDEPRECATION WARNING [legacy-js-api]: The legacy JS API is deprecated and will be removed in Dart Sass 2.0.0.
[35mn8n-editor-ui:build: [0m
[35mn8n-editor-ui:build: [0mMore info: https://sass-lang.com/d/legacy-js-api
[35mn8n-editor-ui:build: [0m
[35mn8n-editor-ui:build: [0mDEPRECATION WARNING [legacy-js-api]: The legacy JS API is deprecated and will be removed in Dart Sass 2.0.0.
[35mn8n-editor-ui:build: [0m
[35mn8n-editor-ui:build: [0mMore info: https://sass-lang.com/d/legacy-js-api
[35mn8n-editor-ui:build: [0m
[35mn8n-editor-ui:build: [0mDEPRECATION WARNING [legacy-js-api]: The legacy JS API is deprecated and will be removed in Dart Sass 2.0.0.
[35mn8n-editor-ui:build: [0m
[35mn8n-editor-ui:build: [0mMore info: https://sass-lang.com/d/legacy-js-api
[35mn8n-editor-ui:build: [0m
[35mn8n-editor-ui:build: [0mDEPRECATION WARNING [legacy-js-api]: The legacy JS API is deprecated and will be removed in Dart Sass 2.0.0.
[35mn8n-editor-ui:build: [0m
[35mn8n-editor-ui:build: [0mMore info: https://sass-lang.com/d/legacy-js-api
[35mn8n-editor-ui:build: [0m
[35mn8n-editor-ui:build: [0mDEPRECATION WARNING [legacy-js-api]: The legacy JS API is deprecated and will be removed in Dart Sass 2.0.0.
[35mn8n-editor-ui:build: [0m
[35mn8n-editor-ui:build: [0mMore info: https://sass-lang.com/d/legacy-js-api
[35mn8n-editor-ui:build: [0m
[35mn8n-editor-ui:build: [0mDEPRECATION WARNING [legacy-js-api]: The legacy JS API is deprecated and will be removed in Dart Sass 2.0.0.
[35mn8n-editor-ui:build: [0m
[35mn8n-editor-ui:build: [0mMore info: https://sass-lang.com/d/legacy-js-api
[35mn8n-editor-ui:build: [0m
[35mn8n-editor-ui:build: [0mDEPRECATION WARNING [legacy-js-api]: The legacy JS API is deprecated and will be removed in Dart Sass 2.0.0.
[35mn8n-editor-ui:build: [0m
[35mn8n-editor-ui:build: [0mMore info: https://sass-lang.com/d/legacy-js-api
[35mn8n-editor-ui:build: [0m
[35mn8n-editor-ui:build: [0mDEPRECATION WARNING [legacy-js-api]: The legacy JS API is deprecated and will be removed in Dart Sass 2.0.0.
[35mn8n-editor-ui:build: [0m
[35mn8n-editor-ui:build: [0mMore info: https://sass-lang.com/d/legacy-js-api
[35mn8n-editor-ui:build: [0m
[35mn8n-editor-ui:build: [0mDEPRECATION WARNING [legacy-js-api]: The legacy JS API is deprecated and will be removed in Dart Sass 2.0.0.
[35mn8n-editor-ui:build: [0m
[35mn8n-editor-ui:build: [0mMore info: https://sass-lang.com/d/legacy-js-api
[35mn8n-editor-ui:build: [0m
[35mn8n-editor-ui:build: [0mDEPRECATION WARNING [legacy-js-api]: The legacy JS API is deprecated and will be removed in Dart Sass 2.0.0.
[35mn8n-editor-ui:build: [0m
[35mn8n-editor-ui:build: [0mMore info: https://sass-lang.com/d/legacy-js-api
[35mn8n-editor-ui:build: [0m
[35mn8n-editor-ui:build: [0mDEPRECATION WARNING [legacy-js-api]: The legacy JS API is deprecated and will be removed in Dart Sass 2.0.0.
[35mn8n-editor-ui:build: [0m
[35mn8n-editor-ui:build: [0mMore info: https://sass-lang.com/d/legacy-js-api
[35mn8n-editor-ui:build: [0m
[35mn8n-editor-ui:build: [0mDEPRECATION WARNING [legacy-js-api]: The legacy JS API is deprecated and will be removed in Dart Sass 2.0.0.
[35mn8n-editor-ui:build: [0m
[35mn8n-editor-ui:build: [0mMore info: https://sass-lang.com/d/legacy-js-api
[35mn8n-editor-ui:build: [0m
[35mn8n-editor-ui:build: [0mDEPRECATION WARNING [legacy-js-api]: The legacy JS API is deprecated and will be removed in Dart Sass 2.0.0.
[35mn8n-editor-ui:build: [0m
[35mn8n-editor-ui:build: [0mMore info: https://sass-lang.com/d/legacy-js-api
[35mn8n-editor-ui:build: [0m
[35mn8n-editor-ui:build: [0mDEPRECATION WARNING [legacy-js-api]: The legacy JS API is deprecated and will be removed in Dart Sass 2.0.0.
[35mn8n-editor-ui:build: [0m
[35mn8n-editor-ui:build: [0mMore info: https://sass-lang.com/d/legacy-js-api
[35mn8n-editor-ui:build: [0m
[35mn8n-editor-ui:build: [0mDEPRECATION WARNING [legacy-js-api]: The legacy JS API is deprecated and will be removed in Dart Sass 2.0.0.
[35mn8n-editor-ui:build: [0m
[35mn8n-editor-ui:build: [0mMore info: https://sass-lang.com/d/legacy-js-api
[35mn8n-editor-ui:build: [0m
[35mn8n-editor-ui:build: [0mDEPRECATION WARNING [legacy-js-api]: The legacy JS API is deprecated and will be removed in Dart Sass 2.0.0.
[35mn8n-editor-ui:build: [0m
[35mn8n-editor-ui:build: [0mMore info: https://sass-lang.com/d/legacy-js-api
[35mn8n-editor-ui:build: [0m
[35mn8n-editor-ui:build: [0mDEPRECATION WARNING [legacy-js-api]: The legacy JS API is deprecated and will be removed in Dart Sass 2.0.0.
[35mn8n-editor-ui:build: [0m
[35mn8n-editor-ui:build: [0mMore info: https://sass-lang.com/d/legacy-js-api
[35mn8n-editor-ui:build: [0m
[35mn8n-editor-ui:build: [0mDEPRECATION WARNING [legacy-js-api]: The legacy JS API is deprecated and will be removed in Dart Sass 2.0.0.
[35mn8n-editor-ui:build: [0m
[35mn8n-editor-ui:build: [0mMore info: https://sass-lang.com/d/legacy-js-api
[35mn8n-editor-ui:build: [0m
[35mn8n-editor-ui:build: [0mDEPRECATION WARNING [legacy-js-api]: The legacy JS API is deprecated and will be removed in Dart Sass 2.0.0.
[35mn8n-editor-ui:build: [0m
[35mn8n-editor-ui:build: [0mMore info: https://sass-lang.com/d/legacy-js-api
[35mn8n-editor-ui:build: [0m
[35mn8n-editor-ui:build: [0mDEPRECATION WARNING [legacy-js-api]: The legacy JS API is deprecated and will be removed in Dart Sass 2.0.0.
[35mn8n-editor-ui:build: [0m
[35mn8n-editor-ui:build: [0mMore info: https://sass-lang.com/d/legacy-js-api
[35mn8n-editor-ui:build: [0m
[35mn8n-editor-ui:build: [0mDEPRECATION WARNING [legacy-js-api]: The legacy JS API is deprecated and will be removed in Dart Sass 2.0.0.
[35mn8n-editor-ui:build: [0m
[35mn8n-editor-ui:build: [0mMore info: https://sass-lang.com/d/legacy-js-api
[35mn8n-editor-ui:build: [0m
[35mn8n-editor-ui:build: [0mDEPRECATION WARNING [legacy-js-api]: The legacy JS API is deprecated and will be removed in Dart Sass 2.0.0.
[35mn8n-editor-ui:build: [0m
[35mn8n-editor-ui:build: [0mMore info: https://sass-lang.com/d/legacy-js-api
[35mn8n-editor-ui:build: [0m
[35mn8n-editor-ui:build: [0mDEPRECATION WARNING [legacy-js-api]: The legacy JS API is deprecated and will be removed in Dart Sass 2.0.0.
[35mn8n-editor-ui:build: [0m
[35mn8n-editor-ui:build: [0mMore info: https://sass-lang.com/d/legacy-js-api
[35mn8n-editor-ui:build: [0m
[35mn8n-editor-ui:build: [0mDEPRECATION WARNING [legacy-js-api]: The legacy JS API is deprecated and will be removed in Dart Sass 2.0.0.
[35mn8n-editor-ui:build: [0m
[35mn8n-editor-ui:build: [0mMore info: https://sass-lang.com/d/legacy-js-api
[35mn8n-editor-ui:build: [0m
[35mn8n-editor-ui:build: [0mDEPRECATION WARNING [legacy-js-api]: The legacy JS API is deprecated and will be removed in Dart Sass 2.0.0.
[35mn8n-editor-ui:build: [0m
[35mn8n-editor-ui:build: [0mMore info: https://sass-lang.com/d/legacy-js-api
[35mn8n-editor-ui:build: [0m
[35mn8n-editor-ui:build: [0mDEPRECATION WARNING [legacy-js-api]: The legacy JS API is deprecated and will be removed in Dart Sass 2.0.0.
[35mn8n-editor-ui:build: [0m
[35mn8n-editor-ui:build: [0mMore info: https://sass-lang.com/d/legacy-js-api
[35mn8n-editor-ui:build: [0m
[35mn8n-editor-ui:build: [0mDEPRECATION WARNING [legacy-js-api]: The legacy JS API is deprecated and will be removed in Dart Sass 2.0.0.
[35mn8n-editor-ui:build: [0m
[35mn8n-editor-ui:build: [0mMore info: https://sass-lang.com/d/legacy-js-api
[35mn8n-editor-ui:build: [0m
[35mn8n-editor-ui:build: [0mDEPRECATION WARNING [legacy-js-api]: The legacy JS API is deprecated and will be removed in Dart Sass 2.0.0.
[35mn8n-editor-ui:build: [0m
[35mn8n-editor-ui:build: [0mMore info: https://sass-lang.com/d/legacy-js-api
[35mn8n-editor-ui:build: [0m
[35mn8n-editor-ui:build: [0mDEPRECATION WARNING [legacy-js-api]: The legacy JS API is deprecated and will be removed in Dart Sass 2.0.0.
[35mn8n-editor-ui:build: [0m
[35mn8n-editor-ui:build: [0mMore info: https://sass-lang.com/d/legacy-js-api
[35mn8n-editor-ui:build: [0m
[35mn8n-editor-ui:build: [0mDEPRECATION WARNING [legacy-js-api]: The legacy JS API is deprecated and will be removed in Dart Sass 2.0.0.
[35mn8n-editor-ui:build: [0m
[35mn8n-editor-ui:build: [0mMore info: https://sass-lang.com/d/legacy-js-api
[35mn8n-editor-ui:build: [0m
[35mn8n-editor-ui:build: [0mDEPRECATION WARNING [legacy-js-api]: The legacy JS API is deprecated and will be removed in Dart Sass 2.0.0.
[35mn8n-editor-ui:build: [0m
[35mn8n-editor-ui:build: [0mMore info: https://sass-lang.com/d/legacy-js-api
[35mn8n-editor-ui:build: [0m
[35mn8n-editor-ui:build: [0mDEPRECATION WARNING [legacy-js-api]: The legacy JS API is deprecated and will be removed in Dart Sass 2.0.0.
[35mn8n-editor-ui:build: [0m
[35mn8n-editor-ui:build: [0mMore info: https://sass-lang.com/d/legacy-js-api
[35mn8n-editor-ui:build: [0m
[35mn8n-editor-ui:build: [0mDEPRECATION WARNING [legacy-js-api]: The legacy JS API is deprecated and will be removed in Dart Sass 2.0.0.
[35mn8n-editor-ui:build: [0m
[35mn8n-editor-ui:build: [0mMore info: https://sass-lang.com/d/legacy-js-api
[35mn8n-editor-ui:build: [0m
[35mn8n-editor-ui:build: [0mDEPRECATION WARNING [legacy-js-api]: The legacy JS API is deprecated and will be removed in Dart Sass 2.0.0.
[35mn8n-editor-ui:build: [0m
[35mn8n-editor-ui:build: [0mMore info: https://sass-lang.com/d/legacy-js-api
[35mn8n-editor-ui:build: [0m
[35mn8n-editor-ui:build: [0mDEPRECATION WARNING [legacy-js-api]: The legacy JS API is deprecated and will be removed in Dart Sass 2.0.0.
[35mn8n-editor-ui:build: [0m
[35mn8n-editor-ui:build: [0mMore info: https://sass-lang.com/d/legacy-js-api
[35mn8n-editor-ui:build: [0m
[35mn8n-editor-ui:build: [0mDEPRECATION WARNING [legacy-js-api]: The legacy JS API is deprecated and will be removed in Dart Sass 2.0.0.
[35mn8n-editor-ui:build: [0m
[35mn8n-editor-ui:build: [0mMore info: https://sass-lang.com/d/legacy-js-api
[35mn8n-editor-ui:build: [0m
[35mn8n-editor-ui:build: [0mDEPRECATION WARNING [legacy-js-api]: The legacy JS API is deprecated and will be removed in Dart Sass 2.0.0.
[35mn8n-editor-ui:build: [0m
[35mn8n-editor-ui:build: [0mMore info: https://sass-lang.com/d/legacy-js-api
[35mn8n-editor-ui:build: [0m
[35mn8n-editor-ui:build: [0mDEPRECATION WARNING [legacy-js-api]: The legacy JS API is deprecated and will be removed in Dart Sass 2.0.0.
[35mn8n-editor-ui:build: [0m
[35mn8n-editor-ui:build: [0mMore info: https://sass-lang.com/d/legacy-js-api
[35mn8n-editor-ui:build: [0m
[35mn8n-editor-ui:build: [0mDEPRECATION WARNING [legacy-js-api]: The legacy JS API is deprecated and will be removed in Dart Sass 2.0.0.
[35mn8n-editor-ui:build: [0m
[35mn8n-editor-ui:build: [0mMore info: https://sass-lang.com/d/legacy-js-api
[35mn8n-editor-ui:build: [0m
[35mn8n-editor-ui:build: [0mDEPRECATION WARNING [legacy-js-api]: The legacy JS API is deprecated and will be removed in Dart Sass 2.0.0.
[35mn8n-editor-ui:build: [0m
[35mn8n-editor-ui:build: [0mMore info: https://sass-lang.com/d/legacy-js-api
[35mn8n-editor-ui:build: [0m
[35mn8n-editor-ui:build: [0mDEPRECATION WARNING [legacy-js-api]: The legacy JS API is deprecated and will be removed in Dart Sass 2.0.0.
[35mn8n-editor-ui:build: [0m
[35mn8n-editor-ui:build: [0mMore info: https://sass-lang.com/d/legacy-js-api
[35mn8n-editor-ui:build: [0m
[35mn8n-editor-ui:build: [0mDEPRECATION WARNING [legacy-js-api]: The legacy JS API is deprecated and will be removed in Dart Sass 2.0.0.
[35mn8n-editor-ui:build: [0m
[35mn8n-editor-ui:build: [0mMore info: https://sass-lang.com/d/legacy-js-api
[35mn8n-editor-ui:build: [0m
[35mn8n-editor-ui:build: [0mDEPRECATION WARNING [legacy-js-api]: The legacy JS API is deprecated and will be removed in Dart Sass 2.0.0.
[35mn8n-editor-ui:build: [0m
[35mn8n-editor-ui:build: [0mMore info: https://sass-lang.com/d/legacy-js-api
[35mn8n-editor-ui:build: [0m
[35mn8n-editor-ui:build: [0mDEPRECATION WARNING [legacy-js-api]: The legacy JS API is deprecated and will be removed in Dart Sass 2.0.0.
[35mn8n-editor-ui:build: [0m
[35mn8n-editor-ui:build: [0mMore info: https://sass-lang.com/d/legacy-js-api
[35mn8n-editor-ui:build: [0m
[35mn8n-editor-ui:build: [0mDEPRECATION WARNING [legacy-js-api]: The legacy JS API is deprecated and will be removed in Dart Sass 2.0.0.
[35mn8n-editor-ui:build: [0m
[35mn8n-editor-ui:build: [0mMore info: https://sass-lang.com/d/legacy-js-api
[35mn8n-editor-ui:build: [0m
[35mn8n-editor-ui:build: [0mDEPRECATION WARNING [legacy-js-api]: The legacy JS API is deprecated and will be removed in Dart Sass 2.0.0.
[35mn8n-editor-ui:build: [0m
[35mn8n-editor-ui:build: [0mMore info: https://sass-lang.com/d/legacy-js-api
[35mn8n-editor-ui:build: [0m
[35mn8n-editor-ui:build: [0mDEPRECATION WARNING [legacy-js-api]: The legacy JS API is deprecated and will be removed in Dart Sass 2.0.0.
[35mn8n-editor-ui:build: [0m
[35mn8n-editor-ui:build: [0mMore info: https://sass-lang.com/d/legacy-js-api
[35mn8n-editor-ui:build: [0m
[35mn8n-editor-ui:build: [0mDEPRECATION WARNING [legacy-js-api]: The legacy JS API is deprecated and will be removed in Dart Sass 2.0.0.
[35mn8n-editor-ui:build: [0m
[35mn8n-editor-ui:build: [0mMore info: https://sass-lang.com/d/legacy-js-api
[35mn8n-editor-ui:build: [0m
[35mn8n-editor-ui:build: [0mDEPRECATION WARNING [legacy-js-api]: The legacy JS API is deprecated and will be removed in Dart Sass 2.0.0.
[35mn8n-editor-ui:build: [0m
[35mn8n-editor-ui:build: [0mMore info: https://sass-lang.com/d/legacy-js-api
[35mn8n-editor-ui:build: [0m
[35mn8n-editor-ui:build: [0mDEPRECATION WARNING [legacy-js-api]: The legacy JS API is deprecated and will be removed in Dart Sass 2.0.0.
[35mn8n-editor-ui:build: [0m
[35mn8n-editor-ui:build: [0mMore info: https://sass-lang.com/d/legacy-js-api
[35mn8n-editor-ui:build: [0m
[35mn8n-editor-ui:build: [0mDEPRECATION WARNING [legacy-js-api]: The legacy JS API is deprecated and will be removed in Dart Sass 2.0.0.
[35mn8n-editor-ui:build: [0m
[35mn8n-editor-ui:build: [0mMore info: https://sass-lang.com/d/legacy-js-api
[35mn8n-editor-ui:build: [0m
[35mn8n-editor-ui:build: [0mDEPRECATION WARNING [legacy-js-api]: The legacy JS API is deprecated and will be removed in Dart Sass 2.0.0.
[35mn8n-editor-ui:build: [0m
[35mn8n-editor-ui:build: [0mMore info: https://sass-lang.com/d/legacy-js-api
[35mn8n-editor-ui:build: [0m
[35mn8n-editor-ui:build: [0mDEPRECATION WARNING [legacy-js-api]: The legacy JS API is deprecated and will be removed in Dart Sass 2.0.0.
[35mn8n-editor-ui:build: [0m
[35mn8n-editor-ui:build: [0mMore info: https://sass-lang.com/d/legacy-js-api
[35mn8n-editor-ui:build: [0m
[35mn8n-editor-ui:build: [0mDEPRECATION WARNING [legacy-js-api]: The legacy JS API is deprecated and will be removed in Dart Sass 2.0.0.
[35mn8n-editor-ui:build: [0m
[35mn8n-editor-ui:build: [0mMore info: https://sass-lang.com/d/legacy-js-api
[35mn8n-editor-ui:build: [0m
[35mn8n-editor-ui:build: [0mDEPRECATION WARNING [legacy-js-api]: The legacy JS API is deprecated and will be removed in Dart Sass 2.0.0.
[35mn8n-editor-ui:build: [0m
[35mn8n-editor-ui:build: [0mMore info: https://sass-lang.com/d/legacy-js-api
[35mn8n-editor-ui:build: [0m
[35mn8n-editor-ui:build: [0mDEPRECATION WARNING [legacy-js-api]: The legacy JS API is deprecated and will be removed in Dart Sass 2.0.0.
[35mn8n-editor-ui:build: [0m
[35mn8n-editor-ui:build: [0mMore info: https://sass-lang.com/d/legacy-js-api
[35mn8n-editor-ui:build: [0m
[35mn8n-editor-ui:build: [0mDEPRECATION WARNING [legacy-js-api]: The legacy JS API is deprecated and will be removed in Dart Sass 2.0.0.
[35mn8n-editor-ui:build: [0m
[35mn8n-editor-ui:build: [0mMore info: https://sass-lang.com/d/legacy-js-api
[35mn8n-editor-ui:build: [0m
[35mn8n-editor-ui:build: [0mDEPRECATION WARNING [legacy-js-api]: The legacy JS API is deprecated and will be removed in Dart Sass 2.0.0.
[35mn8n-editor-ui:build: [0m
[35mn8n-editor-ui:build: [0mMore info: https://sass-lang.com/d/legacy-js-api
[35mn8n-editor-ui:build: [0m
[35mn8n-editor-ui:build: [0mDEPRECATION WARNING [legacy-js-api]: The legacy JS API is deprecated and will be removed in Dart Sass 2.0.0.
[35mn8n-editor-ui:build: [0m
[35mn8n-editor-ui:build: [0mMore info: https://sass-lang.com/d/legacy-js-api
[35mn8n-editor-ui:build: [0m
[35mn8n-editor-ui:build: [0mDEPRECATION WARNING [legacy-js-api]: The legacy JS API is deprecated and will be removed in Dart Sass 2.0.0.
[35mn8n-editor-ui:build: [0m
[35mn8n-editor-ui:build: [0mMore info: https://sass-lang.com/d/legacy-js-api
[35mn8n-editor-ui:build: [0m
[35mn8n-editor-ui:build: [0mDEPRECATION WARNING [legacy-js-api]: The legacy JS API is deprecated and will be removed in Dart Sass 2.0.0.
[35mn8n-editor-ui:build: [0m
[35mn8n-editor-ui:build: [0mMore info: https://sass-lang.com/d/legacy-js-api
[35mn8n-editor-ui:build: [0m
[35mn8n-editor-ui:build: [0mDEPRECATION WARNING [legacy-js-api]: The legacy JS API is deprecated and will be removed in Dart Sass 2.0.0.
[35mn8n-editor-ui:build: [0m
[35mn8n-editor-ui:build: [0mMore info: https://sass-lang.com/d/legacy-js-api
[35mn8n-editor-ui:build: [0m
[35mn8n-editor-ui:build: [0mDEPRECATION WARNING [legacy-js-api]: The legacy JS API is deprecated and will be removed in Dart Sass 2.0.0.
[35mn8n-editor-ui:build: [0m
[35mn8n-editor-ui:build: [0mMore info: https://sass-lang.com/d/legacy-js-api
[35mn8n-editor-ui:build: [0m
[35mn8n-editor-ui:build: [0mDEPRECATION WARNING [legacy-js-api]: The legacy JS API is deprecated and will be removed in Dart Sass 2.0.0.
[35mn8n-editor-ui:build: [0m
[35mn8n-editor-ui:build: [0mMore info: https://sass-lang.com/d/legacy-js-api
[35mn8n-editor-ui:build: [0m
[35mn8n-editor-ui:build: [0mDEPRECATION WARNING [legacy-js-api]: The legacy JS API is deprecated and will be removed in Dart Sass 2.0.0.
[35mn8n-editor-ui:build: [0m
[35mn8n-editor-ui:build: [0mMore info: https://sass-lang.com/d/legacy-js-api
[35mn8n-editor-ui:build: [0m
[35mn8n-editor-ui:build: [0mDEPRECATION WARNING [legacy-js-api]: The legacy JS API is deprecated and will be removed in Dart Sass 2.0.0.
[35mn8n-editor-ui:build: [0m
[35mn8n-editor-ui:build: [0mMore info: https://sass-lang.com/d/legacy-js-api
[35mn8n-editor-ui:build: [0m
[35mn8n-editor-ui:build: [0mDEPRECATION WARNING [legacy-js-api]: The legacy JS API is deprecated and will be removed in Dart Sass 2.0.0.
[35mn8n-editor-ui:build: [0m
[35mn8n-editor-ui:build: [0mMore info: https://sass-lang.com/d/legacy-js-api
[35mn8n-editor-ui:build: [0m
[35mn8n-editor-ui:build: [0mDEPRECATION WARNING [legacy-js-api]: The legacy JS API is deprecated and will be removed in Dart Sass 2.0.0.
[35mn8n-editor-ui:build: [0m
[35mn8n-editor-ui:build: [0mMore info: https://sass-lang.com/d/legacy-js-api
[35mn8n-editor-ui:build: [0m
[35mn8n-editor-ui:build: [0mDEPRECATION WARNING [legacy-js-api]: The legacy JS API is deprecated and will be removed in Dart Sass 2.0.0.
[35mn8n-editor-ui:build: [0m
[35mn8n-editor-ui:build: [0mMore info: https://sass-lang.com/d/legacy-js-api
[35mn8n-editor-ui:build: [0m
[35mn8n-editor-ui:build: [0mDEPRECATION WARNING [legacy-js-api]: The legacy JS API is deprecated and will be removed in Dart Sass 2.0.0.
[35mn8n-editor-ui:build: [0m
[35mn8n-editor-ui:build: [0mMore info: https://sass-lang.com/d/legacy-js-api
[35mn8n-editor-ui:build: [0m
[35mn8n-editor-ui:build: [0mDEPRECATION WARNING [legacy-js-api]: The legacy JS API is deprecated and will be removed in Dart Sass 2.0.0.
[35mn8n-editor-ui:build: [0m
[35mn8n-editor-ui:build: [0mMore info: https://sass-lang.com/d/legacy-js-api
[35mn8n-editor-ui:build: [0m
[35mn8n-editor-ui:build: [0mDEPRECATION WARNING [legacy-js-api]: The legacy JS API is deprecated and will be removed in Dart Sass 2.0.0.
[35mn8n-editor-ui:build: [0m
[35mn8n-editor-ui:build: [0mMore info: https://sass-lang.com/d/legacy-js-api
[35mn8n-editor-ui:build: [0m
[35mn8n-editor-ui:build: [0mDEPRECATION WARNING [legacy-js-api]: The legacy JS API is deprecated and will be removed in Dart Sass 2.0.0.
[35mn8n-editor-ui:build: [0m
[35mn8n-editor-ui:build: [0mMore info: https://sass-lang.com/d/legacy-js-api
[35mn8n-editor-ui:build: [0m
[35mn8n-editor-ui:build: [0mDEPRECATION WARNING [legacy-js-api]: The legacy JS API is deprecated and will be removed in Dart Sass 2.0.0.
[35mn8n-editor-ui:build: [0m
[35mn8n-editor-ui:build: [0mMore info: https://sass-lang.com/d/legacy-js-api
[35mn8n-editor-ui:build: [0m
[35mn8n-editor-ui:build: [0mDEPRECATION WARNING [legacy-js-api]: The legacy JS API is deprecated and will be removed in Dart Sass 2.0.0.
[35mn8n-editor-ui:build: [0m
[35mn8n-editor-ui:build: [0mMore info: https://sass-lang.com/d/legacy-js-api
[35mn8n-editor-ui:build: [0m
[35mn8n-editor-ui:build: [0mDEPRECATION WARNING [legacy-js-api]: The legacy JS API is deprecated and will be removed in Dart Sass 2.0.0.
[35mn8n-editor-ui:build: [0m
[35mn8n-editor-ui:build: [0mMore info: https://sass-lang.com/d/legacy-js-api
[35mn8n-editor-ui:build: [0m
[35mn8n-editor-ui:build: [0mDEPRECATION WARNING [legacy-js-api]: The legacy JS API is deprecated and will be removed in Dart Sass 2.0.0.
[35mn8n-editor-ui:build: [0m
[35mn8n-editor-ui:build: [0mMore info: https://sass-lang.com/d/legacy-js-api
[35mn8n-editor-ui:build: [0m
[35mn8n-editor-ui:build: [0mDEPRECATION WARNING [legacy-js-api]: The legacy JS API is deprecated and will be removed in Dart Sass 2.0.0.
[35mn8n-editor-ui:build: [0m
[35mn8n-editor-ui:build: [0mMore info: https://sass-lang.com/d/legacy-js-api
[35mn8n-editor-ui:build: [0m
[35mn8n-editor-ui:build: [0mDEPRECATION WARNING [legacy-js-api]: The legacy JS API is deprecated and will be removed in Dart Sass 2.0.0.
[35mn8n-editor-ui:build: [0m
[35mn8n-editor-ui:build: [0mMore info: https://sass-lang.com/d/legacy-js-api
[35mn8n-editor-ui:build: [0m
[35mn8n-editor-ui:build: [0mDEPRECATION WARNING [legacy-js-api]: The legacy JS API is deprecated and will be removed in Dart Sass 2.0.0.
[35mn8n-editor-ui:build: [0m
[35mn8n-editor-ui:build: [0mMore info: https://sass-lang.com/d/legacy-js-api
[35mn8n-editor-ui:build: [0m
[35mn8n-editor-ui:build: [0mDEPRECATION WARNING [legacy-js-api]: The legacy JS API is deprecated and will be removed in Dart Sass 2.0.0.
[35mn8n-editor-ui:build: [0m
[35mn8n-editor-ui:build: [0mMore info: https://sass-lang.com/d/legacy-js-api
[35mn8n-editor-ui:build: [0m
[35mn8n-editor-ui:build: [0mDEPRECATION WARNING [legacy-js-api]: The legacy JS API is deprecated and will be removed in Dart Sass 2.0.0.
[35mn8n-editor-ui:build: [0m
[35mn8n-editor-ui:build: [0mMore info: https://sass-lang.com/d/legacy-js-api
[35mn8n-editor-ui:build: [0m
[35mn8n-editor-ui:build: [0mDEPRECATION WARNING [legacy-js-api]: The legacy JS API is deprecated and will be removed in Dart Sass 2.0.0.
[35mn8n-editor-ui:build: [0m
[35mn8n-editor-ui:build: [0mMore info: https://sass-lang.com/d/legacy-js-api
[35mn8n-editor-ui:build: [0m
[35mn8n-editor-ui:build: [0mDEPRECATION WARNING [legacy-js-api]: The legacy JS API is deprecated and will be removed in Dart Sass 2.0.0.
[35mn8n-editor-ui:build: [0m
[35mn8n-editor-ui:build: [0mMore info: https://sass-lang.com/d/legacy-js-api
[35mn8n-editor-ui:build: [0m
[35mn8n-editor-ui:build: [0mDEPRECATION WARNING [legacy-js-api]: The legacy JS API is deprecated and will be removed in Dart Sass 2.0.0.
[35mn8n-editor-ui:build: [0m
[35mn8n-editor-ui:build: [0mMore info: https://sass-lang.com/d/legacy-js-api
[35mn8n-editor-ui:build: [0m
[35mn8n-editor-ui:build: [0mDEPRECATION WARNING [legacy-js-api]: The legacy JS API is deprecated and will be removed in Dart Sass 2.0.0.
[35mn8n-editor-ui:build: [0m
[35mn8n-editor-ui:build: [0mMore info: https://sass-lang.com/d/legacy-js-api
[35mn8n-editor-ui:build: [0m
[35mn8n-editor-ui:build: [0mDEPRECATION WARNING [legacy-js-api]: The legacy JS API is deprecated and will be removed in Dart Sass 2.0.0.
[35mn8n-editor-ui:build: [0m
[35mn8n-editor-ui:build: [0mMore info: https://sass-lang.com/d/legacy-js-api
[35mn8n-editor-ui:build: [0m
[35mn8n-editor-ui:build: [0mDEPRECATION WARNING [legacy-js-api]: The legacy JS API is deprecated and will be removed in Dart Sass 2.0.0.
[35mn8n-editor-ui:build: [0m
[35mn8n-editor-ui:build: [0mMore info: https://sass-lang.com/d/legacy-js-api
[35mn8n-editor-ui:build: [0m
[35mn8n-editor-ui:build: [0mDEPRECATION WARNING [legacy-js-api]: The legacy JS API is deprecated and will be removed in Dart Sass 2.0.0.
[35mn8n-editor-ui:build: [0m
[35mn8n-editor-ui:build: [0mMore info: https://sass-lang.com/d/legacy-js-api
[35mn8n-editor-ui:build: [0m
[35mn8n-editor-ui:build: [0mDEPRECATION WARNING [legacy-js-api]: The legacy JS API is deprecated and will be removed in Dart Sass 2.0.0.
[35mn8n-editor-ui:build: [0m
[35mn8n-editor-ui:build: [0mMore info: https://sass-lang.com/d/legacy-js-api
[35mn8n-editor-ui:build: [0m
[35mn8n-editor-ui:build: [0mDEPRECATION WARNING [legacy-js-api]: The legacy JS API is deprecated and will be removed in Dart Sass 2.0.0.
[35mn8n-editor-ui:build: [0m
[35mn8n-editor-ui:build: [0mMore info: https://sass-lang.com/d/legacy-js-api
[35mn8n-editor-ui:build: [0m
[35mn8n-editor-ui:build: [0mDEPRECATION WARNING [legacy-js-api]: The legacy JS API is deprecated and will be removed in Dart Sass 2.0.0.
[35mn8n-editor-ui:build: [0m
[35mn8n-editor-ui:build: [0mMore info: https://sass-lang.com/d/legacy-js-api
[35mn8n-editor-ui:build: [0m
[35mn8n-editor-ui:build: [0mDEPRECATION WARNING [legacy-js-api]: The legacy JS API is deprecated and will be removed in Dart Sass 2.0.0.
[35mn8n-editor-ui:build: [0m
[35mn8n-editor-ui:build: [0mMore info: https://sass-lang.com/d/legacy-js-api
[35mn8n-editor-ui:build: [0m
[35mn8n-editor-ui:build: [0mDEPRECATION WARNING [legacy-js-api]: The legacy JS API is deprecated and will be removed in Dart Sass 2.0.0.
[35mn8n-editor-ui:build: [0m
[35mn8n-editor-ui:build: [0mMore info: https://sass-lang.com/d/legacy-js-api
[35mn8n-editor-ui:build: [0m
[35mn8n-editor-ui:build: [0mDEPRECATION WARNING [legacy-js-api]: The legacy JS API is deprecated and will be removed in Dart Sass 2.0.0.
[35mn8n-editor-ui:build: [0m
[35mn8n-editor-ui:build: [0mMore info: https://sass-lang.com/d/legacy-js-api
[35mn8n-editor-ui:build: [0m
[35mn8n-editor-ui:build: [0mDEPRECATION WARNING [legacy-js-api]: The legacy JS API is deprecated and will be removed in Dart Sass 2.0.0.
[35mn8n-editor-ui:build: [0m
[35mn8n-editor-ui:build: [0mMore info: https://sass-lang.com/d/legacy-js-api
[35mn8n-editor-ui:build: [0m
[35mn8n-editor-ui:build: [0mDEPRECATION WARNING [legacy-js-api]: The legacy JS API is deprecated and will be removed in Dart Sass 2.0.0.
[35mn8n-editor-ui:build: [0m
[35mn8n-editor-ui:build: [0mMore info: https://sass-lang.com/d/legacy-js-api
[35mn8n-editor-ui:build: [0m
[35mn8n-editor-ui:build: [0mDEPRECATION WARNING [legacy-js-api]: The legacy JS API is deprecated and will be removed in Dart Sass 2.0.0.
[35mn8n-editor-ui:build: [0m
[35mn8n-editor-ui:build: [0mMore info: https://sass-lang.com/d/legacy-js-api
[35mn8n-editor-ui:build: [0m
[35mn8n-editor-ui:build: [0mDEPRECATION WARNING [legacy-js-api]: The legacy JS API is deprecated and will be removed in Dart Sass 2.0.0.
[35mn8n-editor-ui:build: [0m
[35mn8n-editor-ui:build: [0mMore info: https://sass-lang.com/d/legacy-js-api
[35mn8n-editor-ui:build: [0m
[35mn8n-editor-ui:build: [0mDEPRECATION WARNING [legacy-js-api]: The legacy JS API is deprecated and will be removed in Dart Sass 2.0.0.
[35mn8n-editor-ui:build: [0m
[35mn8n-editor-ui:build: [0mMore info: https://sass-lang.com/d/legacy-js-api
[35mn8n-editor-ui:build: [0m
[35mn8n-editor-ui:build: [0mDEPRECATION WARNING [legacy-js-api]: The legacy JS API is deprecated and will be removed in Dart Sass 2.0.0.
[35mn8n-editor-ui:build: [0m
[35mn8n-editor-ui:build: [0mMore info: https://sass-lang.com/d/legacy-js-api
[35mn8n-editor-ui:build: [0m
[35mn8n-editor-ui:build: [0mDEPRECATION WARNING [legacy-js-api]: The legacy JS API is deprecated and will be removed in Dart Sass 2.0.0.
[35mn8n-editor-ui:build: [0m
[35mn8n-editor-ui:build: [0mMore info: https://sass-lang.com/d/legacy-js-api
[35mn8n-editor-ui:build: [0m
[35mn8n-editor-ui:build: [0mDEPRECATION WARNING [legacy-js-api]: The legacy JS API is deprecated and will be removed in Dart Sass 2.0.0.
[35mn8n-editor-ui:build: [0m
[35mn8n-editor-ui:build: [0mMore info: https://sass-lang.com/d/legacy-js-api
[35mn8n-editor-ui:build: [0m
[35mn8n-editor-ui:build: [0mDEPRECATION WARNING [legacy-js-api]: The legacy JS API is deprecated and will be removed in Dart Sass 2.0.0.
[35mn8n-editor-ui:build: [0m
[35mn8n-editor-ui:build: [0mMore info: https://sass-lang.com/d/legacy-js-api
[35mn8n-editor-ui:build: [0m
[35mn8n-editor-ui:build: [0mDEPRECATION WARNING [legacy-js-api]: The legacy JS API is deprecated and will be removed in Dart Sass 2.0.0.
[35mn8n-editor-ui:build: [0m
[35mn8n-editor-ui:build: [0mMore info: https://sass-lang.com/d/legacy-js-api
[35mn8n-editor-ui:build: [0m
[35mn8n-editor-ui:build: [0mDEPRECATION WARNING [legacy-js-api]: The legacy JS API is deprecated and will be removed in Dart Sass 2.0.0.
[35mn8n-editor-ui:build: [0m
[35mn8n-editor-ui:build: [0mMore info: https://sass-lang.com/d/legacy-js-api
[35mn8n-editor-ui:build: [0m
[35mn8n-editor-ui:build: [0mDEPRECATION WARNING [legacy-js-api]: The legacy JS API is deprecated and will be removed in Dart Sass 2.0.0.
[35mn8n-editor-ui:build: [0m
[35mn8n-editor-ui:build: [0mMore info: https://sass-lang.com/d/legacy-js-api
[35mn8n-editor-ui:build: [0m
[35mn8n-editor-ui:build: [0mDEPRECATION WARNING [legacy-js-api]: The legacy JS API is deprecated and will be removed in Dart Sass 2.0.0.
[35mn8n-editor-ui:build: [0m
[35mn8n-editor-ui:build: [0mMore info: https://sass-lang.com/d/legacy-js-api
[35mn8n-editor-ui:build: [0m
[35mn8n-editor-ui:build: [0mDEPRECATION WARNING [legacy-js-api]: The legacy JS API is deprecated and will be removed in Dart Sass 2.0.0.
[35mn8n-editor-ui:build: [0m
[35mn8n-editor-ui:build: [0mMore info: https://sass-lang.com/d/legacy-js-api
[35mn8n-editor-ui:build: [0m
[35mn8n-editor-ui:build: [0mDEPRECATION WARNING [legacy-js-api]: The legacy JS API is deprecated and will be removed in Dart Sass 2.0.0.
[35mn8n-editor-ui:build: [0m
[35mn8n-editor-ui:build: [0mMore info: https://sass-lang.com/d/legacy-js-api
[35mn8n-editor-ui:build: [0m
[35mn8n-editor-ui:build: [0mDEPRECATION WARNING [legacy-js-api]: The legacy JS API is deprecated and will be removed in Dart Sass 2.0.0.
[35mn8n-editor-ui:build: [0m
[35mn8n-editor-ui:build: [0mMore info: https://sass-lang.com/d/legacy-js-api
[35mn8n-editor-ui:build: [0m
[35mn8n-editor-ui:build: [0mDEPRECATION WARNING [legacy-js-api]: The legacy JS API is deprecated and will be removed in Dart Sass 2.0.0.
[35mn8n-editor-ui:build: [0m
[35mn8n-editor-ui:build: [0mMore info: https://sass-lang.com/d/legacy-js-api
[35mn8n-editor-ui:build: [0m
[35mn8n-editor-ui:build: [0mDEPRECATION WARNING [legacy-js-api]: The legacy JS API is deprecated and will be removed in Dart Sass 2.0.0.
[35mn8n-editor-ui:build: [0m
[35mn8n-editor-ui:build: [0mMore info: https://sass-lang.com/d/legacy-js-api
[35mn8n-editor-ui:build: [0m
[35mn8n-editor-ui:build: [0mDEPRECATION WARNING [legacy-js-api]: The legacy JS API is deprecated and will be removed in Dart Sass 2.0.0.
[35mn8n-editor-ui:build: [0m
[35mn8n-editor-ui:build: [0mMore info: https://sass-lang.com/d/legacy-js-api
[35mn8n-editor-ui:build: [0m
[35mn8n-editor-ui:build: [0mDEPRECATION WARNING [legacy-js-api]: The legacy JS API is deprecated and will be removed in Dart Sass 2.0.0.
[35mn8n-editor-ui:build: [0m
[35mn8n-editor-ui:build: [0mMore info: https://sass-lang.com/d/legacy-js-api
[35mn8n-editor-ui:build: [0m
[35mn8n-editor-ui:build: [0mDEPRECATION WARNING [legacy-js-api]: The legacy JS API is deprecated and will be removed in Dart Sass 2.0.0.
[35mn8n-editor-ui:build: [0m
[35mn8n-editor-ui:build: [0mMore info: https://sass-lang.com/d/legacy-js-api
[35mn8n-editor-ui:build: [0m
[35mn8n-editor-ui:build: [0mDEPRECATION WARNING [legacy-js-api]: The legacy JS API is deprecated and will be removed in Dart Sass 2.0.0.
[35mn8n-editor-ui:build: [0m
[35mn8n-editor-ui:build: [0mMore info: https://sass-lang.com/d/legacy-js-api
[35mn8n-editor-ui:build: [0m
[35mn8n-editor-ui:build: [0mDEPRECATION WARNING [legacy-js-api]: The legacy JS API is deprecated and will be removed in Dart Sass 2.0.0.
[35mn8n-editor-ui:build: [0m
[35mn8n-editor-ui:build: [0mMore info: https://sass-lang.com/d/legacy-js-api
[35mn8n-editor-ui:build: [0m
[35mn8n-editor-ui:build: [0mDEPRECATION WARNING [legacy-js-api]: The legacy JS API is deprecated and will be removed in Dart Sass 2.0.0.
[35mn8n-editor-ui:build: [0m
[35mn8n-editor-ui:build: [0mMore info: https://sass-lang.com/d/legacy-js-api
[35mn8n-editor-ui:build: [0m
[35mn8n-editor-ui:build: [0mDEPRECATION WARNING [legacy-js-api]: The legacy JS API is deprecated and will be removed in Dart Sass 2.0.0.
[35mn8n-editor-ui:build: [0m
[35mn8n-editor-ui:build: [0mMore info: https://sass-lang.com/d/legacy-js-api
[35mn8n-editor-ui:build: [0m
[35mn8n-editor-ui:build: [0mDEPRECATION WARNING [legacy-js-api]: The legacy JS API is deprecated and will be removed in Dart Sass 2.0.0.
[35mn8n-editor-ui:build: [0m
[35mn8n-editor-ui:build: [0mMore info: https://sass-lang.com/d/legacy-js-api
[35mn8n-editor-ui:build: [0m
[35mn8n-editor-ui:build: [0mDEPRECATION WARNING [legacy-js-api]: The legacy JS API is deprecated and will be removed in Dart Sass 2.0.0.
[35mn8n-editor-ui:build: [0m
[35mn8n-editor-ui:build: [0mMore info: https://sass-lang.com/d/legacy-js-api
[35mn8n-editor-ui:build: [0m
[35mn8n-editor-ui:build: [0mDEPRECATION WARNING [legacy-js-api]: The legacy JS API is deprecated and will be removed in Dart Sass 2.0.0.
[35mn8n-editor-ui:build: [0m
[35mn8n-editor-ui:build: [0mMore info: https://sass-lang.com/d/legacy-js-api
[35mn8n-editor-ui:build: [0m
[35mn8n-editor-ui:build: [0mDEPRECATION WARNING [legacy-js-api]: The legacy JS API is deprecated and will be removed in Dart Sass 2.0.0.
[35mn8n-editor-ui:build: [0m
[35mn8n-editor-ui:build: [0mMore info: https://sass-lang.com/d/legacy-js-api
[35mn8n-editor-ui:build: [0m
[35mn8n-editor-ui:build: [0mDEPRECATION WARNING [legacy-js-api]: The legacy JS API is deprecated and will be removed in Dart Sass 2.0.0.
[35mn8n-editor-ui:build: [0m
[35mn8n-editor-ui:build: [0mMore info: https://sass-lang.com/d/legacy-js-api
[35mn8n-editor-ui:build: [0m
[35mn8n-editor-ui:build: [0mDEPRECATION WARNING [legacy-js-api]: The legacy JS API is deprecated and will be removed in Dart Sass 2.0.0.
[35mn8n-editor-ui:build: [0m
[35mn8n-editor-ui:build: [0mMore info: https://sass-lang.com/d/legacy-js-api
[35mn8n-editor-ui:build: [0m
[35mn8n-editor-ui:build: [0mDEPRECATION WARNING [legacy-js-api]: The legacy JS API is deprecated and will be removed in Dart Sass 2.0.0.
[35mn8n-editor-ui:build: [0m
[35mn8n-editor-ui:build: [0mMore info: https://sass-lang.com/d/legacy-js-api
[35mn8n-editor-ui:build: [0m
[35mn8n-editor-ui:build: [0mDEPRECATION WARNING [legacy-js-api]: The legacy JS API is deprecated and will be removed in Dart Sass 2.0.0.
[35mn8n-editor-ui:build: [0m
[35mn8n-editor-ui:build: [0mMore info: https://sass-lang.com/d/legacy-js-api
[35mn8n-editor-ui:build: [0m
[35mn8n-editor-ui:build: [0mDEPRECATION WARNING [legacy-js-api]: The legacy JS API is deprecated and will be removed in Dart Sass 2.0.0.
[35mn8n-editor-ui:build: [0m
[35mn8n-editor-ui:build: [0mMore info: https://sass-lang.com/d/legacy-js-api
[35mn8n-editor-ui:build: [0m
[35mn8n-editor-ui:build: [0mDEPRECATION WARNING [legacy-js-api]: The legacy JS API is deprecated and will be removed in Dart Sass 2.0.0.
[35mn8n-editor-ui:build: [0m
[35mn8n-editor-ui:build: [0mMore info: https://sass-lang.com/d/legacy-js-api
[35mn8n-editor-ui:build: [0m
[35mn8n-editor-ui:build: [0mDEPRECATION WARNING [legacy-js-api]: The legacy JS API is deprecated and will be removed in Dart Sass 2.0.0.
[35mn8n-editor-ui:build: [0m
[35mn8n-editor-ui:build: [0mMore info: https://sass-lang.com/d/legacy-js-api
[35mn8n-editor-ui:build: [0m
[35mn8n-editor-ui:build: [0mDEPRECATION WARNING [legacy-js-api]: The legacy JS API is deprecated and will be removed in Dart Sass 2.0.0.
[35mn8n-editor-ui:build: [0m
[35mn8n-editor-ui:build: [0mMore info: https://sass-lang.com/d/legacy-js-api
[35mn8n-editor-ui:build: [0m
[35mn8n-editor-ui:build: [0mDEPRECATION WARNING [legacy-js-api]: The legacy JS API is deprecated and will be removed in Dart Sass 2.0.0.
[35mn8n-editor-ui:build: [0m
[35mn8n-editor-ui:build: [0mMore info: https://sass-lang.com/d/legacy-js-api
[35mn8n-editor-ui:build: [0m
[35mn8n-editor-ui:build: [0mDEPRECATION WARNING [legacy-js-api]: The legacy JS API is deprecated and will be removed in Dart Sass 2.0.0.
[35mn8n-editor-ui:build: [0m
[35mn8n-editor-ui:build: [0mMore info: https://sass-lang.com/d/legacy-js-api
[35mn8n-editor-ui:build: [0m
[35mn8n-editor-ui:build: [0mDEPRECATION WARNING [legacy-js-api]: The legacy JS API is deprecated and will be removed in Dart Sass 2.0.0.
[35mn8n-editor-ui:build: [0m
[35mn8n-editor-ui:build: [0mMore info: https://sass-lang.com/d/legacy-js-api
[35mn8n-editor-ui:build: [0m
[35mn8n-editor-ui:build: [0mDEPRECATION WARNING [legacy-js-api]: The legacy JS API is deprecated and will be removed in Dart Sass 2.0.0.
[35mn8n-editor-ui:build: [0m
[35mn8n-editor-ui:build: [0mMore info: https://sass-lang.com/d/legacy-js-api
[35mn8n-editor-ui:build: [0m
[35mn8n-editor-ui:build: [0mDEPRECATION WARNING [legacy-js-api]: The legacy JS API is deprecated and will be removed in Dart Sass 2.0.0.
[35mn8n-editor-ui:build: [0m
[35mn8n-editor-ui:build: [0mMore info: https://sass-lang.com/d/legacy-js-api
[35mn8n-editor-ui:build: [0m
[35mn8n-editor-ui:build: [0mDEPRECATION WARNING [legacy-js-api]: The legacy JS API is deprecated and will be removed in Dart Sass 2.0.0.
[35mn8n-editor-ui:build: [0m
[35mn8n-editor-ui:build: [0mMore info: https://sass-lang.com/d/legacy-js-api
[35mn8n-editor-ui:build: [0m
[35mn8n-editor-ui:build: [0mDEPRECATION WARNING [legacy-js-api]: The legacy JS API is deprecated and will be removed in Dart Sass 2.0.0.
[35mn8n-editor-ui:build: [0m
[35mn8n-editor-ui:build: [0mMore info: https://sass-lang.com/d/legacy-js-api
[35mn8n-editor-ui:build: [0m
[35mn8n-editor-ui:build: [0mDEPRECATION WARNING [legacy-js-api]: The legacy JS API is deprecated and will be removed in Dart Sass 2.0.0.
[35mn8n-editor-ui:build: [0m
[35mn8n-editor-ui:build: [0mMore info: https://sass-lang.com/d/legacy-js-api
[35mn8n-editor-ui:build: [0m
[35mn8n-editor-ui:build: [0mDEPRECATION WARNING [legacy-js-api]: The legacy JS API is deprecated and will be removed in Dart Sass 2.0.0.
[35mn8n-editor-ui:build: [0m
[35mn8n-editor-ui:build: [0mMore info: https://sass-lang.com/d/legacy-js-api
[35mn8n-editor-ui:build: [0m
[35mn8n-editor-ui:build: [0mDEPRECATION WARNING [legacy-js-api]: The legacy JS API is deprecated and will be removed in Dart Sass 2.0.0.
[35mn8n-editor-ui:build: [0m
[35mn8n-editor-ui:build: [0mMore info: https://sass-lang.com/d/legacy-js-api
[35mn8n-editor-ui:build: [0m
[35mn8n-editor-ui:build: [0mDEPRECATION WARNING [legacy-js-api]: The legacy JS API is deprecated and will be removed in Dart Sass 2.0.0.
[35mn8n-editor-ui:build: [0m
[35mn8n-editor-ui:build: [0mMore info: https://sass-lang.com/d/legacy-js-api
[35mn8n-editor-ui:build: [0m
[35mn8n-editor-ui:build: [0mDEPRECATION WARNING [legacy-js-api]: The legacy JS API is deprecated and will be removed in Dart Sass 2.0.0.
[35mn8n-editor-ui:build: [0m
[35mn8n-editor-ui:build: [0mMore info: https://sass-lang.com/d/legacy-js-api
[35mn8n-editor-ui:build: [0m
[35mn8n-editor-ui:build: [0mDEPRECATION WARNING [legacy-js-api]: The legacy JS API is deprecated and will be removed in Dart Sass 2.0.0.
[35mn8n-editor-ui:build: [0m
[35mn8n-editor-ui:build: [0mMore info: https://sass-lang.com/d/legacy-js-api
[35mn8n-editor-ui:build: [0m
[35mn8n-editor-ui:build: [0mDEPRECATION WARNING [legacy-js-api]: The legacy JS API is deprecated and will be removed in Dart Sass 2.0.0.
[35mn8n-editor-ui:build: [0m
[35mn8n-editor-ui:build: [0mMore info: https://sass-lang.com/d/legacy-js-api
[35mn8n-editor-ui:build: [0m
[35mn8n-editor-ui:build: [0mDEPRECATION WARNING [legacy-js-api]: The legacy JS API is deprecated and will be removed in Dart Sass 2.0.0.
[35mn8n-editor-ui:build: [0m
[35mn8n-editor-ui:build: [0mMore info: https://sass-lang.com/d/legacy-js-api
[35mn8n-editor-ui:build: [0m
[35mn8n-editor-ui:build: [0mDEPRECATION WARNING [legacy-js-api]: The legacy JS API is deprecated and will be removed in Dart Sass 2.0.0.
[35mn8n-editor-ui:build: [0m
[35mn8n-editor-ui:build: [0mMore info: https://sass-lang.com/d/legacy-js-api
[35mn8n-editor-ui:build: [0m
[35mn8n-editor-ui:build: [0mDEPRECATION WARNING [legacy-js-api]: The legacy JS API is deprecated and will be removed in Dart Sass 2.0.0.
[35mn8n-editor-ui:build: [0m
[35mn8n-editor-ui:build: [0mMore info: https://sass-lang.com/d/legacy-js-api
[35mn8n-editor-ui:build: [0m
[35mn8n-editor-ui:build: [0mDEPRECATION WARNING [legacy-js-api]: The legacy JS API is deprecated and will be removed in Dart Sass 2.0.0.
[35mn8n-editor-ui:build: [0m
[35mn8n-editor-ui:build: [0mMore info: https://sass-lang.com/d/legacy-js-api
[35mn8n-editor-ui:build: [0m
[35mn8n-editor-ui:build: [0mDEPRECATION WARNING [legacy-js-api]: The legacy JS API is deprecated and will be removed in Dart Sass 2.0.0.
[35mn8n-editor-ui:build: [0m
[35mn8n-editor-ui:build: [0mMore info: https://sass-lang.com/d/legacy-js-api
[35mn8n-editor-ui:build: [0m
[35mn8n-editor-ui:build: [0mDEPRECATION WARNING [legacy-js-api]: The legacy JS API is deprecated and will be removed in Dart Sass 2.0.0.
[35mn8n-editor-ui:build: [0m
[35mn8n-editor-ui:build: [0mMore info: https://sass-lang.com/d/legacy-js-api
[35mn8n-editor-ui:build: [0m
[35mn8n-editor-ui:build: [0mDEPRECATION WARNING [legacy-js-api]: The legacy JS API is deprecated and will be removed in Dart Sass 2.0.0.
[35mn8n-editor-ui:build: [0m
[35mn8n-editor-ui:build: [0mMore info: https://sass-lang.com/d/legacy-js-api
[35mn8n-editor-ui:build: [0m
[35mn8n-editor-ui:build: [0mDEPRECATION WARNING [legacy-js-api]: The legacy JS API is deprecated and will be removed in Dart Sass 2.0.0.
[35mn8n-editor-ui:build: [0m
[35mn8n-editor-ui:build: [0mMore info: https://sass-lang.com/d/legacy-js-api
[35mn8n-editor-ui:build: [0m
[35mn8n-editor-ui:build: [0mDEPRECATION WARNING [legacy-js-api]: The legacy JS API is deprecated and will be removed in Dart Sass 2.0.0.
[35mn8n-editor-ui:build: [0m
[35mn8n-editor-ui:build: [0mMore info: https://sass-lang.com/d/legacy-js-api
[35mn8n-editor-ui:build: [0m
[35mn8n-editor-ui:build: [0mDEPRECATION WARNING [legacy-js-api]: The legacy JS API is deprecated and will be removed in Dart Sass 2.0.0.
[35mn8n-editor-ui:build: [0m
[35mn8n-editor-ui:build: [0mMore info: https://sass-lang.com/d/legacy-js-api
[35mn8n-editor-ui:build: [0m
[35mn8n-editor-ui:build: [0mDEPRECATION WARNING [legacy-js-api]: The legacy JS API is deprecated and will be removed in Dart Sass 2.0.0.
[35mn8n-editor-ui:build: [0m
[35mn8n-editor-ui:build: [0mMore info: https://sass-lang.com/d/legacy-js-api
[35mn8n-editor-ui:build: [0m
[35mn8n-editor-ui:build: [0mDEPRECATION WARNING [legacy-js-api]: The legacy JS API is deprecated and will be removed in Dart Sass 2.0.0.
[35mn8n-editor-ui:build: [0m
[35mn8n-editor-ui:build: [0mMore info: https://sass-lang.com/d/legacy-js-api
[35mn8n-editor-ui:build: [0m
[35mn8n-editor-ui:build: [0mDEPRECATION WARNING [legacy-js-api]: The legacy JS API is deprecated and will be removed in Dart Sass 2.0.0.
[35mn8n-editor-ui:build: [0m
[35mn8n-editor-ui:build: [0mMore info: https://sass-lang.com/d/legacy-js-api
[35mn8n-editor-ui:build: [0m
[35mn8n-editor-ui:build: [0mDEPRECATION WARNING [legacy-js-api]: The legacy JS API is deprecated and will be removed in Dart Sass 2.0.0.
[35mn8n-editor-ui:build: [0m
[35mn8n-editor-ui:build: [0mMore info: https://sass-lang.com/d/legacy-js-api
[35mn8n-editor-ui:build: [0m
[35mn8n-editor-ui:build: [0mDEPRECATION WARNING [legacy-js-api]: The legacy JS API is deprecated and will be removed in Dart Sass 2.0.0.
[35mn8n-editor-ui:build: [0m
[35mn8n-editor-ui:build: [0mMore info: https://sass-lang.com/d/legacy-js-api
[35mn8n-editor-ui:build: [0m
[35mn8n-editor-ui:build: [0mDEPRECATION WARNING [legacy-js-api]: The legacy JS API is deprecated and will be removed in Dart Sass 2.0.0.
[35mn8n-editor-ui:build: [0m
[35mn8n-editor-ui:build: [0mMore info: https://sass-lang.com/d/legacy-js-api
[35mn8n-editor-ui:build: [0m
[35mn8n-editor-ui:build: [0mDEPRECATION WARNING [legacy-js-api]: The legacy JS API is deprecated and will be removed in Dart Sass 2.0.0.
[35mn8n-editor-ui:build: [0m
[35mn8n-editor-ui:build: [0mMore info: https://sass-lang.com/d/legacy-js-api
[35mn8n-editor-ui:build: [0m
[35mn8n-editor-ui:build: [0mDEPRECATION WARNING [legacy-js-api]: The legacy JS API is deprecated and will be removed in Dart Sass 2.0.0.
[35mn8n-editor-ui:build: [0m
[35mn8n-editor-ui:build: [0mMore info: https://sass-lang.com/d/legacy-js-api
[35mn8n-editor-ui:build: [0m
[35mn8n-editor-ui:build: [0mDEPRECATION WARNING [legacy-js-api]: The legacy JS API is deprecated and will be removed in Dart Sass 2.0.0.
[35mn8n-editor-ui:build: [0m
[35mn8n-editor-ui:build: [0mMore info: https://sass-lang.com/d/legacy-js-api
[35mn8n-editor-ui:build: [0m
[35mn8n-editor-ui:build: [0mDEPRECATION WARNING [legacy-js-api]: The legacy JS API is deprecated and will be removed in Dart Sass 2.0.0.
[35mn8n-editor-ui:build: [0m
[35mn8n-editor-ui:build: [0mMore info: https://sass-lang.com/d/legacy-js-api
[35mn8n-editor-ui:build: [0m
[35mn8n-editor-ui:build: [0mDEPRECATION WARNING [legacy-js-api]: The legacy JS API is deprecated and will be removed in Dart Sass 2.0.0.
[35mn8n-editor-ui:build: [0m
[35mn8n-editor-ui:build: [0mMore info: https://sass-lang.com/d/legacy-js-api
[35mn8n-editor-ui:build: [0m
[35mn8n-editor-ui:build: [0mDEPRECATION WARNING [legacy-js-api]: The legacy JS API is deprecated and will be removed in Dart Sass 2.0.0.
[35mn8n-editor-ui:build: [0m
[35mn8n-editor-ui:build: [0mMore info: https://sass-lang.com/d/legacy-js-api
[35mn8n-editor-ui:build: [0m
[35mn8n-editor-ui:build: [0mDEPRECATION WARNING [legacy-js-api]: The legacy JS API is deprecated and will be removed in Dart Sass 2.0.0.
[35mn8n-editor-ui:build: [0m
[35mn8n-editor-ui:build: [0mMore info: https://sass-lang.com/d/legacy-js-api
[35mn8n-editor-ui:build: [0m
[35mn8n-editor-ui:build: [0mDEPRECATION WARNING [legacy-js-api]: The legacy JS API is deprecated and will be removed in Dart Sass 2.0.0.
[35mn8n-editor-ui:build: [0m
[35mn8n-editor-ui:build: [0mMore info: https://sass-lang.com/d/legacy-js-api
[35mn8n-editor-ui:build: [0m
[35mn8n-editor-ui:build: [0mDEPRECATION WARNING [legacy-js-api]: The legacy JS API is deprecated and will be removed in Dart Sass 2.0.0.
[35mn8n-editor-ui:build: [0m
[35mn8n-editor-ui:build: [0mMore info: https://sass-lang.com/d/legacy-js-api
[35mn8n-editor-ui:build: [0m
[35mn8n-editor-ui:build: [0mDEPRECATION WARNING [legacy-js-api]: The legacy JS API is deprecated and will be removed in Dart Sass 2.0.0.
[35mn8n-editor-ui:build: [0m
[35mn8n-editor-ui:build: [0mMore info: https://sass-lang.com/d/legacy-js-api
[35mn8n-editor-ui:build: [0m
[35mn8n-editor-ui:build: [0mDEPRECATION WARNING [legacy-js-api]: The legacy JS API is deprecated and will be removed in Dart Sass 2.0.0.
[35mn8n-editor-ui:build: [0m
[35mn8n-editor-ui:build: [0mMore info: https://sass-lang.com/d/legacy-js-api
[35mn8n-editor-ui:build: [0m
[35mn8n-editor-ui:build: [0mDEPRECATION WARNING [legacy-js-api]: The legacy JS API is deprecated and will be removed in Dart Sass 2.0.0.
[35mn8n-editor-ui:build: [0m
[35mn8n-editor-ui:build: [0mMore info: https://sass-lang.com/d/legacy-js-api
[35mn8n-editor-ui:build: [0m
[35mn8n-editor-ui:build: [0mDEPRECATION WARNING [legacy-js-api]: The legacy JS API is deprecated and will be removed in Dart Sass 2.0.0.
[35mn8n-editor-ui:build: [0m
[35mn8n-editor-ui:build: [0mMore info: https://sass-lang.com/d/legacy-js-api
[35mn8n-editor-ui:build: [0m
[35mn8n-editor-ui:build: [0mDEPRECATION WARNING [legacy-js-api]: The legacy JS API is deprecated and will be removed in Dart Sass 2.0.0.
[35mn8n-editor-ui:build: [0m
[35mn8n-editor-ui:build: [0mMore info: https://sass-lang.com/d/legacy-js-api
[35mn8n-editor-ui:build: [0m
[35mn8n-editor-ui:build: [0mDEPRECATION WARNING [legacy-js-api]: The legacy JS API is deprecated and will be removed in Dart Sass 2.0.0.
[35mn8n-editor-ui:build: [0m
[35mn8n-editor-ui:build: [0mMore info: https://sass-lang.com/d/legacy-js-api
[35mn8n-editor-ui:build: [0m
[35mn8n-editor-ui:build: [0mDEPRECATION WARNING [legacy-js-api]: The legacy JS API is deprecated and will be removed in Dart Sass 2.0.0.
[35mn8n-editor-ui:build: [0m
[35mn8n-editor-ui:build: [0mMore info: https://sass-lang.com/d/legacy-js-api
[35mn8n-editor-ui:build: [0m
[35mn8n-editor-ui:build: [0mDEPRECATION WARNING [legacy-js-api]: The legacy JS API is deprecated and will be removed in Dart Sass 2.0.0.
[35mn8n-editor-ui:build: [0m
[35mn8n-editor-ui:build: [0mMore info: https://sass-lang.com/d/legacy-js-api
[35mn8n-editor-ui:build: [0m
[35mn8n-editor-ui:build: [0mDEPRECATION WARNING [legacy-js-api]: The legacy JS API is deprecated and will be removed in Dart Sass 2.0.0.
[35mn8n-editor-ui:build: [0m
[35mn8n-editor-ui:build: [0mMore info: https://sass-lang.com/d/legacy-js-api
[35mn8n-editor-ui:build: [0m
[35mn8n-editor-ui:build: [0mDEPRECATION WARNING [legacy-js-api]: The legacy JS API is deprecated and will be removed in Dart Sass 2.0.0.
[35mn8n-editor-ui:build: [0m
[35mn8n-editor-ui:build: [0mMore info: https://sass-lang.com/d/legacy-js-api
[35mn8n-editor-ui:build: [0m
[35mn8n-editor-ui:build: [0mDEPRECATION WARNING [legacy-js-api]: The legacy JS API is deprecated and will be removed in Dart Sass 2.0.0.
[35mn8n-editor-ui:build: [0m
[35mn8n-editor-ui:build: [0mMore info: https://sass-lang.com/d/legacy-js-api
[35mn8n-editor-ui:build: [0m
[35mn8n-editor-ui:build: [0mDEPRECATION WARNING [legacy-js-api]: The legacy JS API is deprecated and will be removed in Dart Sass 2.0.0.
[35mn8n-editor-ui:build: [0m
[35mn8n-editor-ui:build: [0mMore info: https://sass-lang.com/d/legacy-js-api
[35mn8n-editor-ui:build: [0m
[35mn8n-editor-ui:build: [0mDEPRECATION WARNING [legacy-js-api]: The legacy JS API is deprecated and will be removed in Dart Sass 2.0.0.
[35mn8n-editor-ui:build: [0m
[35mn8n-editor-ui:build: [0mMore info: https://sass-lang.com/d/legacy-js-api
[35mn8n-editor-ui:build: [0m
[35mn8n-editor-ui:build: [0mDEPRECATION WARNING [legacy-js-api]: The legacy JS API is deprecated and will be removed in Dart Sass 2.0.0.
[35mn8n-editor-ui:build: [0m
[35mn8n-editor-ui:build: [0mMore info: https://sass-lang.com/d/legacy-js-api
[35mn8n-editor-ui:build: [0m
[35mn8n-editor-ui:build: [0mDEPRECATION WARNING [legacy-js-api]: The legacy JS API is deprecated and will be removed in Dart Sass 2.0.0.
[35mn8n-editor-ui:build: [0m
[35mn8n-editor-ui:build: [0mMore info: https://sass-lang.com/d/legacy-js-api
[35mn8n-editor-ui:build: [0m
[35mn8n-editor-ui:build: [0mDEPRECATION WARNING [legacy-js-api]: The legacy JS API is deprecated and will be removed in Dart Sass 2.0.0.
[35mn8n-editor-ui:build: [0m
[35mn8n-editor-ui:build: [0mMore info: https://sass-lang.com/d/legacy-js-api
[35mn8n-editor-ui:build: [0m
[35mn8n-editor-ui:build: [0mDEPRECATION WARNING [legacy-js-api]: The legacy JS API is deprecated and will be removed in Dart Sass 2.0.0.
[35mn8n-editor-ui:build: [0m
[35mn8n-editor-ui:build: [0mMore info: https://sass-lang.com/d/legacy-js-api
[35mn8n-editor-ui:build: [0m
[35mn8n-editor-ui:build: [0mDEPRECATION WARNING [legacy-js-api]: The legacy JS API is deprecated and will be removed in Dart Sass 2.0.0.
[35mn8n-editor-ui:build: [0m
[35mn8n-editor-ui:build: [0mMore info: https://sass-lang.com/d/legacy-js-api
[35mn8n-editor-ui:build: [0m
[35mn8n-editor-ui:build: [0mDEPRECATION WARNING [legacy-js-api]: The legacy JS API is deprecated and will be removed in Dart Sass 2.0.0.
[35mn8n-editor-ui:build: [0m
[35mn8n-editor-ui:build: [0mMore info: https://sass-lang.com/d/legacy-js-api
[35mn8n-editor-ui:build: [0m
[35mn8n-editor-ui:build: [0mDEPRECATION WARNING [legacy-js-api]: The legacy JS API is deprecated and will be removed in Dart Sass 2.0.0.
[35mn8n-editor-ui:build: [0m
[35mn8n-editor-ui:build: [0mMore info: https://sass-lang.com/d/legacy-js-api
[35mn8n-editor-ui:build: [0m
[35mn8n-editor-ui:build: [0mDEPRECATION WARNING [legacy-js-api]: The legacy JS API is deprecated and will be removed in Dart Sass 2.0.0.
[35mn8n-editor-ui:build: [0m
[35mn8n-editor-ui:build: [0mMore info: https://sass-lang.com/d/legacy-js-api
[35mn8n-editor-ui:build: [0m
[35mn8n-editor-ui:build: [0mDEPRECATION WARNING [legacy-js-api]: The legacy JS API is deprecated and will be removed in Dart Sass 2.0.0.
[35mn8n-editor-ui:build: [0m
[35mn8n-editor-ui:build: [0mMore info: https://sass-lang.com/d/legacy-js-api
[35mn8n-editor-ui:build: [0m
[35mn8n-editor-ui:build: [0mDEPRECATION WARNING [legacy-js-api]: The legacy JS API is deprecated and will be removed in Dart Sass 2.0.0.
[35mn8n-editor-ui:build: [0m
[35mn8n-editor-ui:build: [0mMore info: https://sass-lang.com/d/legacy-js-api
[35mn8n-editor-ui:build: [0m
[35mn8n-editor-ui:build: [0mDEPRECATION WARNING [legacy-js-api]: The legacy JS API is deprecated and will be removed in Dart Sass 2.0.0.
[35mn8n-editor-ui:build: [0m
[35mn8n-editor-ui:build: [0mMore info: https://sass-lang.com/d/legacy-js-api
[35mn8n-editor-ui:build: [0m
[35mn8n-editor-ui:build: [0mDEPRECATION WARNING [legacy-js-api]: The legacy JS API is deprecated and will be removed in Dart Sass 2.0.0.
[35mn8n-editor-ui:build: [0m
[35mn8n-editor-ui:build: [0mMore info: https://sass-lang.com/d/legacy-js-api
[35mn8n-editor-ui:build: [0m
[35mn8n-editor-ui:build: [0mDEPRECATION WARNING [legacy-js-api]: The legacy JS API is deprecated and will be removed in Dart Sass 2.0.0.
[35mn8n-editor-ui:build: [0m
[35mn8n-editor-ui:build: [0mMore info: https://sass-lang.com/d/legacy-js-api
[35mn8n-editor-ui:build: [0m
[35mn8n-editor-ui:build: [0mDEPRECATION WARNING [legacy-js-api]: The legacy JS API is deprecated and will be removed in Dart Sass 2.0.0.
[35mn8n-editor-ui:build: [0m
[35mn8n-editor-ui:build: [0mMore info: https://sass-lang.com/d/legacy-js-api
[35mn8n-editor-ui:build: [0m
[35mn8n-editor-ui:build: [0mDEPRECATION WARNING [legacy-js-api]: The legacy JS API is deprecated and will be removed in Dart Sass 2.0.0.
[35mn8n-editor-ui:build: [0m
[35mn8n-editor-ui:build: [0mMore info: https://sass-lang.com/d/legacy-js-api
[35mn8n-editor-ui:build: [0m
[35mn8n-editor-ui:build: [0mDEPRECATION WARNING [legacy-js-api]: The legacy JS API is deprecated and will be removed in Dart Sass 2.0.0.
[35mn8n-editor-ui:build: [0m
[35mn8n-editor-ui:build: [0mMore info: https://sass-lang.com/d/legacy-js-api
[35mn8n-editor-ui:build: [0m
[35mn8n-editor-ui:build: [0mDEPRECATION WARNING [legacy-js-api]: The legacy JS API is deprecated and will be removed in Dart Sass 2.0.0.
[35mn8n-editor-ui:build: [0m
[35mn8n-editor-ui:build: [0mMore info: https://sass-lang.com/d/legacy-js-api
[35mn8n-editor-ui:build: [0m
[35mn8n-editor-ui:build: [0mDEPRECATION WARNING [legacy-js-api]: The legacy JS API is deprecated and will be removed in Dart Sass 2.0.0.
[35mn8n-editor-ui:build: [0m
[35mn8n-editor-ui:build: [0mMore info: https://sass-lang.com/d/legacy-js-api
[35mn8n-editor-ui:build: [0m
[35mn8n-editor-ui:build: [0mDEPRECATION WARNING [legacy-js-api]: The legacy JS API is deprecated and will be removed in Dart Sass 2.0.0.
[35mn8n-editor-ui:build: [0m
[35mn8n-editor-ui:build: [0mMore info: https://sass-lang.com/d/legacy-js-api
[35mn8n-editor-ui:build: [0m
[35mn8n-editor-ui:build: [0mDEPRECATION WARNING [legacy-js-api]: The legacy JS API is deprecated and will be removed in Dart Sass 2.0.0.
[35mn8n-editor-ui:build: [0m
[35mn8n-editor-ui:build: [0mMore info: https://sass-lang.com/d/legacy-js-api
[35mn8n-editor-ui:build: [0m
[35mn8n-editor-ui:build: [0mDEPRECATION WARNING [legacy-js-api]: The legacy JS API is deprecated and will be removed in Dart Sass 2.0.0.
[35mn8n-editor-ui:build: [0m
[35mn8n-editor-ui:build: [0mMore info: https://sass-lang.com/d/legacy-js-api
[35mn8n-editor-ui:build: [0m
[35mn8n-editor-ui:build: [0mDEPRECATION WARNING [legacy-js-api]: The legacy JS API is deprecated and will be removed in Dart Sass 2.0.0.
[35mn8n-editor-ui:build: [0m
[35mn8n-editor-ui:build: [0mMore info: https://sass-lang.com/d/legacy-js-api
[35mn8n-editor-ui:build: [0m
[35mn8n-editor-ui:build: [0mDEPRECATION WARNING [legacy-js-api]: The legacy JS API is deprecated and will be removed in Dart Sass 2.0.0.
[35mn8n-editor-ui:build: [0m
[35mn8n-editor-ui:build: [0mMore info: https://sass-lang.com/d/legacy-js-api
[35mn8n-editor-ui:build: [0m
[35mn8n-editor-ui:build: [0mDEPRECATION WARNING [legacy-js-api]: The legacy JS API is deprecated and will be removed in Dart Sass 2.0.0.
[35mn8n-editor-ui:build: [0m
[35mn8n-editor-ui:build: [0mMore info: https://sass-lang.com/d/legacy-js-api
[35mn8n-editor-ui:build: [0m
[35mn8n-editor-ui:build: [0mDEPRECATION WARNING [legacy-js-api]: The legacy JS API is deprecated and will be removed in Dart Sass 2.0.0.
[35mn8n-editor-ui:build: [0m
[35mn8n-editor-ui:build: [0mMore info: https://sass-lang.com/d/legacy-js-api
[35mn8n-editor-ui:build: [0m
[35mn8n-editor-ui:build: [0mDEPRECATION WARNING [legacy-js-api]: The legacy JS API is deprecated and will be removed in Dart Sass 2.0.0.
[35mn8n-editor-ui:build: [0m
[35mn8n-editor-ui:build: [0mMore info: https://sass-lang.com/d/legacy-js-api
[35mn8n-editor-ui:build: [0m
[35mn8n-editor-ui:build: [0mDEPRECATION WARNING [legacy-js-api]: The legacy JS API is deprecated and will be removed in Dart Sass 2.0.0.
[35mn8n-editor-ui:build: [0m
[35mn8n-editor-ui:build: [0mMore info: https://sass-lang.com/d/legacy-js-api
[35mn8n-editor-ui:build: [0m
[35mn8n-editor-ui:build: [0mDEPRECATION WARNING [legacy-js-api]: The legacy JS API is deprecated and will be removed in Dart Sass 2.0.0.
[35mn8n-editor-ui:build: [0m
[35mn8n-editor-ui:build: [0mMore info: https://sass-lang.com/d/legacy-js-api
[35mn8n-editor-ui:build: [0m
[35mn8n-editor-ui:build: [0mDEPRECATION WARNING [legacy-js-api]: The legacy JS API is deprecated and will be removed in Dart Sass 2.0.0.
[35mn8n-editor-ui:build: [0m
[35mn8n-editor-ui:build: [0mMore info: https://sass-lang.com/d/legacy-js-api
[35mn8n-editor-ui:build: [0m
[35mn8n-editor-ui:build: [0mDEPRECATION WARNING [legacy-js-api]: The legacy JS API is deprecated and will be removed in Dart Sass 2.0.0.
[35mn8n-editor-ui:build: [0m
[35mn8n-editor-ui:build: [0mMore info: https://sass-lang.com/d/legacy-js-api
[35mn8n-editor-ui:build: [0m
[35mn8n-editor-ui:build: [0mDEPRECATION WARNING [legacy-js-api]: The legacy JS API is deprecated and will be removed in Dart Sass 2.0.0.
[35mn8n-editor-ui:build: [0m
[35mn8n-editor-ui:build: [0mMore info: https://sass-lang.com/d/legacy-js-api
[35mn8n-editor-ui:build: [0m
[35mn8n-editor-ui:build: [0mDEPRECATION WARNING [legacy-js-api]: The legacy JS API is deprecated and will be removed in Dart Sass 2.0.0.
[35mn8n-editor-ui:build: [0m
[35mn8n-editor-ui:build: [0mMore info: https://sass-lang.com/d/legacy-js-api
[35mn8n-editor-ui:build: [0m
[35mn8n-editor-ui:build: [0mDEPRECATION WARNING [legacy-js-api]: The legacy JS API is deprecated and will be removed in Dart Sass 2.0.0.
[35mn8n-editor-ui:build: [0m
[35mn8n-editor-ui:build: [0mMore info: https://sass-lang.com/d/legacy-js-api
[35mn8n-editor-ui:build: [0m
[35mn8n-editor-ui:build: [0mDEPRECATION WARNING [legacy-js-api]: The legacy JS API is deprecated and will be removed in Dart Sass 2.0.0.
[35mn8n-editor-ui:build: [0m
[35mn8n-editor-ui:build: [0mMore info: https://sass-lang.com/d/legacy-js-api
[35mn8n-editor-ui:build: [0m
[35mn8n-editor-ui:build: [0mDEPRECATION WARNING [legacy-js-api]: The legacy JS API is deprecated and will be removed in Dart Sass 2.0.0.
[35mn8n-editor-ui:build: [0m
[35mn8n-editor-ui:build: [0mMore info: https://sass-lang.com/d/legacy-js-api
[35mn8n-editor-ui:build: [0m
[35mn8n-editor-ui:build: [0mDEPRECATION WARNING [legacy-js-api]: The legacy JS API is deprecated and will be removed in Dart Sass 2.0.0.
[35mn8n-editor-ui:build: [0m
[35mn8n-editor-ui:build: [0mMore info: https://sass-lang.com/d/legacy-js-api
[35mn8n-editor-ui:build: [0m
[35mn8n-editor-ui:build: [0mDEPRECATION WARNING [legacy-js-api]: The legacy JS API is deprecated and will be removed in Dart Sass 2.0.0.
[35mn8n-editor-ui:build: [0m
[35mn8n-editor-ui:build: [0mMore info: https://sass-lang.com/d/legacy-js-api
[35mn8n-editor-ui:build: [0m
[35mn8n-editor-ui:build: [0mDEPRECATION WARNING [legacy-js-api]: The legacy JS API is deprecated and will be removed in Dart Sass 2.0.0.
[35mn8n-editor-ui:build: [0m
[35mn8n-editor-ui:build: [0mMore info: https://sass-lang.com/d/legacy-js-api
[35mn8n-editor-ui:build: [0m
[35mn8n-editor-ui:build: [0mDEPRECATION WARNING [legacy-js-api]: The legacy JS API is deprecated and will be removed in Dart Sass 2.0.0.
[35mn8n-editor-ui:build: [0m
[35mn8n-editor-ui:build: [0mMore info: https://sass-lang.com/d/legacy-js-api
[35mn8n-editor-ui:build: [0m
[35mn8n-editor-ui:build: [0mDEPRECATION WARNING [legacy-js-api]: The legacy JS API is deprecated and will be removed in Dart Sass 2.0.0.
[35mn8n-editor-ui:build: [0m
[35mn8n-editor-ui:build: [0mMore info: https://sass-lang.com/d/legacy-js-api
[35mn8n-editor-ui:build: [0m
[35mn8n-editor-ui:build: [0mDEPRECATION WARNING [legacy-js-api]: The legacy JS API is deprecated and will be removed in Dart Sass 2.0.0.
[35mn8n-editor-ui:build: [0m
[35mn8n-editor-ui:build: [0mMore info: https://sass-lang.com/d/legacy-js-api
[35mn8n-editor-ui:build: [0m
[35mn8n-editor-ui:build: [0mDEPRECATION WARNING [legacy-js-api]: The legacy JS API is deprecated and will be removed in Dart Sass 2.0.0.
[35mn8n-editor-ui:build: [0m
[35mn8n-editor-ui:build: [0mMore info: https://sass-lang.com/d/legacy-js-api
[35mn8n-editor-ui:build: [0m
[35mn8n-editor-ui:build: [0mDEPRECATION WARNING [legacy-js-api]: The legacy JS API is deprecated and will be removed in Dart Sass 2.0.0.
[35mn8n-editor-ui:build: [0m
[35mn8n-editor-ui:build: [0mMore info: https://sass-lang.com/d/legacy-js-api
[35mn8n-editor-ui:build: [0m
[35mn8n-editor-ui:build: [0mDEPRECATION WARNING [legacy-js-api]: The legacy JS API is deprecated and will be removed in Dart Sass 2.0.0.
[35mn8n-editor-ui:build: [0m
[35mn8n-editor-ui:build: [0mMore info: https://sass-lang.com/d/legacy-js-api
[35mn8n-editor-ui:build: [0m
[35mn8n-editor-ui:build: [0mDEPRECATION WARNING [legacy-js-api]: The legacy JS API is deprecated and will be removed in Dart Sass 2.0.0.
[35mn8n-editor-ui:build: [0m
[35mn8n-editor-ui:build: [0mMore info: https://sass-lang.com/d/legacy-js-api
[35mn8n-editor-ui:build: [0m
[35mn8n-editor-ui:build: [0mDEPRECATION WARNING [legacy-js-api]: The legacy JS API is deprecated and will be removed in Dart Sass 2.0.0.
[35mn8n-editor-ui:build: [0m
[35mn8n-editor-ui:build: [0mMore info: https://sass-lang.com/d/legacy-js-api
[35mn8n-editor-ui:build: [0m
[35mn8n-editor-ui:build: [0mDEPRECATION WARNING [legacy-js-api]: The legacy JS API is deprecated and will be removed in Dart Sass 2.0.0.
[35mn8n-editor-ui:build: [0m
[35mn8n-editor-ui:build: [0mMore info: https://sass-lang.com/d/legacy-js-api
[35mn8n-editor-ui:build: [0m
[35mn8n-editor-ui:build: [0mDEPRECATION WARNING [legacy-js-api]: The legacy JS API is deprecated and will be removed in Dart Sass 2.0.0.
[35mn8n-editor-ui:build: [0m
[35mn8n-editor-ui:build: [0mMore info: https://sass-lang.com/d/legacy-js-api
[35mn8n-editor-ui:build: [0m
[35mn8n-editor-ui:build: [0mDEPRECATION WARNING [legacy-js-api]: The legacy JS API is deprecated and will be removed in Dart Sass 2.0.0.
[35mn8n-editor-ui:build: [0m
[35mn8n-editor-ui:build: [0mMore info: https://sass-lang.com/d/legacy-js-api
[35mn8n-editor-ui:build: [0m
[35mn8n-editor-ui:build: [0mDEPRECATION WARNING [legacy-js-api]: The legacy JS API is deprecated and will be removed in Dart Sass 2.0.0.
[35mn8n-editor-ui:build: [0m
[35mn8n-editor-ui:build: [0mMore info: https://sass-lang.com/d/legacy-js-api
[35mn8n-editor-ui:build: [0m
[35mn8n-editor-ui:build: [0mDEPRECATION WARNING [legacy-js-api]: The legacy JS API is deprecated and will be removed in Dart Sass 2.0.0.
[35mn8n-editor-ui:build: [0m
[35mn8n-editor-ui:build: [0mMore info: https://sass-lang.com/d/legacy-js-api
[35mn8n-editor-ui:build: [0m
[35mn8n-editor-ui:build: [0mDEPRECATION WARNING [legacy-js-api]: The legacy JS API is deprecated and will be removed in Dart Sass 2.0.0.
[35mn8n-editor-ui:build: [0m
[35mn8n-editor-ui:build: [0mMore info: https://sass-lang.com/d/legacy-js-api
[35mn8n-editor-ui:build: [0m
[35mn8n-editor-ui:build: [0mDEPRECATION WARNING [legacy-js-api]: The legacy JS API is deprecated and will be removed in Dart Sass 2.0.0.
[35mn8n-editor-ui:build: [0m
[35mn8n-editor-ui:build: [0mMore info: https://sass-lang.com/d/legacy-js-api
[35mn8n-editor-ui:build: [0m
[35mn8n-editor-ui:build: [0mDEPRECATION WARNING [legacy-js-api]: The legacy JS API is deprecated and will be removed in Dart Sass 2.0.0.
[35mn8n-editor-ui:build: [0m
[35mn8n-editor-ui:build: [0mMore info: https://sass-lang.com/d/legacy-js-api
[35mn8n-editor-ui:build: [0m
[35mn8n-editor-ui:build: [0mDEPRECATION WARNING [legacy-js-api]: The legacy JS API is deprecated and will be removed in Dart Sass 2.0.0.
[35mn8n-editor-ui:build: [0m
[35mn8n-editor-ui:build: [0mMore info: https://sass-lang.com/d/legacy-js-api
[35mn8n-editor-ui:build: [0m
[35mn8n-editor-ui:build: [0mDEPRECATION WARNING [legacy-js-api]: The legacy JS API is deprecated and will be removed in Dart Sass 2.0.0.
[35mn8n-editor-ui:build: [0m
[35mn8n-editor-ui:build: [0mMore info: https://sass-lang.com/d/legacy-js-api
[35mn8n-editor-ui:build: [0m
[35mn8n-editor-ui:build: [0mDEPRECATION WARNING [legacy-js-api]: The legacy JS API is deprecated and will be removed in Dart Sass 2.0.0.
[35mn8n-editor-ui:build: [0m
[35mn8n-editor-ui:build: [0mMore info: https://sass-lang.com/d/legacy-js-api
[35mn8n-editor-ui:build: [0m
[35mn8n-editor-ui:build: [0mDEPRECATION WARNING [legacy-js-api]: The legacy JS API is deprecated and will be removed in Dart Sass 2.0.0.
[35mn8n-editor-ui:build: [0m
[35mn8n-editor-ui:build: [0mMore info: https://sass-lang.com/d/legacy-js-api
[35mn8n-editor-ui:build: [0m
[35mn8n-editor-ui:build: [0mDEPRECATION WARNING [legacy-js-api]: The legacy JS API is deprecated and will be removed in Dart Sass 2.0.0.
[35mn8n-editor-ui:build: [0m
[35mn8n-editor-ui:build: [0mMore info: https://sass-lang.com/d/legacy-js-api
[35mn8n-editor-ui:build: [0m
[35mn8n-editor-ui:build: [0mDEPRECATION WARNING [legacy-js-api]: The legacy JS API is deprecated and will be removed in Dart Sass 2.0.0.
[35mn8n-editor-ui:build: [0m
[35mn8n-editor-ui:build: [0mMore info: https://sass-lang.com/d/legacy-js-api
[35mn8n-editor-ui:build: [0m
[35mn8n-editor-ui:build: [0mDEPRECATION WARNING [legacy-js-api]: The legacy JS API is deprecated and will be removed in Dart Sass 2.0.0.
[35mn8n-editor-ui:build: [0m
[35mn8n-editor-ui:build: [0mMore info: https://sass-lang.com/d/legacy-js-api
[35mn8n-editor-ui:build: [0m
[35mn8n-editor-ui:build: [0mDEPRECATION WARNING [legacy-js-api]: The legacy JS API is deprecated and will be removed in Dart Sass 2.0.0.
[35mn8n-editor-ui:build: [0m
[35mn8n-editor-ui:build: [0mMore info: https://sass-lang.com/d/legacy-js-api
[35mn8n-editor-ui:build: [0m
[35mn8n-editor-ui:build: [0mDEPRECATION WARNING [legacy-js-api]: The legacy JS API is deprecated and will be removed in Dart Sass 2.0.0.
[35mn8n-editor-ui:build: [0m
[35mn8n-editor-ui:build: [0mMore info: https://sass-lang.com/d/legacy-js-api
[35mn8n-editor-ui:build: [0m
[35mn8n-editor-ui:build: [0mDEPRECATION WARNING [legacy-js-api]: The legacy JS API is deprecated and will be removed in Dart Sass 2.0.0.
[35mn8n-editor-ui:build: [0m
[35mn8n-editor-ui:build: [0mMore info: https://sass-lang.com/d/legacy-js-api
[35mn8n-editor-ui:build: [0m
[35mn8n-editor-ui:build: [0mDEPRECATION WARNING [legacy-js-api]: The legacy JS API is deprecated and will be removed in Dart Sass 2.0.0.
[35mn8n-editor-ui:build: [0m
[35mn8n-editor-ui:build: [0mMore info: https://sass-lang.com/d/legacy-js-api
[35mn8n-editor-ui:build: [0m
[35mn8n-editor-ui:build: [0mDEPRECATION WARNING [legacy-js-api]: The legacy JS API is deprecated and will be removed in Dart Sass 2.0.0.
[35mn8n-editor-ui:build: [0m
[35mn8n-editor-ui:build: [0mMore info: https://sass-lang.com/d/legacy-js-api
[35mn8n-editor-ui:build: [0m
[35mn8n-editor-ui:build: [0mDEPRECATION WARNING [legacy-js-api]: The legacy JS API is deprecated and will be removed in Dart Sass 2.0.0.
[35mn8n-editor-ui:build: [0m
[35mn8n-editor-ui:build: [0mMore info: https://sass-lang.com/d/legacy-js-api
[35mn8n-editor-ui:build: [0m
[35mn8n-editor-ui:build: [0mDEPRECATION WARNING [legacy-js-api]: The legacy JS API is deprecated and will be removed in Dart Sass 2.0.0.
[35mn8n-editor-ui:build: [0m
[35mn8n-editor-ui:build: [0mMore info: https://sass-lang.com/d/legacy-js-api
[35mn8n-editor-ui:build: [0m
[35mn8n-editor-ui:build: [0mDEPRECATION WARNING [legacy-js-api]: The legacy JS API is deprecated and will be removed in Dart Sass 2.0.0.
[35mn8n-editor-ui:build: [0m
[35mn8n-editor-ui:build: [0mMore info: https://sass-lang.com/d/legacy-js-api
[35mn8n-editor-ui:build: [0m
[35mn8n-editor-ui:build: [0mDEPRECATION WARNING [legacy-js-api]: The legacy JS API is deprecated and will be removed in Dart Sass 2.0.0.
[35mn8n-editor-ui:build: [0m
[35mn8n-editor-ui:build: [0mMore info: https://sass-lang.com/d/legacy-js-api
[35mn8n-editor-ui:build: [0m
[35mn8n-editor-ui:build: [0mDEPRECATION WARNING [legacy-js-api]: The legacy JS API is deprecated and will be removed in Dart Sass 2.0.0.
[35mn8n-editor-ui:build: [0m
[35mn8n-editor-ui:build: [0mMore info: https://sass-lang.com/d/legacy-js-api
[35mn8n-editor-ui:build: [0m
[35mn8n-editor-ui:build: [0mDEPRECATION WARNING [legacy-js-api]: The legacy JS API is deprecated and will be removed in Dart Sass 2.0.0.
[35mn8n-editor-ui:build: [0m
[35mn8n-editor-ui:build: [0mMore info: https://sass-lang.com/d/legacy-js-api
[35mn8n-editor-ui:build: [0m
[35mn8n-editor-ui:build: [0mDEPRECATION WARNING [legacy-js-api]: The legacy JS API is deprecated and will be removed in Dart Sass 2.0.0.
[35mn8n-editor-ui:build: [0m
[35mn8n-editor-ui:build: [0mMore info: https://sass-lang.com/d/legacy-js-api
[35mn8n-editor-ui:build: [0m
[35mn8n-editor-ui:build: [0mDEPRECATION WARNING [legacy-js-api]: The legacy JS API is deprecated and will be removed in Dart Sass 2.0.0.
[35mn8n-editor-ui:build: [0m
[35mn8n-editor-ui:build: [0mMore info: https://sass-lang.com/d/legacy-js-api
[35mn8n-editor-ui:build: [0m
[35mn8n-editor-ui:build: [0mDEPRECATION WARNING [legacy-js-api]: The legacy JS API is deprecated and will be removed in Dart Sass 2.0.0.
[35mn8n-editor-ui:build: [0m
[35mn8n-editor-ui:build: [0mMore info: https://sass-lang.com/d/legacy-js-api
[35mn8n-editor-ui:build: [0m
[35mn8n-editor-ui:build: [0mDEPRECATION WARNING [legacy-js-api]: The legacy JS API is deprecated and will be removed in Dart Sass 2.0.0.
[35mn8n-editor-ui:build: [0m
[35mn8n-editor-ui:build: [0mMore info: https://sass-lang.com/d/legacy-js-api
[35mn8n-editor-ui:build: [0m
[35mn8n-editor-ui:build: [0mDEPRECATION WARNING [legacy-js-api]: The legacy JS API is deprecated and will be removed in Dart Sass 2.0.0.
[35mn8n-editor-ui:build: [0m
[35mn8n-editor-ui:build: [0mMore info: https://sass-lang.com/d/legacy-js-api
[35mn8n-editor-ui:build: [0m
[35mn8n-editor-ui:build: [0mDEPRECATION WARNING [legacy-js-api]: The legacy JS API is deprecated and will be removed in Dart Sass 2.0.0.
[35mn8n-editor-ui:build: [0m
[35mn8n-editor-ui:build: [0mMore info: https://sass-lang.com/d/legacy-js-api
[35mn8n-editor-ui:build: [0m
[35mn8n-editor-ui:build: [0mDEPRECATION WARNING [legacy-js-api]: The legacy JS API is deprecated and will be removed in Dart Sass 2.0.0.
[35mn8n-editor-ui:build: [0m
[35mn8n-editor-ui:build: [0mMore info: https://sass-lang.com/d/legacy-js-api
[35mn8n-editor-ui:build: [0m
[35mn8n-editor-ui:build: [0mDEPRECATION WARNING [legacy-js-api]: The legacy JS API is deprecated and will be removed in Dart Sass 2.0.0.
[35mn8n-editor-ui:build: [0m
[35mn8n-editor-ui:build: [0mMore info: https://sass-lang.com/d/legacy-js-api
[35mn8n-editor-ui:build: [0m
[35mn8n-editor-ui:build: [0mDEPRECATION WARNING [legacy-js-api]: The legacy JS API is deprecated and will be removed in Dart Sass 2.0.0.
[35mn8n-editor-ui:build: [0m
[35mn8n-editor-ui:build: [0mMore info: https://sass-lang.com/d/legacy-js-api
[35mn8n-editor-ui:build: [0m
[35mn8n-editor-ui:build: [0mDEPRECATION WARNING [legacy-js-api]: The legacy JS API is deprecated and will be removed in Dart Sass 2.0.0.
[35mn8n-editor-ui:build: [0m
[35mn8n-editor-ui:build: [0mMore info: https://sass-lang.com/d/legacy-js-api
[35mn8n-editor-ui:build: [0m
[35mn8n-editor-ui:build: [0mDEPRECATION WARNING [legacy-js-api]: The legacy JS API is deprecated and will be removed in Dart Sass 2.0.0.
[35mn8n-editor-ui:build: [0m
[35mn8n-editor-ui:build: [0mMore info: https://sass-lang.com/d/legacy-js-api
[35mn8n-editor-ui:build: [0m
[35mn8n-editor-ui:build: [0mDEPRECATION WARNING [legacy-js-api]: The legacy JS API is deprecated and will be removed in Dart Sass 2.0.0.
[35mn8n-editor-ui:build: [0m
[35mn8n-editor-ui:build: [0mMore info: https://sass-lang.com/d/legacy-js-api
[35mn8n-editor-ui:build: [0m
[35mn8n-editor-ui:build: [0mDEPRECATION WARNING [legacy-js-api]: The legacy JS API is deprecated and will be removed in Dart Sass 2.0.0.
[35mn8n-editor-ui:build: [0m
[35mn8n-editor-ui:build: [0mMore info: https://sass-lang.com/d/legacy-js-api
[35mn8n-editor-ui:build: [0m
[35mn8n-editor-ui:build: [0mDEPRECATION WARNING [legacy-js-api]: The legacy JS API is deprecated and will be removed in Dart Sass 2.0.0.
[35mn8n-editor-ui:build: [0m
[35mn8n-editor-ui:build: [0mMore info: https://sass-lang.com/d/legacy-js-api
[35mn8n-editor-ui:build: [0m
[35mn8n-editor-ui:build: [0mDEPRECATION WARNING [legacy-js-api]: The legacy JS API is deprecated and will be removed in Dart Sass 2.0.0.
[35mn8n-editor-ui:build: [0m
[35mn8n-editor-ui:build: [0mMore info: https://sass-lang.com/d/legacy-js-api
[35mn8n-editor-ui:build: [0m
[35mn8n-editor-ui:build: [0mDEPRECATION WARNING [legacy-js-api]: The legacy JS API is deprecated and will be removed in Dart Sass 2.0.0.
[35mn8n-editor-ui:build: [0m
[35mn8n-editor-ui:build: [0mMore info: https://sass-lang.com/d/legacy-js-api
[35mn8n-editor-ui:build: [0m
[35mn8n-editor-ui:build: [0mDEPRECATION WARNING [legacy-js-api]: The legacy JS API is deprecated and will be removed in Dart Sass 2.0.0.
[35mn8n-editor-ui:build: [0m
[35mn8n-editor-ui:build: [0mMore info: https://sass-lang.com/d/legacy-js-api
[35mn8n-editor-ui:build: [0m
[35mn8n-editor-ui:build: [0mDEPRECATION WARNING [legacy-js-api]: The legacy JS API is deprecated and will be removed in Dart Sass 2.0.0.
[35mn8n-editor-ui:build: [0m
[35mn8n-editor-ui:build: [0mMore info: https://sass-lang.com/d/legacy-js-api
[35mn8n-editor-ui:build: [0m
[35mn8n-editor-ui:build: [0mDEPRECATION WARNING [legacy-js-api]: The legacy JS API is deprecated and will be removed in Dart Sass 2.0.0.
[35mn8n-editor-ui:build: [0m
[35mn8n-editor-ui:build: [0mMore info: https://sass-lang.com/d/legacy-js-api
[35mn8n-editor-ui:build: [0m
[35mn8n-editor-ui:build: [0mDEPRECATION WARNING [legacy-js-api]: The legacy JS API is deprecated and will be removed in Dart Sass 2.0.0.
[35mn8n-editor-ui:build: [0m
[35mn8n-editor-ui:build: [0mMore info: https://sass-lang.com/d/legacy-js-api
[35mn8n-editor-ui:build: [0m
[35mn8n-editor-ui:build: [0mDEPRECATION WARNING [legacy-js-api]: The legacy JS API is deprecated and will be removed in Dart Sass 2.0.0.
[35mn8n-editor-ui:build: [0m
[35mn8n-editor-ui:build: [0mMore info: https://sass-lang.com/d/legacy-js-api
[35mn8n-editor-ui:build: [0m
[35mn8n-editor-ui:build: [0mDEPRECATION WARNING [legacy-js-api]: The legacy JS API is deprecated and will be removed in Dart Sass 2.0.0.
[35mn8n-editor-ui:build: [0m
[35mn8n-editor-ui:build: [0mMore info: https://sass-lang.com/d/legacy-js-api
[35mn8n-editor-ui:build: [0m
[35mn8n-editor-ui:build: [0mDEPRECATION WARNING [legacy-js-api]: The legacy JS API is deprecated and will be removed in Dart Sass 2.0.0.
[35mn8n-editor-ui:build: [0m
[35mn8n-editor-ui:build: [0mMore info: https://sass-lang.com/d/legacy-js-api
[35mn8n-editor-ui:build: [0m
[35mn8n-editor-ui:build: [0mDEPRECATION WARNING [legacy-js-api]: The legacy JS API is deprecated and will be removed in Dart Sass 2.0.0.
[35mn8n-editor-ui:build: [0m
[35mn8n-editor-ui:build: [0mMore info: https://sass-lang.com/d/legacy-js-api
[35mn8n-editor-ui:build: [0m
[35mn8n-editor-ui:build: [0mDEPRECATION WARNING [legacy-js-api]: The legacy JS API is deprecated and will be removed in Dart Sass 2.0.0.
[35mn8n-editor-ui:build: [0m
[35mn8n-editor-ui:build: [0mMore info: https://sass-lang.com/d/legacy-js-api
[35mn8n-editor-ui:build: [0m
[35mn8n-editor-ui:build: [0mDEPRECATION WARNING [legacy-js-api]: The legacy JS API is deprecated and will be removed in Dart Sass 2.0.0.
[35mn8n-editor-ui:build: [0m
[35mn8n-editor-ui:build: [0mMore info: https://sass-lang.com/d/legacy-js-api
[35mn8n-editor-ui:build: [0m
[35mn8n-editor-ui:build: [0mDEPRECATION WARNING [legacy-js-api]: The legacy JS API is deprecated and will be removed in Dart Sass 2.0.0.
[35mn8n-editor-ui:build: [0m
[35mn8n-editor-ui:build: [0mMore info: https://sass-lang.com/d/legacy-js-api
[35mn8n-editor-ui:build: [0m
[35mn8n-editor-ui:build: [0mDEPRECATION WARNING [legacy-js-api]: The legacy JS API is deprecated and will be removed in Dart Sass 2.0.0.
[35mn8n-editor-ui:build: [0m
[35mn8n-editor-ui:build: [0mMore info: https://sass-lang.com/d/legacy-js-api
[35mn8n-editor-ui:build: [0m
[35mn8n-editor-ui:build: [0mDEPRECATION WARNING [legacy-js-api]: The legacy JS API is deprecated and will be removed in Dart Sass 2.0.0.
[35mn8n-editor-ui:build: [0m
[35mn8n-editor-ui:build: [0mMore info: https://sass-lang.com/d/legacy-js-api
[35mn8n-editor-ui:build: [0m
[35mn8n-editor-ui:build: [0mDEPRECATION WARNING [legacy-js-api]: The legacy JS API is deprecated and will be removed in Dart Sass 2.0.0.
[35mn8n-editor-ui:build: [0m
[35mn8n-editor-ui:build: [0mMore info: https://sass-lang.com/d/legacy-js-api
[35mn8n-editor-ui:build: [0m
[35mn8n-editor-ui:build: [0mDEPRECATION WARNING [legacy-js-api]: The legacy JS API is deprecated and will be removed in Dart Sass 2.0.0.
[35mn8n-editor-ui:build: [0m
[35mn8n-editor-ui:build: [0mMore info: https://sass-lang.com/d/legacy-js-api
[35mn8n-editor-ui:build: [0m
[35mn8n-editor-ui:build: [0mDEPRECATION WARNING [legacy-js-api]: The legacy JS API is deprecated and will be removed in Dart Sass 2.0.0.
[35mn8n-editor-ui:build: [0m
[35mn8n-editor-ui:build: [0mMore info: https://sass-lang.com/d/legacy-js-api
[35mn8n-editor-ui:build: [0m
[35mn8n-editor-ui:build: [0mDEPRECATION WARNING [legacy-js-api]: The legacy JS API is deprecated and will be removed in Dart Sass 2.0.0.
[35mn8n-editor-ui:build: [0m
[35mn8n-editor-ui:build: [0mMore info: https://sass-lang.com/d/legacy-js-api
[35mn8n-editor-ui:build: [0m
[35mn8n-editor-ui:build: [0mDEPRECATION WARNING [legacy-js-api]: The legacy JS API is deprecated and will be removed in Dart Sass 2.0.0.
[35mn8n-editor-ui:build: [0m
[35mn8n-editor-ui:build: [0mMore info: https://sass-lang.com/d/legacy-js-api
[35mn8n-editor-ui:build: [0m
[35mn8n-editor-ui:build: [0mDEPRECATION WARNING [legacy-js-api]: The legacy JS API is deprecated and will be removed in Dart Sass 2.0.0.
[35mn8n-editor-ui:build: [0m
[35mn8n-editor-ui:build: [0mMore info: https://sass-lang.com/d/legacy-js-api
[35mn8n-editor-ui:build: [0m
[35mn8n-editor-ui:build: [0mDEPRECATION WARNING [legacy-js-api]: The legacy JS API is deprecated and will be removed in Dart Sass 2.0.0.
[35mn8n-editor-ui:build: [0m
[35mn8n-editor-ui:build: [0mMore info: https://sass-lang.com/d/legacy-js-api
[35mn8n-editor-ui:build: [0m
[35mn8n-editor-ui:build: [0mDEPRECATION WARNING [legacy-js-api]: The legacy JS API is deprecated and will be removed in Dart Sass 2.0.0.
[35mn8n-editor-ui:build: [0m
[35mn8n-editor-ui:build: [0mMore info: https://sass-lang.com/d/legacy-js-api
[35mn8n-editor-ui:build: [0m
[35mn8n-editor-ui:build: [0mDEPRECATION WARNING [legacy-js-api]: The legacy JS API is deprecated and will be removed in Dart Sass 2.0.0.
[35mn8n-editor-ui:build: [0m
[35mn8n-editor-ui:build: [0mMore info: https://sass-lang.com/d/legacy-js-api
[35mn8n-editor-ui:build: [0m
[35mn8n-editor-ui:build: [0mDEPRECATION WARNING [legacy-js-api]: The legacy JS API is deprecated and will be removed in Dart Sass 2.0.0.
[35mn8n-editor-ui:build: [0m
[35mn8n-editor-ui:build: [0mMore info: https://sass-lang.com/d/legacy-js-api
[35mn8n-editor-ui:build: [0m
[35mn8n-editor-ui:build: [0mDEPRECATION WARNING [legacy-js-api]: The legacy JS API is deprecated and will be removed in Dart Sass 2.0.0.
[35mn8n-editor-ui:build: [0m
[35mn8n-editor-ui:build: [0mMore info: https://sass-lang.com/d/legacy-js-api
[35mn8n-editor-ui:build: [0m
[35mn8n-editor-ui:build: [0mDEPRECATION WARNING [legacy-js-api]: The legacy JS API is deprecated and will be removed in Dart Sass 2.0.0.
[35mn8n-editor-ui:build: [0m
[35mn8n-editor-ui:build: [0mMore info: https://sass-lang.com/d/legacy-js-api
[35mn8n-editor-ui:build: [0m
[35mn8n-editor-ui:build: [0mDEPRECATION WARNING [legacy-js-api]: The legacy JS API is deprecated and will be removed in Dart Sass 2.0.0.
[35mn8n-editor-ui:build: [0m
[35mn8n-editor-ui:build: [0mMore info: https://sass-lang.com/d/legacy-js-api
[35mn8n-editor-ui:build: [0m
[35mn8n-editor-ui:build: [0mDEPRECATION WARNING [legacy-js-api]: The legacy JS API is deprecated and will be removed in Dart Sass 2.0.0.
[35mn8n-editor-ui:build: [0m
[35mn8n-editor-ui:build: [0mMore info: https://sass-lang.com/d/legacy-js-api
[35mn8n-editor-ui:build: [0m
[35mn8n-editor-ui:build: [0mDEPRECATION WARNING [legacy-js-api]: The legacy JS API is deprecated and will be removed in Dart Sass 2.0.0.
[35mn8n-editor-ui:build: [0m
[35mn8n-editor-ui:build: [0mMore info: https://sass-lang.com/d/legacy-js-api
[35mn8n-editor-ui:build: [0m
[35mn8n-editor-ui:build: [0mDEPRECATION WARNING [legacy-js-api]: The legacy JS API is deprecated and will be removed in Dart Sass 2.0.0.
[35mn8n-editor-ui:build: [0m
[35mn8n-editor-ui:build: [0mMore info: https://sass-lang.com/d/legacy-js-api
[35mn8n-editor-ui:build: [0m
[35mn8n-editor-ui:build: [0mDEPRECATION WARNING [legacy-js-api]: The legacy JS API is deprecated and will be removed in Dart Sass 2.0.0.
[35mn8n-editor-ui:build: [0m
[35mn8n-editor-ui:build: [0mMore info: https://sass-lang.com/d/legacy-js-api
[35mn8n-editor-ui:build: [0m
[35mn8n-editor-ui:build: [0mDEPRECATION WARNING [legacy-js-api]: The legacy JS API is deprecated and will be removed in Dart Sass 2.0.0.
[35mn8n-editor-ui:build: [0m
[35mn8n-editor-ui:build: [0mMore info: https://sass-lang.com/d/legacy-js-api
[35mn8n-editor-ui:build: [0m
[35mn8n-editor-ui:build: [0mDEPRECATION WARNING [legacy-js-api]: The legacy JS API is deprecated and will be removed in Dart Sass 2.0.0.
[35mn8n-editor-ui:build: [0m
[35mn8n-editor-ui:build: [0mMore info: https://sass-lang.com/d/legacy-js-api
[35mn8n-editor-ui:build: [0m
[35mn8n-editor-ui:build: [0mDEPRECATION WARNING [legacy-js-api]: The legacy JS API is deprecated and will be removed in Dart Sass 2.0.0.
[35mn8n-editor-ui:build: [0m
[35mn8n-editor-ui:build: [0mMore info: https://sass-lang.com/d/legacy-js-api
[35mn8n-editor-ui:build: [0m
[35mn8n-editor-ui:build: [0mDEPRECATION WARNING [legacy-js-api]: The legacy JS API is deprecated and will be removed in Dart Sass 2.0.0.
[35mn8n-editor-ui:build: [0m
[35mn8n-editor-ui:build: [0mMore info: https://sass-lang.com/d/legacy-js-api
[35mn8n-editor-ui:build: [0m
[35mn8n-editor-ui:build: [0mDEPRECATION WARNING [legacy-js-api]: The legacy JS API is deprecated and will be removed in Dart Sass 2.0.0.
[35mn8n-editor-ui:build: [0m
[35mn8n-editor-ui:build: [0mMore info: https://sass-lang.com/d/legacy-js-api
[35mn8n-editor-ui:build: [0m
[35mn8n-editor-ui:build: [0mDEPRECATION WARNING [legacy-js-api]: The legacy JS API is deprecated and will be removed in Dart Sass 2.0.0.
[35mn8n-editor-ui:build: [0m
[35mn8n-editor-ui:build: [0mMore info: https://sass-lang.com/d/legacy-js-api
[35mn8n-editor-ui:build: [0m
[35mn8n-editor-ui:build: [0mDEPRECATION WARNING [legacy-js-api]: The legacy JS API is deprecated and will be removed in Dart Sass 2.0.0.
[35mn8n-editor-ui:build: [0m
[35mn8n-editor-ui:build: [0mMore info: https://sass-lang.com/d/legacy-js-api
[35mn8n-editor-ui:build: [0m
[35mn8n-editor-ui:build: [0mDEPRECATION WARNING [legacy-js-api]: The legacy JS API is deprecated and will be removed in Dart Sass 2.0.0.
[35mn8n-editor-ui:build: [0m
[35mn8n-editor-ui:build: [0mMore info: https://sass-lang.com/d/legacy-js-api
[35mn8n-editor-ui:build: [0m
[35mn8n-editor-ui:build: [0mDEPRECATION WARNING [legacy-js-api]: The legacy JS API is deprecated and will be removed in Dart Sass 2.0.0.
[35mn8n-editor-ui:build: [0m
[35mn8n-editor-ui:build: [0mMore info: https://sass-lang.com/d/legacy-js-api
[35mn8n-editor-ui:build: [0m
[35mn8n-editor-ui:build: [0mDEPRECATION WARNING [legacy-js-api]: The legacy JS API is deprecated and will be removed in Dart Sass 2.0.0.
[35mn8n-editor-ui:build: [0m
[35mn8n-editor-ui:build: [0mMore info: https://sass-lang.com/d/legacy-js-api
[35mn8n-editor-ui:build: [0m
[35mn8n-editor-ui:build: [0mDEPRECATION WARNING [legacy-js-api]: The legacy JS API is deprecated and will be removed in Dart Sass 2.0.0.
[35mn8n-editor-ui:build: [0m
[35mn8n-editor-ui:build: [0mMore info: https://sass-lang.com/d/legacy-js-api
[35mn8n-editor-ui:build: [0m
[35mn8n-editor-ui:build: [0mDEPRECATION WARNING [legacy-js-api]: The legacy JS API is deprecated and will be removed in Dart Sass 2.0.0.
[35mn8n-editor-ui:build: [0m
[35mn8n-editor-ui:build: [0mMore info: https://sass-lang.com/d/legacy-js-api
[35mn8n-editor-ui:build: [0m
[35mn8n-editor-ui:build: [0mDEPRECATION WARNING [legacy-js-api]: The legacy JS API is deprecated and will be removed in Dart Sass 2.0.0.
[35mn8n-editor-ui:build: [0m
[35mn8n-editor-ui:build: [0mMore info: https://sass-lang.com/d/legacy-js-api
[35mn8n-editor-ui:build: [0m
[35mn8n-editor-ui:build: [0mDEPRECATION WARNING [legacy-js-api]: The legacy JS API is deprecated and will be removed in Dart Sass 2.0.0.
[35mn8n-editor-ui:build: [0m
[35mn8n-editor-ui:build: [0mMore info: https://sass-lang.com/d/legacy-js-api
[35mn8n-editor-ui:build: [0m
[35mn8n-editor-ui:build: [0mDEPRECATION WARNING [legacy-js-api]: The legacy JS API is deprecated and will be removed in Dart Sass 2.0.0.
[35mn8n-editor-ui:build: [0m
[35mn8n-editor-ui:build: [0mMore info: https://sass-lang.com/d/legacy-js-api
[35mn8n-editor-ui:build: [0m
[35mn8n-editor-ui:build: [0mDEPRECATION WARNING [legacy-js-api]: The legacy JS API is deprecated and will be removed in Dart Sass 2.0.0.
[35mn8n-editor-ui:build: [0m
[35mn8n-editor-ui:build: [0mMore info: https://sass-lang.com/d/legacy-js-api
[35mn8n-editor-ui:build: [0m
[35mn8n-editor-ui:build: [0mDEPRECATION WARNING [legacy-js-api]: The legacy JS API is deprecated and will be removed in Dart Sass 2.0.0.
[35mn8n-editor-ui:build: [0m
[35mn8n-editor-ui:build: [0mMore info: https://sass-lang.com/d/legacy-js-api
[35mn8n-editor-ui:build: [0m
[35mn8n-editor-ui:build: [0mDEPRECATION WARNING [legacy-js-api]: The legacy JS API is deprecated and will be removed in Dart Sass 2.0.0.
[35mn8n-editor-ui:build: [0m
[35mn8n-editor-ui:build: [0mMore info: https://sass-lang.com/d/legacy-js-api
[35mn8n-editor-ui:build: [0m
[35mn8n-editor-ui:build: [0mDEPRECATION WARNING [legacy-js-api]: The legacy JS API is deprecated and will be removed in Dart Sass 2.0.0.
[35mn8n-editor-ui:build: [0m
[35mn8n-editor-ui:build: [0mMore info: https://sass-lang.com/d/legacy-js-api
[35mn8n-editor-ui:build: [0m
[35mn8n-editor-ui:build: [0mDEPRECATION WARNING [legacy-js-api]: The legacy JS API is deprecated and will be removed in Dart Sass 2.0.0.
[35mn8n-editor-ui:build: [0m
[35mn8n-editor-ui:build: [0mMore info: https://sass-lang.com/d/legacy-js-api
[35mn8n-editor-ui:build: [0m
[35mn8n-editor-ui:build: [0mDEPRECATION WARNING [legacy-js-api]: The legacy JS API is deprecated and will be removed in Dart Sass 2.0.0.
[35mn8n-editor-ui:build: [0m
[35mn8n-editor-ui:build: [0mMore info: https://sass-lang.com/d/legacy-js-api
[35mn8n-editor-ui:build: [0m
[35mn8n-editor-ui:build: [0mDEPRECATION WARNING [legacy-js-api]: The legacy JS API is deprecated and will be removed in Dart Sass 2.0.0.
[35mn8n-editor-ui:build: [0m
[35mn8n-editor-ui:build: [0mMore info: https://sass-lang.com/d/legacy-js-api
[35mn8n-editor-ui:build: [0m
[35mn8n-editor-ui:build: [0mDEPRECATION WARNING [legacy-js-api]: The legacy JS API is deprecated and will be removed in Dart Sass 2.0.0.
[35mn8n-editor-ui:build: [0m
[35mn8n-editor-ui:build: [0mMore info: https://sass-lang.com/d/legacy-js-api
[35mn8n-editor-ui:build: [0m
[35mn8n-editor-ui:build: [0mDEPRECATION WARNING [legacy-js-api]: The legacy JS API is deprecated and will be removed in Dart Sass 2.0.0.
[35mn8n-editor-ui:build: [0m
[35mn8n-editor-ui:build: [0mMore info: https://sass-lang.com/d/legacy-js-api
[35mn8n-editor-ui:build: [0m
[35mn8n-editor-ui:build: [0mDEPRECATION WARNING [legacy-js-api]: The legacy JS API is deprecated and will be removed in Dart Sass 2.0.0.
[35mn8n-editor-ui:build: [0m
[35mn8n-editor-ui:build: [0mMore info: https://sass-lang.com/d/legacy-js-api
[35mn8n-editor-ui:build: [0m
[35mn8n-editor-ui:build: [0mDEPRECATION WARNING [legacy-js-api]: The legacy JS API is deprecated and will be removed in Dart Sass 2.0.0.
[35mn8n-editor-ui:build: [0m
[35mn8n-editor-ui:build: [0mMore info: https://sass-lang.com/d/legacy-js-api
[35mn8n-editor-ui:build: [0m
[35mn8n-editor-ui:build: [0mDEPRECATION WARNING [legacy-js-api]: The legacy JS API is deprecated and will be removed in Dart Sass 2.0.0.
[35mn8n-editor-ui:build: [0m
[35mn8n-editor-ui:build: [0mMore info: https://sass-lang.com/d/legacy-js-api
[35mn8n-editor-ui:build: [0m
[35mn8n-editor-ui:build: [0mDEPRECATION WARNING [legacy-js-api]: The legacy JS API is deprecated and will be removed in Dart Sass 2.0.0.
[35mn8n-editor-ui:build: [0m
[35mn8n-editor-ui:build: [0mMore info: https://sass-lang.com/d/legacy-js-api
[35mn8n-editor-ui:build: [0m
[35mn8n-editor-ui:build: [0m✓ 7080 modules transformed.
[35mn8n-editor-ui:build: [0m../../../node_modules/.pnpm/web-tree-sitter@0.24.3/node_modules/web-tree-sitter/tree-sitter.js (1195:36): Use of eval in "../../../node_modules/.pnpm/web-tree-sitter@0.24.3/node_modules/web-tree-sitter/tree-sitter.js" is strongly discouraged as it poses security risks and may cause issues with minification.
[35mn8n-editor-ui:build: [0m../../../node_modules/.pnpm/web-tree-sitter@0.24.3/node_modules/web-tree-sitter/tree-sitter.js (1221:38): Use of eval in "../../../node_modules/.pnpm/web-tree-sitter@0.24.3/node_modules/web-tree-sitter/tree-sitter.js" is strongly discouraged as it poses security risks and may cause issues with minification.
[35mn8n-editor-ui:build: [0mrendering chunks...
[35mn8n-editor-ui:build: [0m[plugin:vite:reporter] [plugin vite:reporter] 
[35mn8n-editor-ui:build: [0m(!) /media/krist/CrucialX9/cursor-projects/projects/Project05/n8n/packages/frontend/@n8n/design-system/src/locale/lang/en.ts is dynamically imported by /media/krist/CrucialX9/cursor-projects/projects/Project05/n8n/packages/frontend/@n8n/design-system/src/locale/index.ts but also statically imported by /media/krist/CrucialX9/cursor-projects/projects/Project05/n8n/packages/frontend/@n8n/design-system/src/locale/index.ts, dynamic import will not move module into another chunk.
[35mn8n-editor-ui:build: [0m
[35mn8n-editor-ui:build: [0m[plugin:vite:reporter] [plugin vite:reporter] 
[35mn8n-editor-ui:build: [0m(!) /media/krist/CrucialX9/cursor-projects/projects/Project05/n8n/packages/frontend/editor-ui/src/features/ndv/runData/components/VirtualSchema.vue is dynamically imported by /media/krist/CrucialX9/cursor-projects/projects/Project05/n8n/packages/frontend/editor-ui/src/features/ndv/runData/components/RunData.vue?vue&type=script&setup=true&lang.ts but also statically imported by /media/krist/CrucialX9/cursor-projects/projects/Project05/n8n/packages/frontend/editor-ui/src/features/ndv/parameters/components/ExpressionEditModal.vue?vue&type=script&setup=true&lang.ts, dynamic import will not move module into another chunk.
[35mn8n-editor-ui:build: [0m
[35mn8n-editor-ui:build: [0m[plugin:vite:reporter] [plugin vite:reporter] 
[35mn8n-editor-ui:build: [0m(!) /media/krist/CrucialX9/cursor-projects/projects/Project05/n8n/packages/frontend/editor-ui/src/features/ndv/runData/components/RunDataHtml.vue is dynamically imported by /media/krist/CrucialX9/cursor-projects/projects/Project05/n8n/packages/frontend/editor-ui/src/features/ndv/runData/components/RunData.vue?vue&type=script&setup=true&lang.ts but also statically imported by /media/krist/CrucialX9/cursor-projects/projects/Project05/n8n/packages/frontend/editor-ui/src/features/ndv/runData/components/BinaryDataDisplayEmbed.vue?vue&type=script&setup=true&lang.ts, dynamic import will not move module into another chunk.
[35mn8n-editor-ui:build: [0m
[35mn8n-editor-ui:build: [0mcomputing gzip size...
[35mn8n-editor-ui:build: [0m[vite-plugin-static-copy] Copied 2 items.
[35mn8n-editor-ui:build: [0mdist/assets/CollectionParameter-legacy-Cl_XZWbk.js                                                   0.30 kB │ gzip:     0.21 kB
[35mn8n-editor-ui:build: [0mdist/assets/global-link-actions-legacy-DiBLBjPD.js                                                   0.36 kB │ gzip:     0.23 kB
[35mn8n-editor-ui:build: [0mdist/assets/_commonjs-dynamic-modules-legacy-DNW85YLn.js                                             0.47 kB │ gzip:     0.28 kB
[35mn8n-editor-ui:build: [0mdist/assets/useAgent-legacy-TSPU9AQ5.js                                                              0.74 kB │ gzip:     0.35 kB
[35mn8n-editor-ui:build: [0mdist/assets/VueMarkdown-legacy-CHDrxtMI.js                                                           1.21 kB │ gzip:     0.48 kB
[35mn8n-editor-ui:build: [0mdist/assets/useIntersectionObserver-legacy-CI2ZNC3b.js                                               1.35 kB │ gzip:     0.46 kB
[35mn8n-editor-ui:build: [0mdist/assets/DemoFooter-legacy-Dpy9UHZ8.js                                                            1.39 kB │ gzip:     0.60 kB
[35mn8n-editor-ui:build: [0mdist/assets/SignoutView-legacy-DJYi3uPw.js                                                           1.49 kB │ gzip:     0.59 kB
[35mn8n-editor-ui:build: [0mdist/assets/pickBy-legacy-D3d1iaXY.js                                                                1.83 kB │ gzip:     0.71 kB
[35mn8n-editor-ui:build: [0mdist/assets/useBeforeUnload-legacy-Bm6oiI0r.js                                                       1.96 kB │ gzip:     0.65 kB
[35mn8n-editor-ui:build: [0mdist/assets/EmptySharedSectionActionBox.vue_vue_type_script_setup_true_lang-legacy-RUGlfmP3.js       2.08 kB │ gzip:     0.81 kB
[35mn8n-editor-ui:build: [0mdist/assets/PushConnectionTracker.vue_vue_type_script_setup_true_lang-legacy-C7Q_f2UI.js             2.55 kB │ gzip:     0.91 kB
[35mn8n-editor-ui:build: [0mdist/assets/InsightsChartFailed-legacy-DcZZ_47T.js                                                   2.71 kB │ gzip:     0.96 kB
[35mn8n-editor-ui:build: [0mdist/assets/AnimatedSpinner-legacy-D6r3VX9x.js                                                       2.75 kB │ gzip:     0.89 kB
[35mn8n-editor-ui:build: [0mdist/assets/InsightsChartTotal-legacy-Clcp_gfn.js                                                    2.79 kB │ gzip:     0.96 kB
[35mn8n-editor-ui:build: [0mdist/assets/InsightsChartFailureRate-legacy-C6eUyVa-.js                                              2.97 kB │ gzip:     1.04 kB
[35mn8n-editor-ui:build: [0mdist/assets/SamlOnboarding-legacy-LnHogChd.js                                                        3.01 kB │ gzip:     0.99 kB
[35mn8n-editor-ui:build: [0mdist/assets/AnnotationTagsDropdown.ee.vue_vue_type_script_setup_true_lang-legacy-CUz2mQ0q.js         3.05 kB │ gzip:     0.95 kB
[35mn8n-editor-ui:build: [0mdist/assets/InsightsChartAverageRuntime-legacy-BE7wa7d1.js                                           3.24 kB │ gzip:     1.13 kB
[35mn8n-editor-ui:build: [0mdist/assets/WorkflowOnboardingView-legacy-DZjHwz4Z.js                                                3.27 kB │ gzip:     0.92 kB
[35mn8n-editor-ui:build: [0mdist/assets/SetupWorkflowCredentialsButton-legacy-DjAO1OYA.js                                        3.32 kB │ gzip:     1.04 kB
[35mn8n-editor-ui:build: [0mdist/assets/InsightsChartTimeSaved-legacy-CU0UPTtK.js                                                3.48 kB │ gzip:     1.20 kB
[35mn8n-editor-ui:build: [0mdist/assets/EntityUnAuthorised-legacy-_Nj4If1m.js                                                    4.10 kB │ gzip:     1.37 kB
[35mn8n-editor-ui:build: [0mdist/assets/DataTableActions.vue_vue_type_script_setup_true_lang-legacy-B2vU-U_j.js                  4.28 kB │ gzip:     1.23 kB
[35mn8n-editor-ui:build: [0mdist/assets/ForgotMyPasswordView-legacy-DUI1UZZX.js                                                  4.41 kB │ gzip:     1.28 kB
[35mn8n-editor-ui:build: [0mdist/assets/SetupView-legacy-BSACJy5Z.js                                                             4.41 kB │ gzip:     1.19 kB
[35mn8n-editor-ui:build: [0mdist/assets/templateActions-legacy-QCUxdD16.js                                                       4.50 kB │ gzip:     1.16 kB
[35mn8n-editor-ui:build: [0mdist/assets/EntityNotFound-legacy-C-s91JRE.js                                                        4.50 kB │ gzip:     1.28 kB
[35mn8n-editor-ui:build: [0mdist/assets/PageViewLayout-legacy-DVAmqQaN.js                                                        4.51 kB │ gzip:     1.19 kB
[35mn8n-editor-ui:build: [0mdist/assets/mcp.store-legacy-K5cs7dnp.js                                                             5.15 kB │ gzip:     1.23 kB
[35mn8n-editor-ui:build: [0mdist/assets/TableBase-legacy-BB9GPxcO.js                                                             5.64 kB │ gzip:     1.40 kB
[35mn8n-editor-ui:build: [0mdist/assets/SignupView-legacy-eMTknDTL.js                                                            5.78 kB │ gzip:     1.50 kB
[35mn8n-editor-ui:build: [0mdist/assets/InsightsPaywall-legacy-BeZFmESh.js                                                       5.81 kB │ gzip:     1.49 kB
[35mn8n-editor-ui:build: [0mdist/assets/SelectedItemsInfo-legacy-B_zaCZqO.js                                                     6.57 kB │ gzip:     1.66 kB
[35mn8n-editor-ui:build: [0mdist/assets/chartjs.utils-legacy-DdRDieyD.js                                                         6.64 kB │ gzip:     1.13 kB
[35mn8n-editor-ui:build: [0mdist/assets/ErrorView-legacy-DEBDY5S_.js                                                             6.67 kB │ gzip:     1.73 kB
[35mn8n-editor-ui:build: [0mdist/assets/useExecutionDebugging-legacy-DmXHVgBG.js                                                 6.73 kB │ gzip:     1.83 kB
[35mn8n-editor-ui:build: [0mdist/assets/ChangePasswordView-legacy-BtGRWQve.js                                                    6.74 kB │ gzip:     1.66 kB
[35mn8n-editor-ui:build: [0mdist/assets/Tags-legacy-CkIt2ztC.js                                                                  7.23 kB │ gzip:     1.94 kB
[35mn8n-editor-ui:build: [0mdist/assets/useWorkflowsCache-legacy-BF-Qr4d6.js                                                     7.84 kB │ gzip:     1.60 kB
[35mn8n-editor-ui:build: [0mdist/assets/index-legacy-jfTQPp_T.js                                                                 8.11 kB │ gzip:     1.97 kB
[35mn8n-editor-ui:build: [0mdist/assets/WorkflowExecutionsLandingPage-legacy-BYmZwgoX.js                                         8.85 kB │ gzip:     2.11 kB
[35mn8n-editor-ui:build: [0mdist/assets/AddDataTableModal-legacy-Cb5YtVko.js                                                     9.17 kB │ gzip:     2.28 kB
[35mn8n-editor-ui:build: [0mdist/assets/MainSidebarUserArea-legacy-CVuNWziP.js                                                   9.71 kB │ gzip:     2.35 kB
[35mn8n-editor-ui:build: [0mdist/assets/TemplatesView-legacy-Cc8h99Nk.js                                                        10.18 kB │ gzip:     1.91 kB
[35mn8n-editor-ui:build: [0mdist/assets/Logo-legacy-CGWJ5oZI.js                                                                 10.30 kB │ gzip:     2.94 kB
[35mn8n-editor-ui:build: [0mdist/assets/InfoAccordion-legacy-DQVJhwF2.js                                                        10.92 kB │ gzip:     2.53 kB
[35mn8n-editor-ui:build: [0mdist/assets/RunDataSearch-legacy-D6pBOv6E.js                                                        11.22 kB │ gzip:     2.79 kB
[35mn8n-editor-ui:build: [0mdist/assets/PrebuiltAgentTemplatesView-legacy-BYijmw7F.js                                           12.56 kB │ gzip:     2.53 kB
[35mn8n-editor-ui:build: [0mdist/assets/ProjectRolesView-legacy-BykCCTo7.js                                                     13.04 kB │ gzip:     3.03 kB
[35mn8n-editor-ui:build: [0mdist/assets/TemplatesWorkflowView-legacy-s5Hq1Y5n.js                                                13.09 kB │ gzip:     3.02 kB
[35mn8n-editor-ui:build: [0mdist/assets/TemplatesCollectionView-legacy-YOL-PZ46.js                                              13.77 kB │ gzip:     3.11 kB
[35mn8n-editor-ui:build: [0mdist/assets/WorkflowPreview-legacy-LMVBkrYS.js                                                      13.86 kB │ gzip:     2.98 kB
[35mn8n-editor-ui:build: [0mdist/assets/TemplateDetails-legacy-CNtfEjhe.js                                                      14.09 kB │ gzip:     2.60 kB
[35mn8n-editor-ui:build: [0mdist/assets/NodeCreation-legacy-DU4bkohI.js                                                         14.29 kB │ gzip:     3.24 kB
[35mn8n-editor-ui:build: [0mdist/assets/WorkflowExecutionsInfoAccordion-legacy-B8sufSSd.js                                      14.95 kB │ gzip:     3.24 kB
[35mn8n-editor-ui:build: [0mdist/assets/RunDataParsedAiContent-legacy-CE3tqQ7y.js                                               15.00 kB │ gzip:     3.67 kB
[35mn8n-editor-ui:build: [0mdist/assets/InsightsTableWorkflows-legacy-CmNTstaE.js                                               15.02 kB │ gzip:     3.56 kB
[35mn8n-editor-ui:build: [0mdist/assets/OAuthConsentView-legacy-197G30Q5.js                                                     16.01 kB │ gzip:     3.47 kB
[35mn8n-editor-ui:build: [0mdist/assets/SettingsProvisioningView-legacy-NFxrmSqv.js                                             16.03 kB │ gzip:     3.19 kB
[35mn8n-editor-ui:build: [0mdist/assets/InsightsSummary-legacy-Byjq-tJa.js                                                      16.94 kB │ gzip:     3.92 kB
[35mn8n-editor-ui:build: [0mdist/assets/SettingsExternalSecrets-legacy-Bj5XQ-aQ.js                                              17.63 kB │ gzip:     3.75 kB
[35mn8n-editor-ui:build: [0mdist/assets/RunDataJson-legacy-MXzfPl8l.js                                                          18.25 kB │ gzip:     3.77 kB
[35mn8n-editor-ui:build: [0mdist/assets/DataTableView-legacy-ZG4nVYdA.js                                                        19.03 kB │ gzip:     4.18 kB
[35mn8n-editor-ui:build: [0mdist/assets/SetupWorkflowFromTemplateView-legacy-DF6IJU5a.js                                        19.11 kB │ gzip:     4.10 kB
[35mn8n-editor-ui:build: [0mdist/assets/SettingsView-legacy-CqDQiHpG.js                                                         20.01 kB │ gzip:     3.64 kB
[35mn8n-editor-ui:build: [0mdist/assets/evaluation.constants-legacy-DxJFNNax.js                                                 20.24 kB │ gzip:     4.90 kB
[35mn8n-editor-ui:build: [0mdist/assets/readyToRunWorkflowsV2.store-legacy-C7A53Ajk.js                                          20.55 kB │ gzip:     4.39 kB
[35mn8n-editor-ui:build: [0mdist/assets/AuthView-legacy-B2N0SoKh.js                                                             20.97 kB │ gzip:     3.44 kB
[35mn8n-editor-ui:build: [0mdist/assets/SigninView-legacy-DBVkAjIn.js                                                           22.09 kB │ gzip:     4.73 kB
[35mn8n-editor-ui:build: [0mdist/assets/ProjectRoleView-legacy-CQzNKhQV.js                                                      22.46 kB │ gzip:     4.46 kB
[35mn8n-editor-ui:build: [0mdist/assets/FixedCollectionParameter-legacy-5TncJYp4.js                                             22.58 kB │ gzip:     4.51 kB
[35mn8n-editor-ui:build: [0mdist/assets/SettingsApiView-legacy-DRWHIIiW.js                                                      25.02 kB │ gzip:     4.89 kB
[35mn8n-editor-ui:build: [0mdist/assets/SettingsPersonalView-legacy-BM74ZjXe.js                                                 25.66 kB │ gzip:     4.95 kB
[35mn8n-editor-ui:build: [0mdist/assets/ChatAgentsView-legacy-DdiXqdM4.js                                                       26.16 kB │ gzip:     5.02 kB
[35mn8n-editor-ui:build: [0mdist/assets/TemplateList-legacy-BDZh5J2P.js                                                         27.56 kB │ gzip:     4.54 kB
[35mn8n-editor-ui:build: [0mdist/assets/SettingsCommunityNodesView-legacy-Ch-Ve5tW.js                                           28.08 kB │ gzip:     5.11 kB
[35mn8n-editor-ui:build: [0mdist/assets/SettingsLogStreamingView-legacy-ckALFLOQ.js                                             29.21 kB │ gzip:     5.55 kB
[35mn8n-editor-ui:build: [0mdist/assets/ProjectBreadcrumb-legacy-BMQEXgvF.js                                                    29.27 kB │ gzip:     5.18 kB
[35mn8n-editor-ui:build: [0mdist/assets/usePushConnection-legacy-DAhC2GSE.js                                                    30.50 kB │ gzip:     5.78 kB
[35mn8n-editor-ui:build: [0mdist/assets/ChatSidebar-legacy-DE0EHFMe.js                                                          30.82 kB │ gzip:     5.72 kB
[35mn8n-editor-ui:build: [0mdist/assets/WorkflowActivator-legacy-DemlEaPU.js                                                    31.28 kB │ gzip:     5.61 kB
[35mn8n-editor-ui:build: [0mdist/assets/SettingsSso-legacy-BXVAC1P8.js                                                          32.23 kB │ gzip:     5.65 kB
[35mn8n-editor-ui:build: [0mdist/assets/CredentialsView-legacy-B_9BLtyG.js                                                      33.27 kB │ gzip:     6.77 kB
[35mn8n-editor-ui:build: [0mdist/assets/SettingsUsageAndPlan-legacy-l9wkwc9r.js                                                 33.68 kB │ gzip:     5.68 kB
[35mn8n-editor-ui:build: [0mdist/assets/ProjectVariables-legacy-DcWaU_Da.js                                                     36.26 kB │ gzip:     6.70 kB
[35mn8n-editor-ui:build: [0mdist/assets/ChatAgentAvatar.vue_vue_type_script_setup_true_lang-legacy-Dv-VssZC.js                  36.30 kB │ gzip:     6.48 kB
[35mn8n-editor-ui:build: [0mdist/assets/EvaluationsView-legacy-BnEjEcM6.js                                                      37.69 kB │ gzip:     6.33 kB
[35mn8n-editor-ui:build: [0mdist/assets/SettingsSourceControl-legacy-DovuDlVe.js                                                38.35 kB │ gzip:     5.81 kB
[35mn8n-editor-ui:build: [0mdist/assets/ExecutionsTime.vue_vue_type_script_setup_true_lang-legacy-BRVFaC_L.js                   40.01 kB │ gzip:     6.19 kB
[35mn8n-editor-ui:build: [0mdist/assets/ProjectHeader-legacy-BqDo-4RR.js                                                        40.65 kB │ gzip:     7.09 kB
[35mn8n-editor-ui:build: [0mdist/assets/useChatCredentials-legacy-D3PsAaYu.js                                                   41.49 kB │ gzip:     7.10 kB
[35mn8n-editor-ui:build: [0mdist/assets/EvaluationsRootView-legacy-Dg1xjKnX.js                                                  43.03 kB │ gzip:     6.28 kB
[35mn8n-editor-ui:build: [0mdist/assets/WorkerView-legacy-CT84yQHK.js                                                           50.08 kB │ gzip:     6.99 kB
[35mn8n-editor-ui:build: [0mdist/assets/SettingsUsersView-legacy-C-wi8CJm.js                                                    51.47 kB │ gzip:     8.54 kB
[35mn8n-editor-ui:build: [0mdist/assets/TestRunDetailView-legacy-CXrjJTnN.js                                                    52.10 kB │ gzip:     8.55 kB
[35mn8n-editor-ui:build: [0mdist/assets/WorkflowExecutionsPreview-legacy-BPjCHpqr.js                                            52.55 kB │ gzip:     8.26 kB
[35mn8n-editor-ui:build: [0mdist/assets/RunDataTable-legacy-_qX2sQXD.js                                                         52.57 kB │ gzip:     9.48 kB
[35mn8n-editor-ui:build: [0mdist/assets/NavigationDropdown-legacy-FnXMBD1r.js                                                   53.46 kB │ gzip:    10.23 kB
[35mn8n-editor-ui:build: [0mdist/assets/WorkflowHistory-legacy-BKOC0p-U.js                                                      54.22 kB │ gzip:     8.97 kB
[35mn8n-editor-ui:build: [0mdist/assets/ExecutionsView-legacy-Dp_2tYtk.js                                                       57.93 kB │ gzip:     9.31 kB
[35mn8n-editor-ui:build: [0mdist/assets/NodeDetailsViewV2-legacy-Bui29WGK.js                                                    59.45 kB │ gzip:    11.39 kB
[35mn8n-editor-ui:build: [0mdist/assets/WorkflowExecutionsView-legacy-CYSBcrVY.js                                               61.12 kB │ gzip:     9.82 kB
[35mn8n-editor-ui:build: [0mdist/assets/useLogsTreeExpand-legacy-mkPT4P3V.js                                                    62.07 kB │ gzip:    12.25 kB
[35mn8n-editor-ui:build: [0mdist/assets/xml-legacy-BGx6LbMV.js                                                                  67.23 kB │ gzip:    12.36 kB
[35mn8n-editor-ui:build: [0mdist/assets/NodeDetailsView-legacy-Be5wSt5m.js                                                      71.28 kB │ gzip:    12.21 kB
[35mn8n-editor-ui:build: [0mdist/assets/ResourcesListLayout-legacy-bWoRi6VH.js                                                  71.65 kB │ gzip:    12.09 kB
[35mn8n-editor-ui:build: [0mdist/assets/SettingsMCPView-legacy-B6Uj6Wt3.js                                                      74.74 kB │ gzip:     8.98 kB
[35mn8n-editor-ui:build: [0mdist/assets/readyToRunWorkflows.store-legacy-pIEIWVex.js                                            80.94 kB │ gzip:    15.40 kB
[35mn8n-editor-ui:build: [0mdist/assets/ChatView-legacy-2Coz24md.js                                                             81.68 kB │ gzip:    13.05 kB
[35mn8n-editor-ui:build: [0mdist/assets/ProjectSettings-legacy-Yjo7pPqi.js                                                      83.98 kB │ gzip:    14.18 kB
[35mn8n-editor-ui:build: [0mdist/assets/MainSidebar-legacy-CzVemMl5.js                                                          85.05 kB │ gzip:    12.95 kB
[35mn8n-editor-ui:build: [0mdist/assets/SettingsLdapView-legacy-BnTO9BF9.js                                                     85.15 kB │ gzip:    16.94 kB
[35mn8n-editor-ui:build: [0mdist/assets/TemplatesSearchView-legacy-CGf6mQzp.js                                                  87.00 kB │ gzip:    14.99 kB
[35mn8n-editor-ui:build: [0mdist/assets/core-legacy-CtaSLvSz.js                                                                 94.51 kB │ gzip:    23.35 kB
[35mn8n-editor-ui:build: [0mdist/assets/TriggerPanel-legacy-9_5fjX1z.js                                                        107.80 kB │ gzip:    16.00 kB
[35mn8n-editor-ui:build: [0mdist/assets/NodeCreator-legacy-D7lcCHla.js                                                         120.96 kB │ gzip:    18.71 kB
[35mn8n-editor-ui:build: [0mdist/assets/MainHeader-legacy-DIOOU0UP.js                                                          137.17 kB │ gzip:    22.32 kB
[35mn8n-editor-ui:build: [0mdist/assets/NodeView-legacy-D0zicg8Y.js                                                            160.82 kB │ gzip:    27.53 kB
[35mn8n-editor-ui:build: [0mdist/assets/polyfills-legacy-CDXOjrG2.js                                                           190.50 kB │ gzip:    45.29 kB
[35mn8n-editor-ui:build: [0mdist/assets/WorkflowsView-legacy-BaW4xCqa.js                                                       212.28 kB │ gzip:    29.36 kB
[35mn8n-editor-ui:build: [0mdist/assets/RunDataJsonActions-legacy-8SWyYurI.js                                                  277.80 kB │ gzip:    42.31 kB
[35mn8n-editor-ui:build: [0mdist/assets/LogsPanel-legacy-Bs7PBPRr.js                                                           291.60 kB │ gzip:    44.57 kB
[35mn8n-editor-ui:build: [0mdist/assets/InsightsDashboard-legacy-CPSNB4Ty.js                                                   346.50 kB │ gzip:    52.66 kB
[35mn8n-editor-ui:build: [0mdist/assets/languageModules-legacy-C8WrM6PE.js                                                     464.31 kB │ gzip:   119.20 kB
[35mn8n-editor-ui:build: [0mdist/assets/useImportCurlCommand-legacy-D93LCtze.js                                                482.75 kB │ gzip:    86.81 kB
[35mn8n-editor-ui:build: [0mdist/assets/index-legacy-Bkwn6fAf.js                                                             1,528.65 kB │ gzip:   409.75 kB
[35mn8n-editor-ui:build: [0mdist/assets/DataTableDetailsView-legacy-aEBZ0NSd.js                                              2,394.42 kB │ gzip:   429.88 kB
[35mn8n-editor-ui:build: [0mdist/assets/index-legacy-BhzVUyuw.js                                                            20,939.63 kB │ gzip: 3,852.73 kB
[35mn8n-editor-ui:build: [0m[plugin:vite:reporter] [plugin vite:reporter] 
[35mn8n-editor-ui:build: [0m(!) /media/krist/CrucialX9/cursor-projects/projects/Project05/n8n/packages/frontend/@n8n/design-system/src/locale/lang/en.ts is dynamically imported by /media/krist/CrucialX9/cursor-projects/projects/Project05/n8n/packages/frontend/@n8n/design-system/src/locale/index.ts but also statically imported by /media/krist/CrucialX9/cursor-projects/projects/Project05/n8n/packages/frontend/@n8n/design-system/src/locale/index.ts, dynamic import will not move module into another chunk.
[35mn8n-editor-ui:build: [0m
[35mn8n-editor-ui:build: [0m[plugin:vite:reporter] [plugin vite:reporter] 
[35mn8n-editor-ui:build: [0m(!) /media/krist/CrucialX9/cursor-projects/projects/Project05/n8n/packages/frontend/editor-ui/src/features/ndv/runData/components/VirtualSchema.vue is dynamically imported by /media/krist/CrucialX9/cursor-projects/projects/Project05/n8n/packages/frontend/editor-ui/src/features/ndv/runData/components/RunData.vue?vue&type=script&setup=true&lang.ts but also statically imported by /media/krist/CrucialX9/cursor-projects/projects/Project05/n8n/packages/frontend/editor-ui/src/features/ndv/parameters/components/ExpressionEditModal.vue?vue&type=script&setup=true&lang.ts, dynamic import will not move module into another chunk.
[35mn8n-editor-ui:build: [0m
[35mn8n-editor-ui:build: [0m[plugin:vite:reporter] [plugin vite:reporter] 
[35mn8n-editor-ui:build: [0m(!) /media/krist/CrucialX9/cursor-projects/projects/Project05/n8n/packages/frontend/editor-ui/src/features/ndv/runData/components/RunDataHtml.vue is dynamically imported by /media/krist/CrucialX9/cursor-projects/projects/Project05/n8n/packages/frontend/editor-ui/src/features/ndv/runData/components/RunData.vue?vue&type=script&setup=true&lang.ts but also statically imported by /media/krist/CrucialX9/cursor-projects/projects/Project05/n8n/packages/frontend/editor-ui/src/features/ndv/runData/components/BinaryDataDisplayEmbed.vue?vue&type=script&setup=true&lang.ts, dynamic import will not move module into another chunk.
[35mn8n-editor-ui:build: [0m
[35mn8n-editor-ui:build: [0mdist/index.html                                                                               2.06 kB │ gzip:     0.98 kB
[35mn8n-editor-ui:build: [0mdist/assets/sqlite3-opfs-async-proxy-CYRFPDln.js                                             18.56 kB
[35mn8n-editor-ui:build: [0mdist/assets/element-icons-B-tDfklg.woff                                                      28.20 kB
[35mn8n-editor-ui:build: [0mdist/assets/element-icons-_lZGOqcG.ttf                                                       55.96 kB
[35mn8n-editor-ui:build: [0mdist/assets/CommitMonoVariable-ytizKI8U.woff2                                                86.77 kB
[35mn8n-editor-ui:build: [0mdist/assets/doppler-B__k0MeW.webp                                                           315.06 kB
[35mn8n-editor-ui:build: [0mdist/assets/InterVariable-DiVDrmQJ.woff2                                                    352.24 kB
[35mn8n-editor-ui:build: [0mdist/assets/InterVariable-Italic-FCBEiFp6.woff2                                             387.98 kB
[35mn8n-editor-ui:build: [0mdist/assets/sqlite3-worker1-bundler-friendly-DF3WqBKq.js                                    433.40 kB
[35mn8n-editor-ui:build: [0mdist/assets/worker-CvvDFD6a.js                                                              449.72 kB
[35mn8n-editor-ui:build: [0mdist/assets/sqlite3-DBpDb1lf.wasm                                                           856.45 kB
[35mn8n-editor-ui:build: [0mdist/assets/typescript.worker-Bi2sWA3l.js                                                 9,750.16 kB
[35mn8n-editor-ui:build: [0mdist/assets/ProjectRolesView-Bpk_JP1z.css                                                     0.19 kB │ gzip:     0.16 kB
[35mn8n-editor-ui:build: [0mdist/assets/EntityNotFound-D6gi5ngN.css                                                       0.19 kB │ gzip:     0.16 kB
[35mn8n-editor-ui:build: [0mdist/assets/EntityUnAuthorised-D3XTbU6Y.css                                                   0.20 kB │ gzip:     0.16 kB
[35mn8n-editor-ui:build: [0mdist/assets/AnimatedSpinner-CoP6Lyme.css                                                      0.57 kB │ gzip:     0.19 kB
[35mn8n-editor-ui:build: [0mdist/assets/ProjectRoleView-Ds9qdhh9.css                                                      0.86 kB │ gzip:     0.42 kB
[35mn8n-editor-ui:build: [0mdist/assets/RunDataJsonActions-CZx7rSSE.css                                                   2.65 kB │ gzip:     0.53 kB
[35mn8n-editor-ui:build: [0mdist/assets/InsightsPaywall-CE5W3W4m.css                                                      2.71 kB │ gzip:     0.57 kB
[35mn8n-editor-ui:build: [0mdist/assets/AddDataTableModal-BzS5Yqag.css                                                    2.74 kB │ gzip:     0.56 kB
[35mn8n-editor-ui:build: [0mdist/assets/PageViewLayout-Cn6FD0Wt.css                                                       2.90 kB │ gzip:     0.63 kB
[35mn8n-editor-ui:build: [0mdist/assets/ErrorView-D2OMvGTk.css                                                            2.93 kB │ gzip:     0.63 kB
[35mn8n-editor-ui:build: [0mdist/assets/NodeCreation-CKa3G1zA.css                                                         2.94 kB │ gzip:     0.66 kB
[35mn8n-editor-ui:build: [0mdist/assets/SelectedItemsInfo-DDbNnY7M.css                                                    2.97 kB │ gzip:     0.65 kB
[35mn8n-editor-ui:build: [0mdist/assets/WorkflowExecutionsLandingPage-DMldlKod.css                                        2.98 kB │ gzip:     0.64 kB
[35mn8n-editor-ui:build: [0mdist/assets/Tags-6vh_jPIG.css                                                                 3.06 kB │ gzip:     0.68 kB
[35mn8n-editor-ui:build: [0mdist/assets/TemplatesCollectionView-klb8FT9y.css                                              3.07 kB │ gzip:     0.67 kB
[35mn8n-editor-ui:build: [0mdist/assets/SigninView-BQgsTN8o.css                                                           3.07 kB │ gzip:     0.68 kB
[35mn8n-editor-ui:build: [0mdist/assets/SetupWorkflowFromTemplateView-CU2iGJTa.css                                        3.10 kB │ gzip:     0.68 kB
[35mn8n-editor-ui:build: [0mdist/assets/SettingsExternalSecrets-CaiOf7cD.css                                              3.11 kB │ gzip:     0.66 kB
[35mn8n-editor-ui:build: [0mdist/assets/WorkflowPreview-CYpzxJej.css                                                      3.17 kB │ gzip:     0.72 kB
[35mn8n-editor-ui:build: [0mdist/assets/SettingsLdapView-BuamZyhu.css                                                     3.26 kB │ gzip:     0.71 kB
[35mn8n-editor-ui:build: [0mdist/assets/DataTableView-ByKnlVtU.css                                                        3.29 kB │ gzip:     0.79 kB
[35mn8n-editor-ui:build: [0mdist/assets/TemplatesWorkflowView-CBjRBbmw.css                                                3.29 kB │ gzip:     0.74 kB
[35mn8n-editor-ui:build: [0mdist/assets/RunDataSearch-BvNE3iVy.css                                                        3.30 kB │ gzip:     0.73 kB
[35mn8n-editor-ui:build: [0mdist/assets/WorkflowExecutionsInfoAccordion-CEOvJ-SX.css                                      3.32 kB │ gzip:     0.75 kB
[35mn8n-editor-ui:build: [0mdist/assets/InsightsTableWorkflows-BpSKLmUy.css                                               3.33 kB │ gzip:     0.77 kB
[35mn8n-editor-ui:build: [0mdist/assets/MainSidebarUserArea-yJKeCkOz.css                                                  3.34 kB │ gzip:     0.71 kB
[35mn8n-editor-ui:build: [0mdist/assets/SettingsSso-w7Iz4Luy.css                                                          3.40 kB │ gzip:     0.71 kB
[35mn8n-editor-ui:build: [0mdist/assets/PrebuiltAgentTemplatesView-jF7HvWnL.css                                           3.40 kB │ gzip:     0.76 kB
[35mn8n-editor-ui:build: [0mdist/assets/SettingsProvisioningView-DM_lGd_h.css                                             3.47 kB │ gzip:     0.76 kB
[35mn8n-editor-ui:build: [0mdist/assets/Logo-BU1oDo5-.css                                                                 3.50 kB │ gzip:     0.75 kB
[35mn8n-editor-ui:build: [0mdist/assets/SettingsPersonalView-DEpYU3TT.css                                                 3.51 kB │ gzip:     0.83 kB
[35mn8n-editor-ui:build: [0mdist/assets/InfoAccordion-BuKidEQb.css                                                        3.74 kB │ gzip:     0.79 kB
[35mn8n-editor-ui:build: [0mdist/assets/RunDataParsedAiContent-CvjNCtpG.css                                               3.95 kB │ gzip:     0.76 kB
[35mn8n-editor-ui:build: [0mdist/assets/TableBase-CUZbI5pm.css                                                            3.96 kB │ gzip:     0.84 kB
[35mn8n-editor-ui:build: [0mdist/assets/evaluation-CGxdCHrN.css                                                           4.13 kB │ gzip:     0.93 kB
[35mn8n-editor-ui:build: [0mdist/assets/OAuthConsentView-CAo1HJBV.css                                                     4.28 kB │ gzip:     0.93 kB
[35mn8n-editor-ui:build: [0mdist/assets/NavigationDropdown-DCLui8Ar.css                                                   4.40 kB │ gzip:     0.96 kB
[35mn8n-editor-ui:build: [0mdist/assets/FixedCollectionParameter-CgkIJeik.css                                             5.10 kB │ gzip:     0.97 kB
[35mn8n-editor-ui:build: [0mdist/assets/TemplateDetails-DfyKyMyy.css                                                      5.40 kB │ gzip:     0.65 kB
[35mn8n-editor-ui:build: [0mdist/assets/InsightsSummary-D4HBxG4I.css                                                      5.89 kB │ gzip:     1.29 kB
[35mn8n-editor-ui:build: [0mdist/assets/TemplatesView-iSPzXjQB.css                                                        5.93 kB │ gzip:     0.83 kB
[35mn8n-editor-ui:build: [0mdist/assets/SettingsView-6sirGv9l.css                                                         6.02 kB │ gzip:     0.86 kB
[35mn8n-editor-ui:build: [0mdist/assets/SettingsLogStreamingView-xo-rTSA0.css                                             6.03 kB │ gzip:     0.91 kB
[35mn8n-editor-ui:build: [0mdist/assets/CredentialsView-BDOl2A0w.css                                                      6.03 kB │ gzip:     0.91 kB
[35mn8n-editor-ui:build: [0mdist/assets/ProjectHeader-CY-3wSig.css                                                        6.47 kB │ gzip:     1.01 kB
[35mn8n-editor-ui:build: [0mdist/assets/SettingsCommunityNodesView-m7kLUpJK.css                                           6.49 kB │ gzip:     0.98 kB
[35mn8n-editor-ui:build: [0mdist/assets/SettingsApiView-Dtl_N9mK.css                                                      6.65 kB │ gzip:     1.05 kB
[35mn8n-editor-ui:build: [0mdist/assets/SettingsSourceControl-C6pfOcuv.css                                                6.93 kB │ gzip:     1.06 kB
[35mn8n-editor-ui:build: [0mdist/assets/ChatAgentsView-Be_TXcAc.css                                                       7.25 kB │ gzip:     1.17 kB
[35mn8n-editor-ui:build: [0mdist/assets/RunDataJson-LufoUTRy.css                                                          7.26 kB │ gzip:     1.11 kB
[35mn8n-editor-ui:build: [0mdist/assets/WorkflowActivator-DSgMORP6.css                                                    8.03 kB │ gzip:     0.79 kB
[35mn8n-editor-ui:build: [0mdist/assets/NodeDetailsViewV2-Ckt2LIo-.css                                                    8.21 kB │ gzip:     1.44 kB
[35mn8n-editor-ui:build: [0mdist/assets/ProjectVariables-eH7fm87s.css                                                     8.87 kB │ gzip:     1.07 kB
[35mn8n-editor-ui:build: [0mdist/assets/useChatCredentials-AjXB38tk.css                                                   8.92 kB │ gzip:     0.98 kB
[35mn8n-editor-ui:build: [0mdist/assets/SettingsUsersView-CfJcVjkl.css                                                    9.32 kB │ gzip:     1.16 kB
[35mn8n-editor-ui:build: [0mdist/assets/AuthView-BvfgleDU.css                                                             9.45 kB │ gzip:     1.10 kB
[35mn8n-editor-ui:build: [0mdist/assets/SettingsUsageAndPlan-DLcBOCSU.css                                                 9.84 kB │ gzip:     1.23 kB
[35mn8n-editor-ui:build: [0mdist/assets/ExecutionsTime-BpajgDjV.css                                                       9.95 kB │ gzip:     1.26 kB
[35mn8n-editor-ui:build: [0mdist/assets/ChatSidebar-DGlWPwKB.css                                                         10.02 kB │ gzip:     1.31 kB
[35mn8n-editor-ui:build: [0mdist/assets/TemplateList-CNUtq0N7.css                                                        10.03 kB │ gzip:     1.22 kB
[35mn8n-editor-ui:build: [0mdist/assets/RunDataTable-Dh53viTT.css                                                        10.38 kB │ gzip:     1.78 kB
[35mn8n-editor-ui:build: [0mdist/assets/ProjectBreadcrumb-D6RhmlWn.css                                                   10.49 kB │ gzip:     1.52 kB
[35mn8n-editor-ui:build: [0mdist/assets/ExecutionsView-DP5OXlS4.css                                                      11.05 kB │ gzip:     1.06 kB
[35mn8n-editor-ui:build: [0mdist/assets/EvaluationsView-CmcDUAS_.css                                                     12.06 kB │ gzip:     1.29 kB
[35mn8n-editor-ui:build: [0mdist/assets/EvaluationsRootView-BVNlhh2l.css                                                 12.34 kB │ gzip:     1.29 kB
[35mn8n-editor-ui:build: [0mdist/assets/useLogsTreeExpand-nZMKe2ps.css                                                   12.62 kB │ gzip:     1.85 kB
[35mn8n-editor-ui:build: [0mdist/assets/InsightsDashboard-DVUf36Sj.css                                                   13.01 kB │ gzip:     2.63 kB
[35mn8n-editor-ui:build: [0mdist/assets/ResourcesListLayout-BXBf2iZI.css                                                 13.57 kB │ gzip:     1.51 kB
[35mn8n-editor-ui:build: [0mdist/assets/NodeDetailsView-DKKIPSTh.css                                                     13.83 kB │ gzip:     1.64 kB
[35mn8n-editor-ui:build: [0mdist/assets/WorkflowHistory-BmerBiKz.css                                                     14.42 kB │ gzip:     1.59 kB
[35mn8n-editor-ui:build: [0mdist/assets/WorkflowExecutionsPreview-BkXT82z5.css                                           15.46 kB │ gzip:     1.94 kB
[35mn8n-editor-ui:build: [0mdist/assets/TestRunDetailView-v7WLWuoV.css                                                   15.63 kB │ gzip:     2.09 kB
[35mn8n-editor-ui:build: [0mdist/assets/ProjectSettings-egwfMxVR.css                                                     16.53 kB │ gzip:     1.74 kB
[35mn8n-editor-ui:build: [0mdist/assets/WorkflowExecutionsView-J4lWGYW8.css                                              16.60 kB │ gzip:     1.85 kB
[35mn8n-editor-ui:build: [0mdist/assets/TemplatesSearchView-BfT0LMil.css                                                 19.50 kB │ gzip:     1.95 kB
[35mn8n-editor-ui:build: [0mdist/assets/WorkerView-4m_NaoAx.css                                                          20.17 kB │ gzip:     1.38 kB
[35mn8n-editor-ui:build: [0mdist/assets/NodeView-CWnWjKd7.css                                                            22.46 kB │ gzip:     2.44 kB
[35mn8n-editor-ui:build: [0mdist/assets/MainSidebar-C1EzMT9e.css                                                         23.48 kB │ gzip:     2.16 kB
[35mn8n-editor-ui:build: [0mdist/assets/ChatView-Ctp_FNhB.css                                                            25.42 kB │ gzip:     2.65 kB
[35mn8n-editor-ui:build: [0mdist/assets/SettingsMCPView-i0UCOUwF.css                                                     26.03 kB │ gzip:     1.82 kB
[35mn8n-editor-ui:build: [0mdist/assets/DataTableDetailsView-D4DdqXoL.css                                                29.61 kB │ gzip:     2.66 kB
[35mn8n-editor-ui:build: [0mdist/assets/MainHeader-DC5OqiPp.css                                                          30.02 kB │ gzip:     2.83 kB
[35mn8n-editor-ui:build: [0mdist/assets/TriggerPanel-XZYM_Vus.css                                                        32.52 kB │ gzip:     2.91 kB
[35mn8n-editor-ui:build: [0mdist/assets/WorkflowsView-2XTsT7zB.css                                                       36.18 kB │ gzip:     2.69 kB
[35mn8n-editor-ui:build: [0mdist/assets/NodeCreator-JpUhf2LN.css                                                         36.27 kB │ gzip:     3.17 kB
[35mn8n-editor-ui:build: [0mdist/assets/LogsPanel-ChM46qqj.css                                                           89.04 kB │ gzip:     7.29 kB
[35mn8n-editor-ui:build: [0mdist/assets/index-D6mRoDum.css                                                            1,489.48 kB │ gzip:   117.16 kB
[35mn8n-editor-ui:build: [0mdist/assets/CollectionParameter-HwwVJiis.js                                                   0.09 kB │ gzip:     0.10 kB
[35mn8n-editor-ui:build: [0mdist/assets/global-link-actions-DkjIFXF8.js                                                   0.16 kB │ gzip:     0.13 kB
[35mn8n-editor-ui:build: [0mdist/assets/_commonjs-dynamic-modules-TGKdzP3c.js                                             0.29 kB │ gzip:     0.21 kB
[35mn8n-editor-ui:build: [0mdist/assets/useAgent-C7Wgo4-K.js                                                              0.40 kB │ gzip:     0.26 kB
[35mn8n-editor-ui:build: [0mdist/assets/pickBy-CQwvt47S.js                                                                0.69 kB │ gzip:     0.35 kB
[35mn8n-editor-ui:build: [0mdist/assets/VueMarkdown-CzLgG3Dx.js                                                           0.70 kB │ gzip:     0.37 kB
[35mn8n-editor-ui:build: [0mdist/assets/PageViewLayout-Dateq47C.js                                                        0.82 kB │ gzip:     0.42 kB
[35mn8n-editor-ui:build: [0mdist/assets/DemoFooter-V8CesSDM.js                                                            0.85 kB │ gzip:     0.48 kB
[35mn8n-editor-ui:build: [0mdist/assets/SignoutView-BgqQjK7g.js                                                           0.86 kB │ gzip:     0.46 kB
[35mn8n-editor-ui:build: [0mdist/assets/TableBase-B4L1azDI.js                                                             0.86 kB │ gzip:     0.42 kB
[35mn8n-editor-ui:build: [0mdist/assets/useIntersectionObserver-DhHr18yf.js                                               0.88 kB │ gzip:     0.36 kB
[35mn8n-editor-ui:build: [0mdist/assets/useBeforeUnload-D7oGpu4I.js                                                       1.29 kB │ gzip:     0.52 kB
[35mn8n-editor-ui:build: [0mdist/assets/EmptySharedSectionActionBox.vue_vue_type_script_setup_true_lang-Ba7ul1Cv.js       1.35 kB │ gzip:     0.67 kB
[35mn8n-editor-ui:build: [0mdist/assets/AnimatedSpinner-DuODb9Yf.js                                                       1.52 kB │ gzip:     0.56 kB
[35mn8n-editor-ui:build: [0mdist/assets/PushConnectionTracker.vue_vue_type_script_setup_true_lang-ZpHUj9kq.js             1.82 kB │ gzip:     0.76 kB
[35mn8n-editor-ui:build: [0mdist/assets/InsightsChartFailed-BwCb_hF0.js                                                   1.85 kB │ gzip:     0.82 kB
[35mn8n-editor-ui:build: [0mdist/assets/InsightsChartTotal-Qzl8kbfo.js                                                    1.97 kB │ gzip:     0.83 kB
[35mn8n-editor-ui:build: [0mdist/assets/InsightsPaywall-BDlYfvRK.js                                                       2.01 kB │ gzip:     0.74 kB
[35mn8n-editor-ui:build: [0mdist/assets/InsightsChartFailureRate-ZNZ-9K4r.js                                              2.03 kB │ gzip:     0.89 kB
[35mn8n-editor-ui:build: [0mdist/assets/AnnotationTagsDropdown.ee.vue_vue_type_script_setup_true_lang-BURS0kqm.js         2.08 kB │ gzip:     0.82 kB
[35mn8n-editor-ui:build: [0mdist/assets/SamlOnboarding-B13NMmjE.js                                                        2.13 kB │ gzip:     0.84 kB
[35mn8n-editor-ui:build: [0mdist/assets/WorkflowOnboardingView-D2dM27Oh.js                                                2.17 kB │ gzip:     0.78 kB
[35mn8n-editor-ui:build: [0mdist/assets/InsightsChartAverageRuntime-BT8helth.js                                           2.24 kB │ gzip:     0.97 kB
[35mn8n-editor-ui:build: [0mdist/assets/SetupWorkflowCredentialsButton-CZwOkRwy.js                                        2.27 kB │ gzip:     0.89 kB
[35mn8n-editor-ui:build: [0mdist/assets/SelectedItemsInfo-CSl7tHK-.js                                                     2.33 kB │ gzip:     0.84 kB
[35mn8n-editor-ui:build: [0mdist/assets/InsightsChartTimeSaved-CAsXFZH6.js                                                2.46 kB │ gzip:     1.04 kB
[35mn8n-editor-ui:build: [0mdist/assets/ErrorView-iEi9Elpa.js                                                             2.47 kB │ gzip:     0.91 kB
[35mn8n-editor-ui:build: [0mdist/assets/Tags-Bbv1tmV0.js                                                                  2.54 kB │ gzip:     1.03 kB
[35mn8n-editor-ui:build: [0mdist/assets/TemplatesView-g1GDMrP_.js                                                         2.79 kB │ gzip:     0.92 kB
[35mn8n-editor-ui:build: [0mdist/assets/DataTableActions.vue_vue_type_script_setup_true_lang--5K7bCY9.js                  3.04 kB │ gzip:     1.07 kB
[35mn8n-editor-ui:build: [0mdist/assets/EntityUnAuthorised-eK5Li15m.js                                                    3.05 kB │ gzip:     1.07 kB
[35mn8n-editor-ui:build: [0mdist/assets/templateActions-DyxMJoA1.js                                                       3.14 kB │ gzip:     1.02 kB
[35mn8n-editor-ui:build: [0mdist/assets/ForgotMyPasswordView-DMlxrriC.js                                                  3.20 kB │ gzip:     1.12 kB
[35mn8n-editor-ui:build: [0mdist/assets/SetupView-C63R-fsW.js                                                             3.22 kB │ gzip:     1.04 kB
[35mn8n-editor-ui:build: [0mdist/assets/EntityNotFound-BQKAm0oS.js                                                        3.41 kB │ gzip:     0.98 kB
[35mn8n-editor-ui:build: [0mdist/assets/mcp.store-Cpqo1P3P.js                                                             3.93 kB │ gzip:     1.13 kB
[35mn8n-editor-ui:build: [0mdist/assets/WorkflowExecutionsLandingPage-CTMpaSUC.js                                         4.30 kB │ gzip:     1.25 kB
[35mn8n-editor-ui:build: [0mdist/assets/SignupView-Chf8A78u.js                                                            4.33 kB │ gzip:     1.35 kB
[35mn8n-editor-ui:build: [0mdist/assets/AddDataTableModal-DBJvOIeu.js                                                     4.71 kB │ gzip:     1.48 kB
[35mn8n-editor-ui:build: [0mdist/assets/MainSidebarUserArea-B4c1EDi2.js                                                   4.73 kB │ gzip:     1.45 kB
[35mn8n-editor-ui:build: [0mdist/assets/Logo-KD-P_KOY.js                                                                  5.03 kB │ gzip:     1.98 kB
[35mn8n-editor-ui:build: [0mdist/assets/ChangePasswordView-DfHS-xC7.js                                                    5.04 kB │ gzip:     1.51 kB
[35mn8n-editor-ui:build: [0mdist/assets/useExecutionDebugging-DoDg4Ns3.js                                                 5.11 kB │ gzip:     1.67 kB
[35mn8n-editor-ui:build: [0mdist/assets/chartjs.utils-CCOpf1o0.js                                                         5.31 kB │ gzip:     1.02 kB
[35mn8n-editor-ui:build: [0mdist/assets/RunDataSearch-CBJaUwSi.js                                                         5.47 kB │ gzip:     1.81 kB
[35mn8n-editor-ui:build: [0mdist/assets/InfoAccordion-BoHLXKjZ.js                                                         5.57 kB │ gzip:     1.54 kB
[35mn8n-editor-ui:build: [0mdist/assets/index-Co5SUdhK.js                                                                 5.76 kB │ gzip:     1.72 kB
[35mn8n-editor-ui:build: [0mdist/assets/useWorkflowsCache-YF4C0Rlo.js                                                     5.92 kB │ gzip:     1.45 kB
[35mn8n-editor-ui:build: [0mdist/assets/TemplateDetails-pbfkd-ou.js                                                       6.86 kB │ gzip:     1.72 kB
[35mn8n-editor-ui:build: [0mdist/assets/TemplatesWorkflowView-CpV5aE7e.js                                                 7.76 kB │ gzip:     2.05 kB
[35mn8n-editor-ui:build: [0mdist/assets/WorkflowPreview-DGd2tF9M.js                                                       7.96 kB │ gzip:     2.06 kB
[35mn8n-editor-ui:build: [0mdist/assets/TemplatesCollectionView-DQxFnikn.js                                               8.15 kB │ gzip:     2.20 kB
[35mn8n-editor-ui:build: [0mdist/assets/PrebuiltAgentTemplatesView-CQKbh-G1.js                                            8.15 kB │ gzip:     1.62 kB
[35mn8n-editor-ui:build: [0mdist/assets/RunDataParsedAiContent-DPNn89pV.js                                                8.43 kB │ gzip:     2.62 kB
[35mn8n-editor-ui:build: [0mdist/assets/RunDataJson-DX4xnH4U.js                                                           8.49 kB │ gzip:     2.51 kB
[35mn8n-editor-ui:build: [0mdist/assets/AuthView-Cj0zJV87.js                                                              8.57 kB │ gzip:     2.13 kB
[35mn8n-editor-ui:build: [0mdist/assets/NodeCreation-CZnEnyyO.js                                                          8.75 kB │ gzip:     2.39 kB
[35mn8n-editor-ui:build: [0mdist/assets/WorkflowExecutionsInfoAccordion-BTfja4G6.js                                       9.05 kB │ gzip:     2.22 kB
[35mn8n-editor-ui:build: [0mdist/assets/InsightsTableWorkflows-CheFa9P6.js                                                9.34 kB │ gzip:     2.56 kB
[35mn8n-editor-ui:build: [0mdist/assets/OAuthConsentView-C_sn3MXK.js                                                      9.74 kB │ gzip:     2.36 kB
[35mn8n-editor-ui:build: [0mdist/assets/InsightsSummary-S4IqQZLD.js                                                       9.86 kB │ gzip:     2.50 kB
[35mn8n-editor-ui:build: [0mdist/assets/SettingsView-BhUVLEcC.js                                                          9.99 kB │ gzip:     2.51 kB
[35mn8n-editor-ui:build: [0mdist/assets/ProjectRolesView-C4qe5Zgo.js                                                     10.01 kB │ gzip:     2.62 kB
[35mn8n-editor-ui:build: [0mdist/assets/SettingsProvisioningView-BCUpCiyS.js                                             10.30 kB │ gzip:     2.23 kB
[35mn8n-editor-ui:build: [0mdist/assets/SettingsExternalSecrets-BMqbQIUV.js                                              11.82 kB │ gzip:     2.88 kB
[35mn8n-editor-ui:build: [0mdist/assets/evaluation.constants-yaKF_XGs.js                                                 12.56 kB │ gzip:     3.69 kB
[35mn8n-editor-ui:build: [0mdist/assets/SetupWorkflowFromTemplateView-B9XVgTnE.js                                        12.69 kB │ gzip:     3.12 kB
[35mn8n-editor-ui:build: [0mdist/assets/DataTableView-Bj_1GJbE.js                                                        12.93 kB │ gzip:     3.12 kB
[35mn8n-editor-ui:build: [0mdist/assets/TemplateList-dmgzSJl8.js                                                         13.73 kB │ gzip:     3.13 kB
[35mn8n-editor-ui:build: [0mdist/assets/SettingsApiView-BFRxP-ZW.js                                                      14.85 kB │ gzip:     3.62 kB
[35mn8n-editor-ui:build: [0mdist/assets/FixedCollectionParameter-DQ0fhnHI.js                                             14.98 kB │ gzip:     3.36 kB
[35mn8n-editor-ui:build: [0mdist/assets/ProjectBreadcrumb-R33_2Yb0.js                                                    15.09 kB │ gzip:     3.50 kB
[35mn8n-editor-ui:build: [0mdist/assets/SigninView-C3TQUNyj.js                                                           15.10 kB │ gzip:     3.75 kB
[35mn8n-editor-ui:build: [0mdist/assets/ChatAgentsView-DacXA2xk.js                                                       15.49 kB │ gzip:     3.61 kB
[35mn8n-editor-ui:build: [0mdist/assets/ChatSidebar-B8yO5CFd.js                                                          16.05 kB │ gzip:     4.09 kB
[35mn8n-editor-ui:build: [0mdist/assets/readyToRunWorkflowsV2.store-DUZFqyj2.js                                          17.32 kB │ gzip:     4.21 kB
[35mn8n-editor-ui:build: [0mdist/assets/SettingsCommunityNodesView-BnScoARA.js                                           18.05 kB │ gzip:     3.89 kB
[35mn8n-editor-ui:build: [0mdist/assets/ProjectRoleView-DvWCutmZ.js                                                      18.44 kB │ gzip:     3.88 kB
[35mn8n-editor-ui:build: [0mdist/assets/WorkflowActivator-B_RjZNn_.js                                                    18.60 kB │ gzip:     4.54 kB
[35mn8n-editor-ui:build: [0mdist/assets/SettingsPersonalView-1x4DGO6D.js                                                 18.73 kB │ gzip:     3.89 kB
[35mn8n-editor-ui:build: [0mdist/assets/SettingsLogStreamingView-D-HQamn2.js                                             19.28 kB │ gzip:     4.34 kB
[35mn8n-editor-ui:build: [0mdist/assets/EvaluationsView-DbzaasCX.js                                                      20.56 kB │ gzip:     4.82 kB
[35mn8n-editor-ui:build: [0mdist/assets/SettingsUsageAndPlan-DM-rhvx5.js                                                 20.61 kB │ gzip:     4.28 kB
[35mn8n-editor-ui:build: [0mdist/assets/CredentialsView-D22dAwl1.js                                                      21.79 kB │ gzip:     5.46 kB
[35mn8n-editor-ui:build: [0mdist/assets/ProjectVariables-C8gXmDk6.js                                                     22.95 kB │ gzip:     5.34 kB
[35mn8n-editor-ui:build: [0mdist/assets/usePushConnection-Bs5UsuCE.js                                                    23.78 kB │ gzip:     5.42 kB
[35mn8n-editor-ui:build: [0mdist/assets/WorkerView-DTPkZBD4.js                                                           24.19 kB │ gzip:     5.31 kB
[35mn8n-editor-ui:build: [0mdist/assets/SettingsSso-CH_8Om6v.js                                                          26.41 kB │ gzip:     4.82 kB
[35mn8n-editor-ui:build: [0mdist/assets/ExecutionsTime.vue_vue_type_script_setup_true_lang-BvcBmZui.js                   26.99 kB │ gzip:     4.85 kB
[35mn8n-editor-ui:build: [0mdist/assets/useChatCredentials-D-LKN1Fv.js                                                   27.04 kB │ gzip:     5.76 kB
[35mn8n-editor-ui:build: [0mdist/assets/EvaluationsRootView-CU6Q0ZHx.js                                                  27.43 kB │ gzip:     4.85 kB
[35mn8n-editor-ui:build: [0mdist/assets/ProjectHeader-BeIW4Z4C.js                                                        27.44 kB │ gzip:     5.79 kB
[35mn8n-editor-ui:build: [0mdist/assets/SettingsSourceControl-C8vhsniw.js                                                28.66 kB │ gzip:     4.80 kB
[35mn8n-editor-ui:build: [0mdist/assets/ChatAgentAvatar.vue_vue_type_script_setup_true_lang-saWeWLNO.js                  29.11 kB │ gzip:     6.14 kB
[35mn8n-editor-ui:build: [0mdist/assets/TestRunDetailView-BYkvnbdI.js                                                    31.71 kB │ gzip:     6.36 kB
[35mn8n-editor-ui:build: [0mdist/assets/WorkflowHistory-CirYUFiG.js                                                      32.49 kB │ gzip:     6.95 kB
[35mn8n-editor-ui:build: [0mdist/assets/WorkflowExecutionsPreview-BsOEdvSw.js                                            32.63 kB │ gzip:     6.20 kB
[35mn8n-editor-ui:build: [0mdist/assets/SettingsUsersView-DZOa-P15.js                                                    35.04 kB │ gzip:     6.98 kB
[35mn8n-editor-ui:build: [0mdist/assets/WorkflowExecutionsView-Bg-juMkH.js                                               37.03 kB │ gzip:     7.55 kB
[35mn8n-editor-ui:build: [0mdist/assets/RunDataTable-BxVZpiPe.js                                                         37.43 kB │ gzip:     7.47 kB
[35mn8n-editor-ui:build: [0mdist/assets/NavigationDropdown-8f9O4iD_.js                                                   39.63 kB │ gzip:     8.66 kB
[35mn8n-editor-ui:build: [0mdist/assets/useLogsTreeExpand-D5kKLdK9.js                                                    40.05 kB │ gzip:     9.83 kB
[35mn8n-editor-ui:build: [0mdist/assets/ExecutionsView-DYY1DWb-.js                                                       40.38 kB │ gzip:     7.82 kB
[35mn8n-editor-ui:build: [0mdist/assets/NodeDetailsViewV2-DcRKKTkQ.js                                                    41.91 kB │ gzip:     9.41 kB
[35mn8n-editor-ui:build: [0mdist/assets/SettingsMCPView-DndFpZ2W.js                                                      42.12 kB │ gzip:     7.01 kB
[35mn8n-editor-ui:build: [0mdist/assets/core-VM0Q8_BE.js                                                                 45.02 kB │ gzip:    12.44 kB
[35mn8n-editor-ui:build: [0mdist/assets/ChatView-Nqfi-_36.js                                                             46.44 kB │ gzip:     9.90 kB
[35mn8n-editor-ui:build: [0mdist/assets/NodeDetailsView-udxtVWd6.js                                                      47.48 kB │ gzip:    10.05 kB
[35mn8n-editor-ui:build: [0mdist/assets/ResourcesListLayout-JEK0ouZ1.js                                                  50.00 kB │ gzip:    10.24 kB
[35mn8n-editor-ui:build: [0mdist/assets/TemplatesSearchView-5J0JXu78.js                                                  51.06 kB │ gzip:    11.02 kB
[35mn8n-editor-ui:build: [0mdist/assets/MainSidebar-CvPEo7u5.js                                                          51.61 kB │ gzip:    10.23 kB
[35mn8n-editor-ui:build: [0mdist/assets/xml-CEChYd6O.js                                                                  54.76 kB │ gzip:    10.59 kB
[35mn8n-editor-ui:build: [0mdist/assets/ProjectSettings-DXpUQddB.js                                                      56.93 kB │ gzip:    11.73 kB
[35mn8n-editor-ui:build: [0mdist/assets/TriggerPanel-D0H1PdvJ.js                                                         64.69 kB │ gzip:    12.45 kB
[35mn8n-editor-ui:build: [0mdist/assets/SettingsLdapView-HtecayAl.js                                                     66.70 kB │ gzip:    14.13 kB
[35mn8n-editor-ui:build: [0mdist/assets/NodeCreator-Ciq7sypA.js                                                          70.75 kB │ gzip:    14.61 kB
[35mn8n-editor-ui:build: [0mdist/assets/readyToRunWorkflows.store-CvqYs3fl.js                                            71.64 kB │ gzip:    15.06 kB
[35mn8n-editor-ui:build: [0mdist/assets/MainHeader-CVD_ft5U.js                                                           87.40 kB │ gzip:    18.05 kB
[35mn8n-editor-ui:build: [0mdist/assets/NodeView-DObgaJZx.js                                                            117.35 kB │ gzip:    24.16 kB
[35mn8n-editor-ui:build: [0mdist/assets/WorkflowsView-Cv2XVIjf.js                                                       151.84 kB │ gzip:    25.57 kB
[35mn8n-editor-ui:build: [0mdist/assets/LogsPanel-tmjVks3r.js                                                           175.74 kB │ gzip:    36.17 kB
[35mn8n-editor-ui:build: [0mdist/assets/RunDataJsonActions-DmywNO4r.js                                                  209.11 kB │ gzip:    39.64 kB
[35mn8n-editor-ui:build: [0mdist/assets/InsightsDashboard-C8cVYRm7.js                                                   240.49 kB │ gzip:    41.57 kB
[35mn8n-editor-ui:build: [0mdist/assets/useImportCurlCommand-CeEFfXYt.js                                                341.95 kB │ gzip:    65.54 kB
[35mn8n-editor-ui:build: [0mdist/assets/languageModules-DIz5pNop.js                                                     401.99 kB │ gzip:   105.08 kB
[35mn8n-editor-ui:build: [0mdist/assets/index-CC3_ke61.js                                                             1,448.86 kB │ gzip:   376.09 kB
[35mn8n-editor-ui:build: [0mdist/assets/DataTableDetailsView-1g9MW71e.js                                              1,850.41 kB │ gzip:   398.49 kB
[35mn8n-editor-ui:build: [0mdist/assets/index-BaIV4Rhc.js                                                            15,144.14 kB │ gzip: 3,265.09 kB
[35mn8n-editor-ui:build: [0m✓ built in 4m 35s
[33mn8n:build: [0mcache miss, executing [2m4fc2f7fd1ff77b1c[0m
[33mn8n:build: [0m
[33mn8n:build: [0m> n8n@1.119.0 build /media/krist/CrucialX9/cursor-projects/projects/Project05/n8n/packages/cli
[33mn8n:build: [0m> tsc -p tsconfig.build.json && tsc-alias -p tsconfig.build.json && pnpm run build:data
[33mn8n:build: [0m
[33mn8n:build: [0m
[33mn8n:build: [0m> n8n@1.119.0 build:data /media/krist/CrucialX9/cursor-projects/projects/Project05/n8n/packages/cli
[33mn8n:build: [0m> node scripts/build.mjs
[33mn8n:build: [0m

[1m Tasks:    [32m[1m39 successful[0m, 39 total[0m
[1mCached:    [1m35 cached[0m, 39 total[0m
[1m  Time:    [1m5m1.727s[0m [0m

INFO: Generating third-party licenses...
$ cd /media/krist/CrucialX9/cursor-projects/projects/Project05/n8n && node scripts/generate-third-party-licenses.mjs
[34m🚀 Generating third-party licenses for n8n...[39m
[33m📊 Running license-checker...[39m
(node:55433) [DEP0170] DeprecationWarning: The URL git+ssh://git@github.com:apertureless/vue-chartjs.git is invalid. Future versions of Node.js will throw an error.
(Use `node --trace-deprecation ...` to show where the warning was created)
[32m✅ License data collected[39m
[32m✅ Parsed 2523 packages[39m
[33m📝 Building markdown document...[39m
[36m📦 Processed 2510 packages in 38 license groups[39m
[34mℹ️  Used fallback texts for: PSF, Custom: https://img.shields.io/npm/dw/, LGPL-3.0-or-later, UNKNOWN, CC-BY-3.0, (MIT OR CC0-1.0), Custom: http://en.wikipedia.org/wiki/Uuencoding, Custom: https://github.com/colinhacks/zod[39m
[32m✅ All license types have texts[39m
[32m[39m
[32m🎉 License generation completed successfully![39m
[32m📄 Output: /media/krist/CrucialX9/cursor-projects/projects/Project05/n8n/packages/cli/THIRD_PARTY_LICENSES.md[39m
[32m📦 Packages: 2510[39m
✅ Third-party licenses generated successfully
✅ pnpm install and build completed
✅ Package build completed in 5m 16s
-----------------------------------------------
INFO: Performing pre-deploy cleanup on package.json files...
$ cd /media/krist/CrucialX9/cursor-projects/projects/Project05/n8n && find . -name "package.json" -not -path "./node_modules/*" -not -path "*/node_modules/*" -not -path "./compiled/*" -type f
./docker/images/runners/package.json
./packages/cli/package.json
./packages/nodes-base/package.json
./packages/node-dev/package.json
./packages/testing/playwright/package.json
./packages/testing/containers/package.json
./packages/frontend/@n8n/i18n/package.json
./packages/frontend/@n8n/storybook/package.json
./packages/frontend/@n8n/chat/package.json
./packages/frontend/@n8n/composables/package.json
./packages/frontend/@n8n/design-system/package.json
./packages/frontend/@n8n/stores/package.json
./packages/frontend/@n8n/rest-api-client/package.json
./packages/frontend/editor-ui/package.json
./packages/workflow/package.json
./packages/extensions/insights/package.json
./packages/core/package.json
./packages/@n8n/backend-common/package.json
./packages/@n8n/errors/package.json
./packages/@n8n/extension-sdk/package.json
./packages/@n8n/decorators/package.json
./packages/@n8n/typescript-config/package.json
./packages/@n8n/db/package.json
./packages/@n8n/eslint-plugin-community-nodes/package.json
./packages/@n8n/scan-community-package/package.json
./packages/@n8n/json-schema-to-zod/dist/esm/package.json
./packages/@n8n/json-schema-to-zod/dist/cjs/package.json
./packages/@n8n/json-schema-to-zod/package.json
./packages/@n8n/config/package.json
./packages/@n8n/node-cli/dist/template/templates/programmatic/example/template/package.json
./packages/@n8n/node-cli/dist/template/templates/declarative/custom/template/package.json
./packages/@n8n/node-cli/dist/template/templates/declarative/github-issues/template/package.json
./packages/@n8n/node-cli/src/template/templates/programmatic/example/template/package.json
./packages/@n8n/node-cli/src/template/templates/declarative/custom/template/package.json
./packages/@n8n/node-cli/src/template/templates/declarative/github-issues/template/package.json
./packages/@n8n/node-cli/package.json
./packages/@n8n/nodes-langchain/package.json
./packages/@n8n/stylelint-config/package.json
./packages/@n8n/utils/package.json
./packages/@n8n/permissions/package.json
./packages/@n8n/imap/package.json
./packages/@n8n/constants/package.json
./packages/@n8n/vitest-config/package.json
./packages/@n8n/benchmark/package.json
./packages/@n8n/eslint-config/package.json
./packages/@n8n/backend-test-utils/package.json
./packages/@n8n/task-runner/package.json
./packages/@n8n/api-types/package.json
./packages/@n8n/create-node/package.json
./packages/@n8n/di/package.json
./packages/@n8n/ai-workflow-builder.ee/package.json
./packages/@n8n/client-oauth2/package.json
./packages/@n8n/codemirror-lang/package.json
./packages/@n8n/codemirror-lang-sql/package.json
./.github/scripts/package.json
./package.json
$ cd /media/krist/CrucialX9/cursor-projects/projects/Project05/n8n && node .github/scripts/trim-fe-packageJson.js
INFO: Performing selective patch cleanup...
✅ Kept backend patches: pdfjs-dist, pkce-challenge, bull
Removed FE/dev patches that are not in the list of backend patches to keep: pdfjs-dist, pkce-challenge, bull
INFO: Creating pruned production deployment in '/media/krist/CrucialX9/cursor-projects/projects/Project05/n8n/compiled'...
$ cd /media/krist/CrucialX9/cursor-projects/projects/Project05/n8n && NODE_ENV=production DOCKER_BUILD=true pnpm --filter=n8n --prod --legacy deploy --no-optional ./compiled
[43m[30m WARN [39m[49m Shared workspace lockfile detected but configuration forces legacy deploy implementation.
packages/cli                             | [43m[30m WARN [39m[49m [31mdeprecated[39m infisical-node@1.3.0
.                                        | [43m[30m WARN [39m[49m [31mdeprecated[39m supertest@7.1.1
packages/@n8n/codemirror-lang-sql        | [43m[30m WARN [39m[49m [31mdeprecated[39m @codemirror/text@0.19.6
packages/nodes-base                      | [43m[30m WARN [39m[49m [31mdeprecated[39m gm@1.25.1
[43m[30m WARN [39m[49m [31m26 deprecated subdependencies found:[39m @aws-sdk/protocol-http@3.374.0, @aws-sdk/signature-v4@3.374.0, @npmcli/move-file@1.1.2, abab@2.0.6, are-we-there-yet@3.0.1, bson@6.10.0, debuglog@1.0.1, domexception@4.0.0, gauge@4.0.4, glob@7.2.3, glob@8.1.0, inflight@1.0.6, lodash.get@4.4.2, mailsplit@5.4.0, node-domexception@1.0.0, npmlog@6.0.2, osenv@0.1.5, q@2.0.3, read-installed@4.0.3, read-package-json@2.1.2, readdir-scoped-modules@1.1.0, rimraf@2.6.3, rimraf@3.0.2, source-map@0.8.0-beta.0, superagent@10.2.1, yaeti@0.0.6
[43m[30m WARN [39m[49m Issues with peer dependencies found
[0mpackages/@n8n/eslint-config[0m
└─┬ @n8n/vitest-config [90m1.5.0[39m
  ├── [31m✕ missing peer[39m vite@catalog:
  └── [93m✕ unmet peer[39m vitest@catalog:: found 3.1.3
Peer dependencies that should be installed:
  vite@catalog:

[0mpackages/@n8n/eslint-plugin-community-nodes[0m
└─┬ @n8n/vitest-config [90m1.5.0[39m
  ├── [31m✕ missing peer[39m vite@catalog:
  └── [93m✕ unmet peer[39m vitest@catalog:: found 3.1.3
Peer dependencies that should be installed:
  vite@catalog:

[0mpackages/@n8n/imap[0m
├─┬ @n8n/vitest-config [90m1.5.0[39m
│ ├── [31m✕ missing peer[39m vite@catalog:
│ └── [31m✕ missing peer[39m vitest@catalog:
└─┬ vitest-mock-extended [90m3.1.0[39m
  └── [31m✕ missing peer[39m vitest@>=3.0.0
[31m✕ Conflicting peer dependencies:[39m
[31m  vitest[39m
Peer dependencies that should be installed:
  vite@catalog:

[0mpackages/@n8n/node-cli[0m
├─┬ @n8n/vitest-config [90m1.5.0[39m
│ ├── [31m✕ missing peer[39m vite@catalog:
│ └── [93m✕ unmet peer[39m vitest@catalog:: found 3.1.3
└─┬ eslint-plugin-n8n-nodes-base [90m1.16.3[39m
  └─┬ @typescript-eslint/utils [90m6.21.0[39m
    └── [93m✕ unmet peer[39m eslint@"^7.0.0 || ^8.0.0": found 9.29.0
Peer dependencies that should be installed:
  vite@catalog:

[0mpackages/@n8n/nodes-langchain[0m
├─┬ @browserbasehq/stagehand [90m1.9.0[39m
│ └── [93m✕ unmet peer[39m openai@^4.62.1: found 5.12.2
└─┬ @langchain/community [90m0.3.50[39m
  ├── [93m✕ unmet peer[39m mongodb@^6.17.0: found 6.11.0
  └── [93m✕ unmet peer[39m @qdrant/js-client-rest@^1.15.0: found 1.14.1

[0mpackages/@n8n/utils[0m
└─┬ @n8n/vitest-config [90m1.5.0[39m
  ├── [93m✕ unmet peer[39m vite@catalog:: found 5.4.11
  └── [93m✕ unmet peer[39m vitest@catalog:: found 3.1.3

[0mpackages/cli[0m
├─┬ epub2 [90m3.0.2[39m
│ └─┬ crlf-normalize [90m1.0.19[39m
│   └─┬ ts-type [90m3.0.1[39m
│     └── [31m✕ missing peer[39m ts-toolbelt@^9.6.0
├─┬ @n8n/n8n-nodes-langchain [90m1.118.0[39m
│ ├─┬ epub2 [90m3.0.2[39m
│ │ └── [31m✕ missing peer[39m ts-toolbelt@^9.6.0
│ └─┬ @langchain/community [90m0.3.50[39m
│   ├── [93m✕ unmet peer[39m mongodb@^6.17.0: found 6.11.0
│   └── [93m✕ unmet peer[39m @qdrant/js-client-rest@^1.15.0: found 1.14.1
└─┬ @browserbasehq/stagehand [90m1.9.0[39m
  ├── [93m✕ unmet peer[39m dotenv@^16.4.5: found 8.6.0
  └── [93m✕ unmet peer[39m openai@^4.62.1: found 5.12.2
Peer dependencies that should be installed:
  ts-toolbelt@">=9.6.0 <10.0.0-0"

[0mpackages/extensions/insights[0m
└─┬ @n8n/extension-sdk [90m0.8.0[39m
  ├── [93m✕ unmet peer[39m vue@catalog:frontend: found 3.5.13
  └── [93m✕ unmet peer[39m vue-router@catalog:frontend: found 4.5.0

[0mpackages/frontend/@n8n/composables[0m
└─┬ @n8n/vitest-config [90m1.5.0[39m
  ├── [93m✕ unmet peer[39m vite@catalog:: found 5.4.11
  └── [93m✕ unmet peer[39m vitest@catalog:: found 3.1.3

[0mpackages/frontend/@n8n/i18n[0m
└─┬ @n8n/vitest-config [90m1.5.0[39m
  ├── [93m✕ unmet peer[39m vite@catalog:: found 5.4.11
  └── [93m✕ unmet peer[39m vitest@catalog:: found 3.1.3

[0mpackages/frontend/@n8n/rest-api-client[0m
├─┬ @n8n/i18n [90m1.23.0[39m
│ ├── [31m✕ missing peer[39m vue@catalog:frontend
│ └─┬ vue-i18n [90m11.1.10[39m
│   └── [31m✕ missing peer[39m vue@^3.0.0
└─┬ @n8n/vitest-config [90m1.5.0[39m
  ├── [93m✕ unmet peer[39m vite@catalog:: found 5.4.11
  └── [93m✕ unmet peer[39m vitest@catalog:: found 3.1.3
[31m✕ Conflicting peer dependencies:[39m
[31m  vue[39m

[0mpackages/frontend/@n8n/stores[0m
└─┬ @n8n/vitest-config [90m1.5.0[39m
  ├── [93m✕ unmet peer[39m vite@catalog:: found 5.4.11
  └── [93m✕ unmet peer[39m vitest@catalog:: found 3.1.3

[0mpackages/frontend/@n8n/storybook[0m
├─┬ @chromatic-com/storybook [90m3.2.5[39m
│ └── [93m✕ unmet peer[39m storybook@"^8.2.0 || ^8.3.0-0 || ^8.4.0-0 || ^8.5.0-0 || ^8.6.0-0": found 9.1.7
└─┬ storybook-dark-mode [90m4.0.2[39m
  ├─┬ @storybook/manager-api [90m8.6.4[39m
  │ └── [93m✕ unmet peer[39m storybook@"^8.2.0 || ^8.3.0-0 || ^8.4.0-0 || ^8.5.0-0 || ^8.6.0-0": found 9.1.7
  ├─┬ @storybook/core-events [90m8.6.14[39m
  │ └── [93m✕ unmet peer[39m storybook@"^8.2.0 || ^8.3.0-0 || ^8.4.0-0 || ^8.5.0-0 || ^8.6.0-0": found 9.1.7
  ├─┬ @storybook/theming [90m8.6.4[39m
  │ └── [93m✕ unmet peer[39m storybook@"^8.2.0 || ^8.3.0-0 || ^8.4.0-0 || ^8.5.0-0 || ^8.6.0-0": found 9.1.7
  └─┬ @storybook/components [90m8.6.4[39m
    └── [93m✕ unmet peer[39m storybook@"^8.2.0 || ^8.3.0-0 || ^8.4.0-0 || ^8.5.0-0 || ^8.6.0-0": found 9.1.7

[0mpackages/testing/playwright[0m
├─┬ n8n [90m1.119.0[39m
│ └─┬ @n8n/n8n-nodes-langchain [90m1.118.0[39m
│   ├─┬ epub2 [90m3.0.2[39m
│   │ └── [31m✕ missing peer[39m ts-toolbelt@^9.6.0
│   └─┬ @langchain/community [90m0.3.50[39m
│     ├── ✕ unmet peer mongodb@^6.17.0: found 6.11.0 in @n8n/n8n-nodes-langchain
│     └── ✕ unmet peer @qdrant/js-client-rest@^1.15.0: found 1.14.1 in @n8n/n8n-nodes-langchain
└─┬ @browserbasehq/stagehand [90m1.9.0[39m
  └── [93m✕ unmet peer[39m openai@^4.62.1: found 5.12.2
Peer dependencies that should be installed:
  ts-toolbelt@^9.6.0

[0mpackages/workflow[0m
└─┬ @n8n/vitest-config [90m1.5.0[39m
  ├── [31m✕ missing peer[39m vite@catalog:
  └── [93m✕ unmet peer[39m vitest@catalog:: found 3.1.3
Peer dependencies that should be installed:
  vite@catalog:
INFO: Creating JavaScript task runner deployment in '/media/krist/CrucialX9/cursor-projects/projects/Project05/n8n/dist/task-runner-javascript'...
$ cd /media/krist/CrucialX9/cursor-projects/projects/Project05/n8n && NODE_ENV=production DOCKER_BUILD=true pnpm --filter=@n8n/task-runner --prod --legacy deploy --no-optional /media/krist/CrucialX9/cursor-projects/projects/Project05/n8n/dist/task-runner-javascript
[43m[30m WARN [39m[49m Shared workspace lockfile detected but configuration forces legacy deploy implementation.
.                                        | [43m[30m WARN [39m[49m [31mdeprecated[39m supertest@7.1.1
packages/@n8n/codemirror-lang-sql        | [43m[30m WARN [39m[49m [31mdeprecated[39m @codemirror/text@0.19.6
packages/nodes-base                      | [43m[30m WARN [39m[49m [31mdeprecated[39m gm@1.25.1
packages/cli                             | [43m[30m WARN [39m[49m [31mdeprecated[39m infisical-node@1.3.0
[43m[30m WARN [39m[49m [31m26 deprecated subdependencies found:[39m @aws-sdk/protocol-http@3.374.0, @aws-sdk/signature-v4@3.374.0, @npmcli/move-file@1.1.2, abab@2.0.6, are-we-there-yet@3.0.1, bson@6.10.0, debuglog@1.0.1, domexception@4.0.0, gauge@4.0.4, glob@7.2.3, glob@8.1.0, inflight@1.0.6, lodash.get@4.4.2, mailsplit@5.4.0, node-domexception@1.0.0, npmlog@6.0.2, osenv@0.1.5, q@2.0.3, read-installed@4.0.3, read-package-json@2.1.2, readdir-scoped-modules@1.1.0, rimraf@2.6.3, rimraf@3.0.2, source-map@0.8.0-beta.0, superagent@10.2.1, yaeti@0.0.6
[43m[30m WARN [39m[49m Issues with peer dependencies found
[0mpackages/@n8n/eslint-config[0m
└─┬ @n8n/vitest-config [90m1.5.0[39m
  ├── [31m✕ missing peer[39m vite@catalog:
  └── [93m✕ unmet peer[39m vitest@catalog:: found 3.1.3
Peer dependencies that should be installed:
  vite@catalog:

[0mpackages/@n8n/eslint-plugin-community-nodes[0m
└─┬ @n8n/vitest-config [90m1.5.0[39m
  ├── [31m✕ missing peer[39m vite@catalog:
  └── [93m✕ unmet peer[39m vitest@catalog:: found 3.1.3
Peer dependencies that should be installed:
  vite@catalog:

[0mpackages/@n8n/imap[0m
├─┬ @n8n/vitest-config [90m1.5.0[39m
│ ├── [31m✕ missing peer[39m vite@catalog:
│ └── [31m✕ missing peer[39m vitest@catalog:
└─┬ vitest-mock-extended [90m3.1.0[39m
  └── [31m✕ missing peer[39m vitest@>=3.0.0
[31m✕ Conflicting peer dependencies:[39m
[31m  vitest[39m
Peer dependencies that should be installed:
  vite@catalog:

[0mpackages/@n8n/node-cli[0m
├─┬ @n8n/vitest-config [90m1.5.0[39m
│ ├── [31m✕ missing peer[39m vite@catalog:
│ └── [93m✕ unmet peer[39m vitest@catalog:: found 3.1.3
└─┬ eslint-plugin-n8n-nodes-base [90m1.16.3[39m
  └─┬ @typescript-eslint/utils [90m6.21.0[39m
    └── [93m✕ unmet peer[39m eslint@"^7.0.0 || ^8.0.0": found 9.29.0
Peer dependencies that should be installed:
  vite@catalog:

[0mpackages/@n8n/nodes-langchain[0m
├─┬ @browserbasehq/stagehand [90m1.9.0[39m
│ └── [93m✕ unmet peer[39m openai@^4.62.1: found 5.12.2
└─┬ @langchain/community [90m0.3.50[39m
  ├── [93m✕ unmet peer[39m mongodb@^6.17.0: found 6.11.0
  └── [93m✕ unmet peer[39m @qdrant/js-client-rest@^1.15.0: found 1.14.1

[0mpackages/@n8n/utils[0m
└─┬ @n8n/vitest-config [90m1.5.0[39m
  ├── [93m✕ unmet peer[39m vite@catalog:: found 5.4.11
  └── [93m✕ unmet peer[39m vitest@catalog:: found 3.1.3

[0mpackages/cli[0m
├─┬ epub2 [90m3.0.2[39m
│ └─┬ crlf-normalize [90m1.0.19[39m
│   └─┬ ts-type [90m3.0.1[39m
│     └── [31m✕ missing peer[39m ts-toolbelt@^9.6.0
├─┬ @n8n/n8n-nodes-langchain [90m1.118.0[39m
│ ├─┬ epub2 [90m3.0.2[39m
│ │ └── [31m✕ missing peer[39m ts-toolbelt@^9.6.0
│ └─┬ @langchain/community [90m0.3.50[39m
│   ├── [93m✕ unmet peer[39m mongodb@^6.17.0: found 6.11.0
│   └── [93m✕ unmet peer[39m @qdrant/js-client-rest@^1.15.0: found 1.14.1
└─┬ @browserbasehq/stagehand [90m1.9.0[39m
  ├── [93m✕ unmet peer[39m dotenv@^16.4.5: found 8.6.0
  └── [93m✕ unmet peer[39m openai@^4.62.1: found 5.12.2
Peer dependencies that should be installed:
  ts-toolbelt@">=9.6.0 <10.0.0-0"

[0mpackages/extensions/insights[0m
└─┬ @n8n/extension-sdk [90m0.8.0[39m
  ├── [93m✕ unmet peer[39m vue@catalog:frontend: found 3.5.13
  └── [93m✕ unmet peer[39m vue-router@catalog:frontend: found 4.5.0

[0mpackages/frontend/@n8n/composables[0m
└─┬ @n8n/vitest-config [90m1.5.0[39m
  ├── [93m✕ unmet peer[39m vite@catalog:: found 5.4.11
  └── [93m✕ unmet peer[39m vitest@catalog:: found 3.1.3

[0mpackages/frontend/@n8n/i18n[0m
└─┬ @n8n/vitest-config [90m1.5.0[39m
  ├── [93m✕ unmet peer[39m vite@catalog:: found 5.4.11
  └── [93m✕ unmet peer[39m vitest@catalog:: found 3.1.3

[0mpackages/frontend/@n8n/rest-api-client[0m
├─┬ @n8n/i18n [90m1.23.0[39m
│ ├── [31m✕ missing peer[39m vue@catalog:frontend
│ └─┬ vue-i18n [90m11.1.10[39m
│   └── [31m✕ missing peer[39m vue@^3.0.0
└─┬ @n8n/vitest-config [90m1.5.0[39m
  ├── [93m✕ unmet peer[39m vite@catalog:: found 5.4.11
  └── [93m✕ unmet peer[39m vitest@catalog:: found 3.1.3
[31m✕ Conflicting peer dependencies:[39m
[31m  vue[39m

[0mpackages/frontend/@n8n/stores[0m
└─┬ @n8n/vitest-config [90m1.5.0[39m
  ├── [93m✕ unmet peer[39m vite@catalog:: found 5.4.11
  └── [93m✕ unmet peer[39m vitest@catalog:: found 3.1.3

[0mpackages/frontend/@n8n/storybook[0m
├─┬ @chromatic-com/storybook [90m3.2.5[39m
│ └── [93m✕ unmet peer[39m storybook@"^8.2.0 || ^8.3.0-0 || ^8.4.0-0 || ^8.5.0-0 || ^8.6.0-0": found 9.1.7
└─┬ storybook-dark-mode [90m4.0.2[39m
  ├─┬ @storybook/manager-api [90m8.6.4[39m
  │ └── [93m✕ unmet peer[39m storybook@"^8.2.0 || ^8.3.0-0 || ^8.4.0-0 || ^8.5.0-0 || ^8.6.0-0": found 9.1.7
  ├─┬ @storybook/core-events [90m8.6.14[39m
  │ └── [93m✕ unmet peer[39m storybook@"^8.2.0 || ^8.3.0-0 || ^8.4.0-0 || ^8.5.0-0 || ^8.6.0-0": found 9.1.7
  ├─┬ @storybook/theming [90m8.6.4[39m
  │ └── [93m✕ unmet peer[39m storybook@"^8.2.0 || ^8.3.0-0 || ^8.4.0-0 || ^8.5.0-0 || ^8.6.0-0": found 9.1.7
  └─┬ @storybook/components [90m8.6.4[39m
    └── [93m✕ unmet peer[39m storybook@"^8.2.0 || ^8.3.0-0 || ^8.4.0-0 || ^8.5.0-0 || ^8.6.0-0": found 9.1.7

[0mpackages/testing/playwright[0m
├─┬ n8n [90m1.119.0[39m
│ └─┬ @n8n/n8n-nodes-langchain [90m1.118.0[39m
│   ├─┬ epub2 [90m3.0.2[39m
│   │ └── [31m✕ missing peer[39m ts-toolbelt@^9.6.0
│   └─┬ @langchain/community [90m0.3.50[39m
│     ├── ✕ unmet peer mongodb@^6.17.0: found 6.11.0 in @n8n/n8n-nodes-langchain
│     └── ✕ unmet peer @qdrant/js-client-rest@^1.15.0: found 1.14.1 in @n8n/n8n-nodes-langchain
└─┬ @browserbasehq/stagehand [90m1.9.0[39m
  └── [93m✕ unmet peer[39m openai@^4.62.1: found 5.12.2
Peer dependencies that should be installed:
  ts-toolbelt@^9.6.0

[0mpackages/workflow[0m
└─┬ @n8n/vitest-config [90m1.5.0[39m
  ├── [31m✕ missing peer[39m vite@catalog:
  └── [93m✕ unmet peer[39m vitest@catalog:: found 3.1.3
Peer dependencies that should be installed:
  vite@catalog:
$ du -sh /media/krist/CrucialX9/cursor-projects/projects/Project05/n8n/compiled | cut -f1
1,1G
$ du -sh /media/krist/CrucialX9/cursor-projects/projects/Project05/n8n/dist/task-runner-javascript | cut -f1
162M
✅ Package deployment completed in 1m 18s
INFO: Size of /media/krist/CrucialX9/cursor-projects/projects/Project05/n8n/compiled: 1,1G
-----------------------------------------------

================ BUILD SUMMARY ================
✅ n8n built successfully!

📦 Build Output:
   n8n:
   Directory:      /media/krist/CrucialX9/cursor-projects/projects/Project05/n8n/compiled
   Size:           1,1G

   task-runner-javascript:
   Directory:      /media/krist/CrucialX9/cursor-projects/projects/Project05/n8n/dist/task-runner-javascript
   Size:           162M

⏱️  Build Times:
   Package Build:  5m 16s
   Package Deploy: 1m 18s
   -----------------------------
   Total Time:     6m 46s

📋 Build Manifests:
   /media/krist/CrucialX9/cursor-projects/projects/Project05/n8n/compiled/build-manifest.json
   /media/krist/CrucialX9/cursor-projects/projects/Project05/n8n/dist/task-runner-javascript/build-manifest.json
==============================================
